-- MySQL dump 10.13  Distrib 8.0.16, for macos10.14 (x86_64)
--
-- Host: localhost    Database: olympics
-- ------------------------------------------------------
-- Server version	8.0.16

/*!40101 SET @OLD_CHARACTER_SET_CLIENT=@@CHARACTER_SET_CLIENT */;
/*!40101 SET @OLD_CHARACTER_SET_RESULTS=@@CHARACTER_SET_RESULTS */;
/*!40101 SET @OLD_COLLATION_CONNECTION=@@COLLATION_CONNECTION */;
 SET NAMES utf8mb4 ;
/*!40103 SET @OLD_TIME_ZONE=@@TIME_ZONE */;
/*!40103 SET TIME_ZONE='+00:00' */;
/*!40014 SET @OLD_UNIQUE_CHECKS=@@UNIQUE_CHECKS, UNIQUE_CHECKS=0 */;
/*!40014 SET @OLD_FOREIGN_KEY_CHECKS=@@FOREIGN_KEY_CHECKS, FOREIGN_KEY_CHECKS=0 */;
/*!40101 SET @OLD_SQL_MODE=@@SQL_MODE, SQL_MODE='NO_AUTO_VALUE_ON_ZERO' */;
/*!40111 SET @OLD_SQL_NOTES=@@SQL_NOTES, SQL_NOTES=0 */;

--
-- Table structure for table `city`
--

DROP TABLE IF EXISTS `city`;
/*!40101 SET @saved_cs_client     = @@character_set_client */;
 SET character_set_client = utf8mb4 ;
CREATE TABLE `city` (
  `id` int(10) unsigned NOT NULL AUTO_INCREMENT,
  `city_name` varchar(150) NOT NULL,
  `country_id` int(10) unsigned DEFAULT NULL,
  PRIMARY KEY (`id`),
  KEY `city_country_id_fk` (`country_id`),
  CONSTRAINT `city_country_id_fk` FOREIGN KEY (`country_id`) REFERENCES `country` (`id`)
) ENGINE=InnoDB AUTO_INCREMENT=24 DEFAULT CHARSET=utf8;
/*!40101 SET character_set_client = @saved_cs_client */;

--
-- Dumping data for table `city`
--

LOCK TABLES `city` WRITE;
/*!40000 ALTER TABLE `city` DISABLE KEYS */;
INSERT INTO `city` VALUES (1,'Amsterdam',137),(2,'Anvers',18),(3,'Athènes',76),(4,'Atlanta',201),(5,'Barcelone',61),(6,'Berlin',74),(7,'Helsinki',65),(8,'Londres',70),(9,'Los Angeles',201),(10,'Melbourne',11),(11,'Mexico',123),(12,'Montréal',34),(13,'Moscou',162),(14,'Munich',74),(15,'Paris',66),(16,'Pékin',39),(17,'Rio de Janeiro',27),(18,'Rome',94),(19,'Saint-Louis',201),(20,'Séoul',104),(21,'Stockholm',182),(22,'Sydney',11),(23,'Tokyo',98);
/*!40000 ALTER TABLE `city` ENABLE KEYS */;
UNLOCK TABLES;

--
-- Table structure for table `country`
--

DROP TABLE IF EXISTS `country`;
/*!40101 SET @saved_cs_client     = @@character_set_client */;
 SET character_set_client = utf8mb4 ;
CREATE TABLE `country` (
  `id` int(10) unsigned NOT NULL AUTO_INCREMENT,
  `flag` varchar(255) DEFAULT NULL,
  `code` varchar(5) NOT NULL,
  `country_name` varchar(150) NOT NULL,
  PRIMARY KEY (`id`)
) ENGINE=InnoDB AUTO_INCREMENT=265 DEFAULT CHARSET=utf8;
/*!40101 SET character_set_client = @saved_cs_client */;

--
-- Dumping data for table `country`
--

LOCK TABLES `country` WRITE;
/*!40000 ALTER TABLE `country` DISABLE KEYS */;
INSERT INTO `country` VALUES (1,'https://fr.wikipedia.org/wiki/Fichier:Flag_of_Afghanistan.svg','AFG','Afghanistan'),(2,'https://fr.wikipedia.org/wiki/Fichier:Flag_of_Albania.svg','ALB','Albanie'),(3,'https://fr.wikipedia.org/wiki/Fichier:Flag_of_Algeria.svg','ALG','Algérie'),(4,'https://fr.wikipedia.org/wiki/Fichier:Flag_of_Andorra.svg','AND','Andorre'),(5,'https://fr.wikipedia.org/wiki/Fichier:Flag_of_Angola.svg','ANG','Angola'),(6,'https://fr.wikipedia.org/wiki/Fichier:Flag_of_Antigua_and_Barbuda.svg','ANT','Antigua-et-Barbuda'),(7,'https://fr.wikipedia.org/wiki/Fichier:Flag_of_Argentina.svg','ARG','Argentine'),(8,'https://fr.wikipedia.org/wiki/Fichier:Flag_of_Armenia.svg','ARM','Arménie'),(9,'https://fr.wikipedia.org/wiki/Fichier:Flag_of_Aruba.svg','ARU','Aruba'),(10,'https://fr.wikipedia.org/wiki/Fichier:Flag_of_American_Samoa.svg','ASA','Samoa américaines'),(11,'https://fr.wikipedia.org/wiki/Fichier:Flag_of_Australia.svg','AUS','Australie'),(12,'https://fr.wikipedia.org/wiki/Fichier:Flag_of_Austria.svg','AUT','Autriche'),(13,'https://fr.wikipedia.org/wiki/Fichier:Flag_of_Azerbaijan.svg','AZE','Azerbaïdjan'),(14,'https://fr.wikipedia.org/wiki/Fichier:Bahamas_Flag.svg','BAH','Bahamas'),(15,'https://fr.wikipedia.org/wiki/Fichier:Flag_of_Bangladesh.svg','BAN','Bangladesh'),(16,'https://fr.wikipedia.org/wiki/Fichier:Flag_of_Barbados.svg','BAR','Barbade'),(17,'https://fr.wikipedia.org/wiki/Fichier:Flag_of_Burundi.svg','BDI','Burundi'),(18,'https://fr.wikipedia.org/wiki/Fichier:Flag_of_Belgium_(civil).svg','BEL','Belgique'),(19,'https://fr.wikipedia.org/wiki/Fichier:Flag_of_Benin.svg','BEN','Bénin'),(20,'https://fr.wikipedia.org/wiki/Fichier:Flag_of_Bermuda.svg','BER','Bermudes'),(21,'https://fr.wikipedia.org/wiki/Fichier:Flag_of_Bhutan.svg','BHU','Bhoutan'),(22,'https://fr.wikipedia.org/wiki/Fichier:Flag_of_Bosnia_and_Herzegovina.svg','BIH','Bosnie-Herzégovine'),(23,'https://fr.wikipedia.org/wiki/Fichier:Flag_of_Belize.svg','BIZ','Belize'),(24,'https://fr.wikipedia.org/wiki/Fichier:Flag_of_Belarus.svg','BLR','Biélorussie'),(25,'https://fr.wikipedia.org/wiki/Fichier:Flag_of_Bolivia.svg','BOL','Bolivie'),(26,'https://fr.wikipedia.org/wiki/Fichier:Flag_of_Botswana.svg','BOT','Botswana'),(27,'https://fr.wikipedia.org/wiki/Fichier:Flag_of_Brazil.svg','BRA','Brésil'),(28,'https://fr.wikipedia.org/wiki/Fichier:Flag_of_Bahrain.svg','BRN','Bahreïn'),(29,'https://fr.wikipedia.org/wiki/Fichier:Flag_of_Brunei.svg','BRU','Brunei'),(30,'https://fr.wikipedia.org/wiki/Fichier:Flag_of_Bulgaria.svg','BUL','Bulgarie'),(31,'https://fr.wikipedia.org/wiki/Fichier:Flag_of_Burkina_Faso.svg','BUR','Burkina Faso'),(32,'https://fr.wikipedia.org/wiki/Fichier:Flag_of_the_Central_African_Republic.svg','CAF','République centrafricaine'),(33,'https://fr.wikipedia.org/wiki/Fichier:Flag_of_Cambodia.svg','CAM','Cambodge'),(34,'https://fr.wikipedia.org/wiki/Fichier:Flag_of_Canada.svg','CAN','Canada'),(35,'https://fr.wikipedia.org/wiki/Fichier:Flag_of_the_Cayman_Islands.svg','CAY','Îles Caïmans'),(36,'https://fr.wikipedia.org/wiki/Fichier:Flag_of_the_Republic_of_the_Congo.svg','CGO','République du Congo'),(37,'https://fr.wikipedia.org/wiki/Fichier:Flag_of_Chad.svg','CHA','Tchad'),(38,'https://fr.wikipedia.org/wiki/Fichier:Flag_of_Chile.svg','CHI','Chili'),(39,'https://fr.wikipedia.org/wiki/Fichier:Flag_of_the_People%27s_Republic_of_China.svg','CHN','Chine'),(40,'https://fr.wikipedia.org/wiki/Fichier:Flag_of_C%C3%B4te_d%27Ivoire.svg','CIV','Côte d\'Ivoire'),(41,'https://fr.wikipedia.org/wiki/Fichier:Flag_of_Cameroon.svg','CMR','Cameroun'),(42,'https://fr.wikipedia.org/wiki/Fichier:Flag_of_the_Democratic_Republic_of_the_Congo.svg','COD','République démocratique du Congo'),(43,'https://fr.wikipedia.org/wiki/Fichier:Flag_of_the_Cook_Islands.svg','COK','Îles Cook'),(44,'https://fr.wikipedia.org/wiki/Fichier:Flag_of_Colombia.svg','COL','Colombie'),(45,'https://fr.wikipedia.org/wiki/Fichier:Flag_of_the_Comoros.svg','COM','Comores'),(47,'https://fr.wikipedia.org/wiki/Fichier:Flag_of_Cape_Verde.svg','CPV','Cap-Vert'),(48,'https://fr.wikipedia.org/wiki/Fichier:Flag_of_Costa_Rica.svg','CRC','Costa Rica'),(49,'https://fr.wikipedia.org/wiki/Fichier:Flag_of_Croatia.svg','CRO','Croatie'),(50,'https://fr.wikipedia.org/wiki/Fichier:Flag_of_Cuba.svg','CUB','Cuba'),(51,'https://fr.wikipedia.org/wiki/Fichier:Flag_of_Cyprus.svg','CYP','Chypre'),(52,'https://fr.wikipedia.org/wiki/Fichier:Flag_of_the_Czech_Republic.svg','CZE','République tchèque'),(53,'https://fr.wikipedia.org/wiki/Fichier:Flag_of_Denmark.svg','DEN','Danemark'),(54,'https://fr.wikipedia.org/wiki/Fichier:Flag_of_Djibouti.svg','DJI','Djibouti'),(55,'https://fr.wikipedia.org/wiki/Fichier:Flag_of_Dominica.svg','DMA','Dominique'),(56,'https://fr.wikipedia.org/wiki/Fichier:Flag_of_the_Dominican_Republic.svg','DOM','République dominicaine'),(57,'https://fr.wikipedia.org/wiki/Fichier:Flag_of_Ecuador.svg','ECU','Équateur'),(58,'https://fr.wikipedia.org/wiki/Fichier:Flag_of_Egypt.svg','EGY','Égypte'),(59,'https://fr.wikipedia.org/wiki/Fichier:Flag_of_Eritrea.svg','ERI','Érythrée'),(60,'https://fr.wikipedia.org/wiki/Fichier:Flag_of_El_Salvador.svg','ESA','Salvador'),(61,'https://fr.wikipedia.org/wiki/Fichier:Flag_of_Spain.svg','ESP','Espagne'),(62,'https://fr.wikipedia.org/wiki/Fichier:Flag_of_Estonia.svg','EST','Estonie'),(63,'https://fr.wikipedia.org/wiki/Fichier:Flag_of_Ethiopia.svg','ETH','Éthiopie'),(64,'https://fr.wikipedia.org/wiki/Fichier:Flag_of_Fiji.svg','FIJ','Fidji'),(65,'https://fr.wikipedia.org/wiki/Fichier:Flag_of_Finland.svg','FIN','Finlande'),(66,'https://fr.wikipedia.org/wiki/Fichier:Flag_of_France.svg','FRA','France'),(67,'https://fr.wikipedia.org/wiki/Fichier:Flag_of_the_Federated_States_of_Micronesia.svg','FSM','États fédérés de Micronésie'),(68,'https://fr.wikipedia.org/wiki/Fichier:Flag_of_Gabon.svg','GAB','Gabon'),(69,'https://fr.wikipedia.org/wiki/Fichier:Flag_of_The_Gambia.svg','GAM','Gambie'),(70,'https://fr.wikipedia.org/wiki/Fichier:Flag_of_the_United_Kingdom.svg','GBR','Royaume-Uni'),(71,'https://fr.wikipedia.org/wiki/Fichier:Flag_of_Guinea-Bissau.svg','GBS','Guinée-Bissau'),(72,'https://fr.wikipedia.org/wiki/Fichier:Flag_of_Georgia.svg','GEO','Géorgie'),(73,'https://fr.wikipedia.org/wiki/Fichier:Flag_of_Equatorial_Guinea.svg','GEQ','Guinée équatoriale'),(74,'https://fr.wikipedia.org/wiki/Fichier:Flag_of_Germany.svg','GER','Allemagne'),(75,'https://fr.wikipedia.org/wiki/Fichier:Flag_of_Ghana.svg','GHA','Ghana'),(76,'https://fr.wikipedia.org/wiki/Fichier:Flag_of_Greece.svg','GRE','Grèce'),(77,'https://fr.wikipedia.org/wiki/Fichier:Flag_of_Grenada.svg','GRN','Grenade'),(78,'https://fr.wikipedia.org/wiki/Fichier:Flag_of_Guatemala.svg','GUA','Guatemala'),(79,'https://fr.wikipedia.org/wiki/Fichier:Flag_of_Guinea.svg','GUI','Guinée'),(80,'https://fr.wikipedia.org/wiki/Fichier:Flag_of_Guam.svg','GUM','Guam'),(81,'https://fr.wikipedia.org/wiki/Fichier:Flag_of_Guyana.svg','GUY','Guyana'),(82,'https://fr.wikipedia.org/wiki/Fichier:Flag_of_Haiti.svg','HAI','Haïti'),(83,'https://fr.wikipedia.org/wiki/Fichier:Flag_of_Hong_Kong.svg','HKG','Hong Kong'),(84,'https://fr.wikipedia.org/wiki/Fichier:Flag_of_Honduras.svg','HON','Honduras'),(85,'https://fr.wikipedia.org/wiki/Fichier:Flag_of_Hungary.svg','HUN','Hongrie'),(86,'https://fr.wikipedia.org/wiki/Fichier:Flag_of_Indonesia.svg','INA','Indonésie'),(87,'https://fr.wikipedia.org/wiki/Fichier:Flag_of_India.svg','IND','Inde'),(88,'https://fr.wikipedia.org/wiki/Fichier:Flag_of_Iran.svg','IRI','Iran'),(89,'https://fr.wikipedia.org/wiki/Fichier:Flag_of_Ireland.svg','IRL','Irlande'),(90,'https://fr.wikipedia.org/wiki/Fichier:Flag_of_Iraq.svg','IRQ','Irak'),(91,'https://fr.wikipedia.org/wiki/Fichier:Flag_of_Iceland.svg','ISL','Islande'),(92,'https://fr.wikipedia.org/wiki/Fichier:Flag_of_Israel.svg','ISR','Israël'),(93,'https://fr.wikipedia.org/wiki/Fichier:Flag_of_the_United_States_Virgin_Islands.svg','ISV','Îles Vierges des États-Unis'),(94,'https://fr.wikipedia.org/wiki/Fichier:Flag_of_Italy.svg','ITA','Italie'),(95,'https://fr.wikipedia.org/wiki/Fichier:Flag_of_the_British_Virgin_Islands.svg','IVB','Îles Vierges britanniques'),(96,'https://fr.wikipedia.org/wiki/Fichier:Flag_of_Jamaica.svg','JAM','Jamaïque'),(97,'https://fr.wikipedia.org/wiki/Fichier:Flag_of_Jordan.svg','JOR','Jordanie'),(98,'https://fr.wikipedia.org/wiki/Fichier:Flag_of_Japan.svg','JPN','Japon'),(99,'https://fr.wikipedia.org/wiki/Fichier:Flag_of_Kazakhstan.svg','KAZ','Kazakhstan'),(100,'https://fr.wikipedia.org/wiki/Fichier:Flag_of_Kenya.svg','KEN','Kenya'),(101,'https://fr.wikipedia.org/wiki/Fichier:Flag_of_Kyrgyzstan.svg','KGZ','Kirghizistan'),(102,'https://fr.wikipedia.org/wiki/Fichier:Flag_of_Kiribati.svg','KIR','Kiribati'),(103,'https://fr.wikipedia.org/wiki/Fichier:Flag_of_Kosovo.svg','KOS','Kosovo'),(104,'https://fr.wikipedia.org/wiki/Fichier:Flag_of_South_Korea.svg','KOR','Corée du Sud'),(105,'https://fr.wikipedia.org/wiki/Fichier:Flag_of_Saudi_Arabia.svg','KSA','Arabie saoudite'),(106,'https://fr.wikipedia.org/wiki/Fichier:Flag_of_Kuwait.svg','KUW','Koweït'),(107,'https://fr.wikipedia.org/wiki/Fichier:Flag_of_Laos.svg','LAO','Laos'),(108,'https://fr.wikipedia.org/wiki/Fichier:Flag_of_Latvia.svg','LAT','Lettonie'),(109,'https://fr.wikipedia.org/wiki/Fichier:Flag_of_Libya.svg','LBA','Libye'),(110,'https://fr.wikipedia.org/wiki/Fichier:Flag_of_Lebanon.svg','LBN','Liban'),(111,'https://fr.wikipedia.org/wiki/Fichier:Flag_of_Liberia.svg','LBR','Liberia'),(112,'https://fr.wikipedia.org/wiki/Fichier:Flag_of_Saint_Lucia.svg','LCA','Sainte-Lucie'),(113,'https://fr.wikipedia.org/wiki/Fichier:Flag_of_Lesotho.svg','LES','Lesotho'),(114,'https://fr.wikipedia.org/wiki/Fichier:Flag_of_Liechtenstein.svg','LIE','Liechtenstein'),(115,'https://fr.wikipedia.org/wiki/Fichier:Flag_of_Lithuania.svg','LTU','Lituanie'),(116,'https://fr.wikipedia.org/wiki/Fichier:Flag_of_Luxembourg.svg','LUX','Luxembourg'),(117,'https://fr.wikipedia.org/wiki/Fichier:Flag_of_Madagascar.svg','MAD','Madagascar'),(118,'https://fr.wikipedia.org/wiki/Fichier:Flag_of_Morocco.svg','MAR','Maroc'),(119,'https://fr.wikipedia.org/wiki/Fichier:Flag_of_Malaysia.svg','MAS','Malaisie'),(120,'https://fr.wikipedia.org/wiki/Fichier:Flag_of_Malawi.svg','MAW','Malawi'),(121,'https://fr.wikipedia.org/wiki/Fichier:Flag_of_Moldova.svg','MDA','Moldavie'),(122,'https://fr.wikipedia.org/wiki/Fichier:Flag_of_Maldives.svg','MDV','Maldives'),(123,'https://fr.wikipedia.org/wiki/Fichier:Flag_of_Mexico.svg','MEX','Mexique'),(124,'https://fr.wikipedia.org/wiki/Fichier:Flag_of_Mongolia.svg','MGL','Mongolie'),(125,'https://fr.wikipedia.org/wiki/Fichier:Flag_of_the_Marshall_Islands.svg','MHL','Îles Marshall'),(126,'https://fr.wikipedia.org/wiki/Fichier:Flag_of_North_Macedonia.svg','MKD','Macédoine du Nord'),(127,'https://fr.wikipedia.org/wiki/Fichier:Flag_of_Mali.svg','MLI','Mali'),(128,'https://fr.wikipedia.org/wiki/Fichier:Flag_of_Malta.svg','MLT','Malte'),(129,'https://fr.wikipedia.org/wiki/Fichier:Flag_of_Montenegro.svg','MNE','Monténégro'),(130,'https://fr.wikipedia.org/wiki/Fichier:Flag_of_Monaco.svg','MON','Monaco'),(131,'https://fr.wikipedia.org/wiki/Fichier:Flag_of_Mozambique.svg','MOZ','Mozambique'),(132,'https://fr.wikipedia.org/wiki/Fichier:Flag_of_Mauritius.svg','MRI','Maurice'),(133,'https://fr.wikipedia.org/wiki/Fichier:Flag_of_Mauritania.svg','MTN','Mauritanie'),(134,'https://fr.wikipedia.org/wiki/Fichier:Flag_of_Myanmar.svg','MYA','Birmanie'),(135,'https://fr.wikipedia.org/wiki/Fichier:Flag_of_Namibia.svg','NAM','Namibie'),(136,'https://fr.wikipedia.org/wiki/Fichier:Flag_of_Nicaragua.svg','NCA','Nicaragua'),(137,'https://fr.wikipedia.org/wiki/Fichier:Flag_of_the_Netherlands.svg','NED','Pays-Bas'),(138,'https://fr.wikipedia.org/wiki/Fichier:Flag_of_Nepal.svg','NEP','Népal'),(139,'https://fr.wikipedia.org/wiki/Fichier:Flag_of_Nigeria.svg','NGR','Nigeria'),(140,'https://fr.wikipedia.org/wiki/Fichier:Flag_of_Niger.svg','NIG','Niger'),(141,'https://fr.wikipedia.org/wiki/Fichier:Flag_of_Norway.svg','NOR','Norvège'),(142,'https://fr.wikipedia.org/wiki/Fichier:Flag_of_Nauru.svg','NRU','Nauru'),(143,'https://fr.wikipedia.org/wiki/Fichier:Flag_of_New_Zealand.svg','NZL','Nouvelle-Zélande'),(145,'https://fr.wikipedia.org/wiki/Fichier:Flag_of_Oman.svg','OMA','Oman'),(146,'https://fr.wikipedia.org/wiki/Fichier:Flag_of_Pakistan.svg','PAK','Pakistan'),(147,'https://fr.wikipedia.org/wiki/Fichier:Flag_of_Panama.svg','PAN','Panama'),(148,'https://fr.wikipedia.org/wiki/Fichier:Flag_of_Paraguay.svg','PAR','Paraguay'),(149,'https://fr.wikipedia.org/wiki/Fichier:Flag_of_Peru.svg','PER','Pérou'),(150,'https://fr.wikipedia.org/wiki/Fichier:Flag_of_the_Philippines.svg','PHI','Philippines'),(151,'https://fr.wikipedia.org/wiki/Fichier:Flag_of_Palestine.svg','PLE','Palestine'),(152,'https://fr.wikipedia.org/wiki/Fichier:Flag_of_Palau.svg','PLW','Palaos'),(153,'https://fr.wikipedia.org/wiki/Fichier:Flag_of_Papua_New_Guinea.svg','PNG','Papouasie-Nouvelle-Guinée'),(154,'https://fr.wikipedia.org/wiki/Fichier:Flag_of_Poland.svg','POL','Pologne'),(155,'https://fr.wikipedia.org/wiki/Fichier:Flag_of_Portugal.svg','POR','Portugal'),(156,'https://fr.wikipedia.org/wiki/Fichier:Flag_of_North_Korea.svg','PRK','Corée du Nord'),(157,'https://fr.wikipedia.org/wiki/Fichier:Flag_of_Puerto_Rico.svg','PUR','Porto Rico'),(158,'https://fr.wikipedia.org/wiki/Fichier:Flag_of_Qatar.svg','QAT','Qatar'),(159,'https://fr.wikipedia.org/wiki/Fichier:Olympic_flag.svg','ROT','Équipe olympique des réfugiés'),(160,'https://fr.wikipedia.org/wiki/Fichier:Flag_of_Romania.svg','ROU','Roumanie'),(161,'https://fr.wikipedia.org/wiki/Fichier:Flag_of_South_Africa.svg','RSA','Afrique du Sud'),(162,'https://fr.wikipedia.org/wiki/Fichier:Flag_of_Russia.svg','RUS','Russie'),(163,'https://fr.wikipedia.org/wiki/Fichier:Flag_of_Rwanda.svg','RWA','Rwanda'),(164,'https://fr.wikipedia.org/wiki/Fichier:Flag_of_Samoa.svg','SAM','Samoa'),(165,'https://fr.wikipedia.org/wiki/Fichier:Flag_of_Senegal.svg','SEN','Sénégal'),(166,'https://fr.wikipedia.org/wiki/Fichier:Flag_of_Seychelles.svg','SEY','Seychelles'),(167,'https://fr.wikipedia.org/wiki/Fichier:Flag_of_Singapore.svg','SIN','Singapour'),(168,'https://fr.wikipedia.org/wiki/Fichier:Flag_of_Saint_Kitts_and_Nevis.svg','SKN','Saint-Christophe-et-Niévès'),(169,'https://fr.wikipedia.org/wiki/Fichier:Flag_of_Sierra_Leone.svg','SLE','Sierra Leone'),(170,'https://fr.wikipedia.org/wiki/Fichier:Flag_of_Slovenia.svg','SLO','Slovénie'),(171,'https://fr.wikipedia.org/wiki/Fichier:Flag_of_San_Marino.svg','SMR','Saint-Marin'),(172,'https://fr.wikipedia.org/wiki/Fichier:Flag_of_the_Solomon_Islands.svg','SOL','Salomon'),(173,'https://fr.wikipedia.org/wiki/Fichier:Flag_of_Somalia.svg','SOM','Somalie'),(174,'https://fr.wikipedia.org/wiki/Fichier:Flag_of_Serbia.svg','SRB','Serbie'),(175,'https://fr.wikipedia.org/wiki/Fichier:Flag_of_Sri_Lanka.svg','SRI','Sri Lanka'),(176,'https://fr.wikipedia.org/wiki/Fichier:Flag_of_South_Sudan.svg','SSD','Soudan du Sud'),(177,'https://fr.wikipedia.org/wiki/Fichier:Flag_of_Sao_Tome_and_Principe.svg','STP','Sao Tomé-et-Principe'),(178,'https://fr.wikipedia.org/wiki/Fichier:Flag_of_Sudan.svg','SUD','Soudan'),(179,'https://fr.wikipedia.org/wiki/Fichier:Flag_of_Switzerland.svg','SUI','Suisse'),(180,'https://fr.wikipedia.org/wiki/Fichier:Flag_of_Suriname.svg','SUR','Suriname'),(181,'https://fr.wikipedia.org/wiki/Fichier:Flag_of_Slovakia.svg','SVK','Slovaquie'),(182,'https://fr.wikipedia.org/wiki/Fichier:Flag_of_Sweden.svg','SWE','Suède'),(183,'https://fr.wikipedia.org/wiki/Fichier:Flag_of_Eswatini.svg','SWZ','Swaziland'),(184,'https://fr.wikipedia.org/wiki/Fichier:Flag_of_Syria.svg','SYR','Syrie'),(185,'https://fr.wikipedia.org/wiki/Fichier:Flag_of_Tanzania.svg','TAN','Tanzanie'),(186,'https://fr.wikipedia.org/wiki/Fichier:Flag_of_Tonga.svg','TGA','Tonga'),(187,'https://fr.wikipedia.org/wiki/Fichier:Flag_of_Thailand.svg','THA','Thaïlande'),(188,'https://fr.wikipedia.org/wiki/Fichier:Flag_of_Tajikistan.svg','TJK','Tadjikistan'),(189,'https://fr.wikipedia.org/wiki/Fichier:Flag_of_Turkmenistan.svg','TKM','Turkménistan'),(190,'https://fr.wikipedia.org/wiki/Fichier:Flag_of_East_Timor.svg','TLS','Timor oriental'),(191,'https://fr.wikipedia.org/wiki/Fichier:Flag_of_Togo.svg','TOG','Togo'),(192,'https://fr.wikipedia.org/wiki/Fichier:Flag_of_Chinese_Taipei_for_Olympic_games.svg','TPE','Taipei chinois'),(193,'https://fr.wikipedia.org/wiki/Fichier:Flag_of_Trinidad_and_Tobago.svg','TTO','Trinité-et-Tobago'),(194,'https://fr.wikipedia.org/wiki/Fichier:Flag_of_Tunisia.svg','TUN','Tunisie'),(195,'https://fr.wikipedia.org/wiki/Fichier:Flag_of_Turkey.svg','TUR','Turquie'),(196,'https://fr.wikipedia.org/wiki/Fichier:Flag_of_Tuvalu.svg','TUV','Tuvalu'),(197,'https://fr.wikipedia.org/wiki/Fichier:Flag_of_the_United_Arab_Emirates.svg','UAE','Émirats arabes unis'),(198,'https://fr.wikipedia.org/wiki/Fichier:Flag_of_Uganda.svg','UGA','Ouganda'),(199,'https://fr.wikipedia.org/wiki/Fichier:Flag_of_Ukraine.svg','UKR','Ukraine'),(200,'https://fr.wikipedia.org/wiki/Fichier:Flag_of_Uruguay.svg','URU','Uruguay'),(201,'https://fr.wikipedia.org/wiki/Fichier:Flag_of_the_United_States.svg','USA','États-Unis'),(202,'https://fr.wikipedia.org/wiki/Fichier:Flag_of_Uzbekistan.svg','UZB','Ouzbékistan'),(203,'https://fr.wikipedia.org/wiki/Fichier:Flag_of_Vanuatu.svg','VAN','Vanuatu'),(204,'https://fr.wikipedia.org/wiki/Fichier:Flag_of_Venezuela.svg','VEN','Venezuela'),(205,'https://fr.wikipedia.org/wiki/Fichier:Flag_of_Vietnam.svg','VIE','Viêt Nam'),(206,'https://fr.wikipedia.org/wiki/Fichier:Flag_of_Saint_Vincent_and_the_Grenadines.svg','VIN','Saint-Vincent-et-les-Grenadines'),(207,'https://fr.wikipedia.org/wiki/Fichier:Flag_of_Yemen.svg','YEM','Yémen'),(208,'https://fr.wikipedia.org/wiki/Fichier:Flag_of_Zambia.svg','ZAM','Zambie'),(209,'https://fr.wikipedia.org/wiki/Fichier:Flag_of_Zimbabwe.svg','ZIM','Zimbabwe'),(211,'https://fr.wikipedia.org/wiki/Fichier:Flag_of_Australasian_team_for_Olympic_games.svg','ANZ','Australasie'),(212,'https://fr.wikipedia.org/wiki/Fichier:Flag_of_Bohemia.svg','BOH','Bohême'),(214,'https://fr.wikipedia.org/wiki/Fichier:German_Olympic_flag_(1959-1968).svg','EUA','Équipe unifiée d\'Allemagne'),(215,'https://fr.wikipedia.org/wiki/Fichier:Olympic_flag.svg','EUN','Équipe unifiée de l’ex-URSS'),(216,'https://fr.wikipedia.org/wiki/Fichier:Flag_of_Germany.svg','FRG','République fédérale d’Allemagne'),(217,'https://fr.wikipedia.org/wiki/Fichier:Flag_of_East_Germany.svg','GDR','République démocratique allemande'),(218,'https://fr.wikipedia.org/wiki/Fichier:Flag_of_Rhodesia.svg','RHO','Rhodésie'),(219,'https://fr.wikipedia.org/wiki/Fichier:Flag_of_Serbia_and_Montenegro.svg','SCG','Serbie-et-Monténégro'),(220,'https://fr.wikipedia.org/wiki/Fichier:Flag_of_the_Czech_Republic.svg','TCH','Tchécoslovaquie'),(221,'https://fr.wikipedia.org/wiki/Fichier:Flag_of_Russia.svg','RU1','Empire russe'),(222,'https://fr.wikipedia.org/wiki/Fichier:Flag_of_the_United_Arab_Republic.svg','UAR','République arabe unie'),(223,'https://fr.wikipedia.org/wiki/Fichier:Flag_of_the_Soviet_Union.svg','URS','Union des républiques socialistes soviétiques'),(224,'https://fr.wikipedia.org/wiki/Fichier:Flag_of_Yugoslavia_(1946-1992).svg','YUG','République fédérale socialiste de Yougoslavie'),(225,'https://fr.wikipedia.org/wiki/Fichier:Olympic_rings_without_rims.svg','ZZX','Équipe mixte aux jeux Olympiques'),(228,'https://fr.wikipedia.org/wiki/Fichier:Flag_of_the_Netherlands_Antilles.svg','AHO','Antilles néerlandaises'),(257,'https://fr.wikipedia.org/wiki/Fichier:Flag_of_Macau.svg','MAC','Macao'),(263,'https://fr.wikipedia.org/wiki/Fichier:Flag_of_Trinidad_and_Tobago.svg','TRI','Trinité-et-Tobago');
/*!40000 ALTER TABLE `country` ENABLE KEYS */;
UNLOCK TABLES;

--
-- Table structure for table `country_per_game`
--

DROP TABLE IF EXISTS `country_per_game`;
/*!40101 SET @saved_cs_client     = @@character_set_client */;
 SET character_set_client = utf8mb4 ;
CREATE TABLE `country_per_game` (
  `id` int(11) NOT NULL AUTO_INCREMENT,
  `game_id` int(10) unsigned DEFAULT NULL,
  `country_id` int(10) unsigned DEFAULT NULL,
  `male` int(10) DEFAULT NULL,
  `female` int(10) DEFAULT NULL,
  `year` int(11) DEFAULT NULL,
  PRIMARY KEY (`id`),
  KEY `country_per_game_country_id_fk` (`country_id`),
  KEY `country_per_game_game_id_fk` (`game_id`),
  CONSTRAINT `country_per_game_country_id_fk` FOREIGN KEY (`country_id`) REFERENCES `country` (`id`),
  CONSTRAINT `country_per_game_game_id_fk` FOREIGN KEY (`game_id`) REFERENCES `game` (`id`)
) ENGINE=InnoDB AUTO_INCREMENT=2830 DEFAULT CHARSET=utf8mb4 COLLATE=utf8mb4_0900_ai_ci;
/*!40101 SET character_set_client = @saved_cs_client */;

--
-- Dumping data for table `country_per_game`
--

LOCK TABLES `country_per_game` WRITE;
/*!40000 ALTER TABLE `country_per_game` DISABLE KEYS */;
INSERT INTO `country_per_game` VALUES (1,28,16,7,4,2016),(2,27,16,6,0,2012),(3,26,16,7,1,2008),(4,25,16,9,1,2004),(5,24,16,12,6,2000),(6,23,16,11,2,1996),(7,22,16,16,1,1992),(8,21,16,16,1,1988),(9,20,16,13,3,1984),(10,18,16,9,2,1976),(11,17,16,8,5,1972),(12,16,16,9,0,1968),(13,28,20,4,4,2016),(14,27,20,5,3,2012),(15,26,20,2,4,2008),(16,25,20,5,5,2004),(17,24,20,4,2,2000),(18,23,20,7,2,1996),(19,22,20,14,6,1992),(20,21,20,11,1,1988),(21,20,20,11,1,1984),(22,18,20,15,1,1976),(23,17,20,9,0,1972),(24,16,20,6,0,1968),(25,15,20,4,0,1964),(26,14,20,9,0,1960),(27,13,20,3,0,1956),(28,12,20,4,2,1952),(29,11,20,10,2,1948),(30,10,20,5,0,1936),(31,28,2,3,3,2016),(32,27,2,6,3,2012),(33,26,2,7,4,2008),(34,25,2,5,2,2004),(35,24,2,2,2,2000),(36,23,2,3,4,1996),(37,22,2,5,2,1992),(38,17,2,4,1,1972),(39,28,25,6,6,2016),(40,27,25,3,2,2012),(41,26,25,4,3,2008),(42,25,25,4,3,2004),(43,24,25,3,2,2000),(44,23,25,6,2,1996),(45,22,25,8,5,1992),(46,21,25,6,1,1988),(47,20,25,10,1,1984),(48,18,25,4,0,1976),(49,17,25,11,0,1972),(50,16,25,4,0,1968),(51,15,25,1,0,1964),(52,10,25,2,0,1936),(53,28,24,53,67,2016),(54,27,24,89,71,2012),(55,26,24,93,84,2008),(56,25,24,82,69,2004),(57,24,24,72,67,2000),(58,23,24,91,66,1996),(59,28,5,8,18,2016),(60,27,5,4,29,2012),(61,26,5,17,15,2008),(62,25,5,14,16,2004),(63,24,5,15,15,2000),(64,23,5,13,15,1996),(65,22,5,25,3,1992),(66,21,5,19,5,1988),(67,19,5,10,1,1980),(68,28,9,3,4,2016),(69,27,9,3,1,2012),(70,26,9,2,0,2008),(71,25,9,3,1,2004),(72,24,9,3,2,2000),(73,23,9,3,0,1996),(74,22,9,4,1,1992),(75,21,9,4,4,1988),(76,28,17,5,4,2016),(77,27,17,2,4,2012),(78,26,17,1,2,2008),(79,25,17,5,2,2004),(80,24,17,5,1,2000),(81,23,17,6,1,1996),(82,28,15,4,3,2016),(83,27,15,4,1,2012),(84,26,15,3,2,2008),(85,25,15,3,1,2004),(86,24,15,2,3,2000),(87,23,15,3,1,1996),(88,22,15,5,1,1992),(89,21,15,6,0,1988),(90,20,15,1,0,1984),(91,28,28,20,13,2016),(92,27,28,4,8,2012),(93,26,28,11,3,2008),(94,25,28,7,3,2004),(95,24,28,2,2,2000),(96,23,28,5,0,1996),(97,22,28,10,0,1992),(98,21,28,7,0,1988),(99,20,28,10,0,1984),(100,28,NULL,2,1,2016),(101,27,NULL,2,1,2012),(102,25,NULL,1,0,2004),(103,24,NULL,2,0,2000),(104,23,NULL,1,0,1996),(105,28,6,6,2,2016),(106,27,6,2,2,2012),(107,26,6,4,1,2008),(108,25,6,3,2,2004),(109,24,6,2,1,2000),(110,23,6,8,5,1996),(111,22,6,9,4,1992),(112,21,6,12,3,1988),(113,20,6,10,4,1984),(114,18,6,10,0,1976),(115,28,8,24,7,2016),(116,27,8,20,4,2012),(117,26,8,23,2,2008),(118,25,8,16,2,2004),(119,24,8,23,2,2000),(120,23,8,30,2,1996),(121,28,12,37,35,2016),(122,27,12,39,31,2012),(123,26,12,40,30,2008),(124,25,12,54,20,2004),(125,24,12,55,37,2000),(126,23,12,56,16,1996),(127,22,12,71,31,1992),(128,21,12,66,7,1988),(129,20,12,71,31,1984),(130,19,12,64,19,1980),(131,18,12,54,6,1976),(132,17,12,97,14,1972),(133,16,12,35,8,1968),(134,15,12,45,11,1964),(135,14,12,82,21,1960),(136,13,12,24,5,1956),(137,13,12,5,0,1956),(138,12,12,91,21,1952),(139,11,12,115,32,1948),(140,10,12,217,17,1936),(141,9,12,17,2,1932),(142,8,12,67,6,1928),(143,7,12,46,3,1924),(144,5,12,79,6,1912),(145,4,12,7,0,1908),(147,3,12,2,0,1904),(148,2,12,16,0,1900),(149,1,12,3,0,1896),(150,28,26,9,3,2016),(151,27,26,3,1,2012),(152,26,26,9,2,2008),(153,25,26,10,1,2004),(154,24,26,7,0,2000),(155,23,26,7,0,1996),(156,22,26,6,0,1992),(157,21,26,8,0,1988),(158,20,26,7,0,1984),(159,19,26,7,0,1980),(160,28,13,42,14,2016),(161,27,13,38,14,2012),(162,26,13,30,14,2008),(163,25,13,30,6,2004),(164,24,13,25,6,2000),(165,23,13,20,3,1996),(166,28,1,2,1,2016),(167,27,1,5,1,2012),(168,26,1,3,1,2008),(169,25,1,3,2,2004),(170,23,1,2,0,1996),(171,21,1,5,0,1988),(172,19,1,11,0,1980),(173,17,1,8,0,1972),(174,16,1,5,0,1968),(175,15,1,8,0,1964),(176,14,1,12,0,1960),(177,13,1,12,0,1956),(178,11,1,25,0,1948),(179,10,1,15,0,1936),(180,28,3,54,10,2016),(181,27,3,21,17,2012),(182,26,3,34,22,2008),(183,25,3,46,15,2004),(184,24,3,37,10,2000),(185,23,3,39,6,1996),(186,22,3,33,2,1992),(187,21,3,40,2,1988),(188,20,3,33,0,1984),(189,19,3,54,0,1980),(190,17,3,5,0,1972),(191,16,3,3,0,1968),(192,15,3,1,0,1964),(193,28,18,70,34,2016),(194,27,18,69,42,2012),(195,26,18,77,17,2008),(196,25,18,31,19,2004),(197,24,18,36,32,2000),(198,23,18,41,20,1996),(199,22,18,43,25,1992),(200,21,18,35,24,1988),(201,20,18,47,16,1984),(202,19,18,43,16,1980),(203,18,18,75,26,1976),(204,17,18,82,6,1972),(205,16,18,77,5,1968),(206,15,18,60,1,1964),(207,14,18,93,8,1960),(208,13,18,51,3,1956),(209,13,18,2,1,1956),(210,12,18,130,5,1952),(211,11,18,132,20,1948),(212,10,18,145,5,1936),(213,9,18,29,7,1932),(214,8,18,175,12,1928),(215,7,18,166,6,1924),(216,6,18,326,10,1920),(217,5,18,35,1,1912),(218,4,18,70,0,1908),(220,2,18,64,0,1900),(221,28,21,0,2,2016),(222,27,21,0,2,2012),(223,26,21,1,1,2008),(224,25,21,1,1,2004),(225,24,21,1,1,2000),(226,23,21,1,1,1996),(227,22,21,3,3,1992),(228,21,21,3,0,1988),(229,20,21,3,3,1984),(230,28,19,4,2,2016),(231,27,19,4,1,2012),(232,26,19,3,2,2008),(233,25,19,2,2,2004),(234,24,19,3,1,2000),(235,23,19,4,1,1996),(236,22,19,4,2,1992),(237,21,19,6,1,1988),(238,20,19,3,0,1984),(239,19,19,15,1,1980),(240,17,19,3,0,1972),(241,28,10,3,1,2016),(242,27,10,3,1,2012),(243,26,10,2,2,2008),(244,25,10,2,1,2004),(245,24,10,3,1,2000),(246,23,10,6,1,1996),(247,22,10,3,0,1992),(248,21,10,6,0,1988),(249,28,7,140,75,2016),(250,27,7,97,40,2012),(251,26,7,79,53,2008),(252,25,7,106,46,2004),(253,24,7,98,45,2000),(254,23,7,132,47,1996),(255,22,7,67,17,1992),(256,21,7,93,25,1988),(257,20,7,71,10,1984),(258,18,7,65,4,1976),(259,17,7,88,4,1972),(260,16,7,84,5,1968),(261,15,7,96,6,1964),(262,14,7,91,1,1960),(263,13,7,27,1,1956),(264,13,7,7,0,1956),(265,12,7,115,8,1952),(266,11,7,188,11,1948),(267,10,7,50,1,1936),(268,9,7,33,0,1932),(269,8,7,81,0,1928),(270,7,7,77,0,1924),(271,6,7,1,0,1920),(272,4,7,1,0,1908),(273,2,7,1,0,1900),(274,28,23,2,1,2016),(275,27,23,2,1,2012),(276,26,23,3,1,2008),(277,25,23,1,1,2004),(278,24,23,1,1,2000),(279,23,23,2,3,1996),(280,22,23,9,1,1992),(281,21,23,10,0,1988),(282,20,23,11,0,1984),(283,18,23,4,0,1976),(284,17,23,1,0,1972),(285,16,23,7,0,1968),(286,28,27,255,207,2016),(287,27,27,131,117,2012),(288,26,27,139,129,2008),(289,25,27,124,119,2004),(290,24,27,106,92,2000),(291,23,27,156,65,1996),(292,22,27,132,50,1992),(293,21,27,127,33,1988),(294,20,27,126,21,1984),(295,19,27,91,15,1980),(296,18,27,72,7,1976),(297,17,27,78,3,1972),(298,16,27,73,3,1968),(299,15,27,60,1,1964),(300,14,27,71,1,1960),(301,13,27,43,1,1956),(302,13,27,3,0,1956),(303,12,27,92,5,1952),(304,11,27,59,11,1948),(305,10,27,67,6,1936),(306,9,27,58,1,1932),(307,7,27,12,0,1924),(308,6,27,19,0,1920),(309,2,27,1,0,1900),(310,28,14,17,12,2016),(311,27,14,12,9,2012),(312,26,14,16,9,2008),(313,25,14,13,9,2004),(314,24,14,16,9,2000),(315,23,14,19,7,1996),(316,22,14,12,2,1992),(317,21,14,12,4,1988),(318,20,14,17,5,1984),(319,18,14,10,1,1976),(320,17,14,19,1,1972),(321,16,14,16,0,1968),(322,15,14,11,0,1964),(323,14,14,13,0,1960),(324,13,14,4,0,1956),(325,12,14,7,0,1952),(326,28,11,208,212,2016),(327,27,11,221,183,2012),(328,26,11,233,199,2008),(329,25,11,268,202,2004),(330,24,11,341,276,2000),(331,23,11,250,167,1996),(332,22,11,187,92,1992),(333,21,11,180,72,1988),(334,20,11,169,73,1984),(335,19,11,92,28,1980),(336,18,11,145,34,1976),(337,17,11,139,29,1972),(338,16,11,104,24,1968),(339,15,11,203,40,1964),(340,14,11,160,29,1960),(341,13,11,250,44,1956),(342,13,11,4,0,1956),(343,12,11,71,10,1952),(344,11,11,66,9,1948),(345,10,11,28,4,1936),(346,9,11,9,4,1932),(347,8,11,14,4,1928),(348,7,11,35,1,1924),(349,6,11,12,1,1920),(351,3,11,2,0,1904),(352,2,11,2,0,1900),(353,1,11,1,0,1896),(354,28,4,2,2,2016),(355,27,4,4,2,2012),(356,26,4,3,2,2008),(357,25,4,4,2,2004),(358,24,4,3,2,2000),(359,23,4,6,2,1996),(360,22,4,7,1,1992),(361,21,4,3,0,1988),(362,20,4,2,0,1984),(363,19,4,2,0,1980),(364,18,4,3,0,1976),(365,28,22,7,4,2016),(366,27,22,4,2,2012),(367,26,22,4,1,2008),(368,25,22,7,2,2004),(369,24,22,7,2,2000),(370,23,22,7,2,1996),(371,22,22,6,4,1992),(372,28,55,1,1,2016),(373,27,55,1,1,2012),(374,26,55,2,0,2008),(375,25,55,1,1,2004),(376,24,55,2,2,2000),(377,23,55,4,2,1996),(378,28,35,3,2,2016),(379,27,35,4,0,2012),(380,26,35,3,1,2008),(381,25,35,3,2,2004),(382,24,35,1,2,2000),(383,23,35,8,1,1996),(384,22,35,9,0,1992),(385,21,35,7,1,1988),(386,20,35,7,1,1984),(387,18,35,2,0,1976),(388,28,47,2,3,2016),(389,27,47,1,2,2012),(390,26,47,1,1,2008),(391,25,47,2,1,2004),(392,24,47,1,1,2000),(393,23,47,2,1,1996),(394,28,37,1,1,2016),(395,27,37,0,2,2012),(396,26,37,1,1,2008),(397,25,37,0,1,2004),(398,24,37,1,1,2000),(399,23,37,3,1,1996),(400,22,37,5,1,1992),(401,21,37,6,0,1988),(402,20,37,3,0,1984),(403,17,37,4,0,1972),(404,16,37,3,0,1968),(405,15,37,2,0,1964),(406,28,39,151,241,2016),(407,27,39,160,215,2012),(408,26,39,310,289,2008),(409,25,39,136,248,2004),(410,24,39,91,180,2000),(411,23,39,111,183,1996),(412,22,39,117,127,1992),(413,21,39,149,124,1988),(414,20,39,132,83,1984),(415,12,39,1,0,1952),(416,11,39,30,1,1948),(417,10,39,52,2,1936),(418,9,39,1,0,1932),(419,28,40,5,7,2016),(420,27,40,4,5,2012),(421,26,40,19,2,2008),(422,25,40,2,3,2004),(423,24,40,7,7,2000),(424,23,40,10,1,1996),(425,22,40,8,5,1992),(426,21,40,11,17,1988),(427,20,40,14,1,1984),(428,18,40,7,1,1976),(429,17,40,11,0,1972),(430,16,40,10,0,1968),(431,15,40,9,0,1964),(432,28,36,7,3,2016),(433,27,36,4,3,2012),(434,26,36,3,2,2008),(435,25,36,2,3,2004),(436,24,36,3,2,2000),(437,23,36,3,2,1996),(438,22,36,6,1,1992),(439,21,36,5,2,1988),(440,20,36,8,1,1984),(441,19,36,9,14,1980),(442,17,36,6,0,1972),(443,15,36,2,0,1964),(444,28,34,127,183,2016),(445,27,34,119,154,2012),(446,26,34,186,146,2008),(447,25,34,130,133,2004),(448,24,34,150,144,2000),(449,23,34,152,152,1996),(450,22,34,179,116,1992),(451,21,34,223,105,1988),(452,20,34,255,151,1984),(453,18,34,261,124,1976),(454,17,34,157,50,1972),(455,16,34,111,28,1968),(456,15,34,95,20,1964),(457,14,34,74,11,1960),(458,13,34,77,15,1956),(459,13,34,4,0,1956),(460,12,34,97,10,1952),(461,11,34,106,21,1948),(462,10,34,79,18,1936),(463,9,34,85,17,1932),(464,8,34,62,7,1928),(465,7,34,65,0,1924),(466,6,34,52,0,1920),(467,5,34,37,0,1912),(468,4,34,87,0,1908),(470,3,34,56,0,1904),(471,2,34,4,0,1900),(472,28,64,36,17,2016),(473,27,64,6,3,2012),(474,26,64,4,2,2008),(475,25,64,4,4,2004),(476,24,64,4,3,2000),(477,23,64,14,3,1996),(478,22,64,14,4,1992),(479,21,64,19,4,1988),(480,20,64,11,3,1984),(481,18,64,1,1,1976),(482,17,64,2,0,1972),(483,16,64,1,0,1968),(484,14,64,2,0,1960),(485,13,64,5,0,1956),(486,28,48,6,5,2016),(487,27,48,8,3,2012),(488,26,48,6,2,2008),(489,25,48,17,3,2004),(490,24,48,5,2,2000),(491,23,48,6,5,1996),(492,22,48,11,5,1992),(493,21,48,9,7,1988),(494,20,48,27,1,1984),(495,19,48,28,1,1980),(496,18,48,4,1,1976),(497,17,48,3,0,1972),(498,16,48,17,1,1968),(499,15,48,2,0,1964),(500,10,48,1,0,1936),(501,28,43,4,5,2016),(502,27,43,3,5,2012),(503,26,43,3,1,2008),(504,25,43,2,1,2004),(505,24,43,1,1,2000),(506,23,43,2,1,1996),(507,22,43,2,0,1992),(508,21,43,6,1,1988),(509,28,32,3,3,2016),(510,27,32,3,3,2012),(511,26,32,2,1,2008),(512,25,32,2,2,2004),(513,24,32,1,2,2000),(514,23,32,3,2,1996),(515,22,32,13,2,1992),(516,21,32,15,0,1988),(517,20,32,3,0,1984),(518,16,32,1,0,1968),(519,28,38,25,17,2016),(520,27,38,21,14,2012),(521,26,38,20,6,2008),(522,25,38,16,6,2004),(523,24,38,43,7,2000),(524,23,38,16,5,1996),(525,22,38,9,3,1992),(526,21,38,16,1,1988),(527,20,38,50,2,1984),(528,18,38,7,0,1976),(529,17,38,9,2,1972),(530,16,38,19,2,1968),(531,15,38,14,0,1964),(532,14,38,8,1,1960),(533,13,38,31,2,1956),(534,12,38,55,4,1952),(535,11,38,50,4,1948),(536,10,38,39,1,1936),(537,8,38,38,0,1928),(538,7,38,13,0,1924),(539,6,38,2,0,1920),(540,5,38,14,0,1912),(541,28,58,84,37,2016),(542,27,58,75,34,2012),(543,26,58,74,27,2008),(544,25,58,81,16,2004),(545,24,58,74,15,2000),(546,23,58,27,2,1996),(547,22,58,72,3,1992),(548,21,58,48,1,1988),(549,20,58,108,6,1984),(550,18,58,26,0,1976),(551,17,58,23,0,1972),(552,16,58,30,0,1968),(553,15,58,73,0,1964),(554,13,58,3,0,1956),(555,12,58,106,0,1952),(556,11,58,85,0,1948),(557,10,58,53,0,1936),(558,8,58,32,0,1928),(559,7,58,24,0,1924),(560,6,58,18,0,1920),(562,28,66,225,167,2016),(563,27,66,182,142,2012),(564,26,66,188,121,2008),(565,25,66,195,113,2004),(566,24,66,211,126,2000),(567,23,66,197,104,1996),(568,22,66,241,98,1992),(569,21,66,192,74,1988),(570,20,66,189,49,1984),(571,19,66,98,23,1980),(572,18,66,177,29,1976),(573,17,66,197,30,1972),(574,16,66,169,31,1968),(575,15,66,118,20,1964),(576,14,66,210,28,1960),(577,13,66,119,18,1956),(578,13,66,8,0,1956),(579,12,66,214,31,1952),(580,11,66,279,37,1948),(581,10,66,190,11,1936),(582,9,66,97,6,1932),(583,8,66,220,36,1928),(584,7,66,370,31,1924),(585,6,66,296,8,1920),(586,5,66,118,1,1912),(587,4,66,208,0,1908),(589,3,66,1,0,1904),(590,2,66,708,12,1900),(591,1,66,12,0,1896),(592,28,41,5,17,2016),(593,27,41,10,22,2012),(594,26,41,25,7,2008),(595,25,41,10,7,2004),(596,24,41,25,9,2000),(597,23,41,11,4,1996),(598,22,41,3,5,1992),(599,21,41,13,2,1988),(600,20,41,42,4,1984),(601,19,41,22,3,1980),(602,18,41,4,0,1976),(603,17,41,11,0,1972),(604,16,41,5,0,1968),(605,15,41,1,0,1964),(606,28,65,26,28,2016),(607,27,65,29,27,2012),(608,26,65,31,26,2008),(609,25,65,36,17,2004),(610,24,65,40,30,2000),(611,23,65,47,29,1996),(612,22,65,60,28,1992),(613,21,65,59,19,1988),(614,20,65,73,13,1984),(615,19,65,99,6,1980),(616,18,65,77,6,1976),(617,17,65,89,7,1972),(618,16,65,60,6,1968),(619,15,65,84,5,1964),(620,14,65,107,10,1960),(621,13,65,63,1,1956),(622,13,65,7,0,1956),(623,12,65,228,30,1952),(624,11,65,123,6,1948),(625,10,65,103,5,1936),(626,9,65,40,0,1932),(627,8,65,67,2,1928),(628,7,65,121,0,1924),(629,6,65,62,1,1920),(630,5,65,162,2,1912),(631,4,65,62,0,1908),(633,28,30,29,21,2016),(634,27,30,37,26,2012),(635,26,30,43,27,2008),(636,25,30,49,46,2004),(637,24,30,52,39,2000),(638,23,30,74,36,1996),(639,22,30,87,51,1992),(640,21,30,104,68,1988),(641,19,30,183,88,1980),(642,18,30,105,53,1976),(643,17,30,106,24,1972),(644,16,30,102,10,1968),(645,15,30,56,7,1964),(646,14,30,89,9,1960),(647,13,30,40,3,1956),(648,13,30,4,0,1956),(649,12,30,54,9,1952),(650,10,30,26,0,1936),(651,9,30,2,0,1932),(652,8,30,5,0,1928),(653,7,30,24,0,1924),(654,28,49,66,19,2016),(655,27,49,64,43,2012),(656,26,49,80,19,2008),(657,25,49,66,15,2004),(658,24,49,63,25,2000),(659,23,49,75,9,1996),(660,22,49,36,3,1992),(661,28,60,5,3,2016),(662,27,60,5,5,2012),(663,26,60,4,7,2008),(664,25,60,2,5,2004),(665,24,60,4,4,2000),(666,23,60,6,2,1996),(667,22,60,3,1,1992),(668,21,60,5,1,1988),(669,20,60,9,1,1984),(670,17,60,11,0,1972),(671,16,60,52,8,1968),(672,9,60,1,0,1932),(673,28,50,83,34,2016),(674,27,50,65,44,2012),(675,26,50,102,56,2008),(676,25,50,97,54,2004),(677,24,50,147,82,2000),(678,23,50,111,53,1996),(679,22,50,126,50,1992),(680,19,50,175,33,1980),(681,18,50,132,24,1976),(682,17,50,109,28,1972),(683,16,50,101,14,1968),(684,15,50,25,2,1964),(685,14,50,9,3,1960),(686,13,50,15,1,1956),(687,12,50,29,0,1952),(688,11,50,53,0,1948),(689,9,50,3,0,1932),(690,8,50,1,0,1928),(691,7,50,9,0,1924),(692,3,50,3,0,1904),(693,2,50,1,0,1900),(694,28,33,2,4,2016),(695,27,33,3,3,2012),(696,26,33,2,2,2008),(697,25,33,2,2,2004),(698,24,33,2,2,2000),(699,23,33,3,2,1996),(700,17,33,8,1,1972),(701,15,33,13,0,1964),(702,13,33,2,0,1956),(703,28,44,73,70,2016),(704,27,44,45,56,2012),(705,26,44,43,24,2008),(706,25,44,32,21,2004),(707,24,44,25,19,2000),(708,23,44,39,9,1996),(709,22,44,46,3,1992),(710,21,44,34,6,1988),(711,20,44,36,3,1984),(712,19,44,23,0,1980),(713,18,44,32,3,1976),(714,17,44,55,4,1972),(715,16,44,38,5,1968),(716,15,44,20,0,1964),(717,14,44,16,0,1960),(718,13,44,26,0,1956),(719,11,44,6,0,1948),(720,10,44,5,0,1936),(721,9,44,2,0,1932),(722,2,44,1,0,1900),(723,28,52,62,42,2016),(724,27,52,68,65,2012),(725,26,52,75,59,2008),(726,25,52,80,62,2004),(727,24,52,86,33,2000),(728,23,52,76,39,1996),(729,28,59,11,1,2016),(730,27,59,11,1,2012),(731,26,59,8,2,2008),(732,25,59,3,1,2004),(733,24,59,2,1,2000),(734,28,42,2,2,2016),(735,27,42,3,1,2012),(736,26,42,4,1,2008),(737,25,42,3,1,2004),(738,24,42,1,1,2000),(739,23,42,2,12,1996),(740,22,42,15,2,1992),(741,21,42,13,2,1988),(742,20,42,7,1,1984),(743,16,42,5,0,1968),(744,28,62,28,18,2016),(745,27,62,23,9,2012),(746,26,62,34,13,2008),(747,25,62,31,11,2004),(748,24,62,31,2,2000),(749,23,62,35,8,1996),(750,22,62,33,4,1992),(751,10,62,33,0,1936),(752,9,62,2,0,1932),(753,8,62,20,0,1928),(754,7,62,37,0,1924),(755,6,62,14,0,1920),(756,28,54,6,1,2016),(757,27,54,2,2,2012),(758,26,54,1,1,2008),(759,24,54,1,1,2000),(760,23,54,5,0,1996),(761,22,54,8,0,1992),(762,21,54,6,0,1988),(763,20,54,3,0,1984),(764,28,51,9,6,2016),(765,27,51,9,4,2012),(766,26,51,7,10,2008),(767,25,51,13,7,2004),(768,24,51,17,5,2000),(769,23,51,15,2,1996),(770,22,51,13,4,1992),(771,21,51,7,2,1988),(772,20,51,10,0,1984),(773,19,51,12,2,1980),(774,28,63,17,20,2016),(775,27,63,18,15,2012),(776,26,63,14,13,2008),(777,25,63,14,12,2004),(778,24,63,15,11,2000),(779,23,63,10,8,1996),(780,22,63,14,6,1992),(781,19,63,39,2,1980),(782,17,63,31,0,1972),(783,16,63,18,0,1968),(784,15,63,12,0,1964),(785,14,63,10,0,1960),(786,13,63,12,0,1956),(787,28,53,78,41,2016),(788,27,53,66,48,2012),(789,26,53,64,20,2008),(790,25,53,48,44,2004),(791,24,53,53,44,2000),(792,23,53,54,65,1996),(793,22,53,77,33,1992),(794,21,53,57,21,1988),(795,20,53,49,11,1984),(796,19,53,55,3,1980),(797,18,53,56,10,1976),(798,17,53,114,12,1972),(799,16,53,60,4,1968),(800,15,53,53,7,1964),(801,14,53,88,12,1960),(802,13,53,27,4,1956),(803,13,53,4,2,1956),(804,12,53,115,14,1952),(805,11,53,144,18,1948),(806,10,53,105,16,1936),(807,9,53,35,8,1932),(808,8,53,82,9,1928),(809,7,53,77,12,1924),(810,6,53,150,4,1920),(811,5,53,151,1,1912),(812,4,53,78,0,1908),(814,2,53,13,0,1900),(815,1,53,3,0,1896),(816,28,31,3,2,2016),(817,27,31,2,3,2012),(818,26,31,3,3,2008),(819,25,31,3,2,2004),(820,24,31,3,1,2000),(821,23,31,3,2,1996),(822,22,31,4,0,1992),(823,21,31,5,1,1988),(824,17,31,1,0,1972),(825,28,57,22,15,2016),(826,27,57,23,13,2012),(827,26,57,17,8,2008),(828,25,57,11,5,2004),(829,24,57,7,3,2000),(830,23,57,17,2,1996),(831,22,57,6,7,1992),(832,21,57,10,3,1988),(833,20,57,10,1,1984),(834,19,57,11,1,1980),(835,18,57,5,0,1976),(836,17,57,2,0,1972),(837,16,57,14,1,1968),(838,7,57,3,0,1924),(839,28,68,4,2,2016),(840,27,68,19,2,2012),(841,26,68,2,2,2008),(842,25,68,3,2,2004),(843,24,68,3,2,2000),(844,23,68,6,1,1996),(845,22,68,4,1,1992),(846,21,68,1,1,1988),(847,20,68,2,2,1984),(848,17,68,1,0,1972),(849,28,56,18,8,2016),(850,27,56,13,20,2012),(851,26,56,18,6,2008),(852,25,56,17,16,2004),(853,24,56,11,2,2000),(854,23,56,12,4,1996),(855,22,56,30,2,1992),(856,21,56,15,1,1988),(857,20,56,14,4,1984),(858,19,56,5,1,1980),(859,18,56,9,1,1976),(860,17,56,5,0,1972),(861,16,56,18,0,1968),(862,15,56,1,0,1964),(863,28,45,2,2,2016),(864,27,45,1,2,2012),(865,26,45,2,1,2008),(866,25,45,2,1,2004),(867,24,45,1,1,2000),(868,23,45,3,1,1996),(869,28,61,164,143,2016),(870,27,61,168,110,2012),(871,26,61,163,120,2008),(872,25,61,177,140,2004),(873,24,61,216,105,2000),(874,23,61,194,95,1996),(875,22,61,297,125,1992),(876,21,61,200,29,1988),(877,20,61,163,16,1984),(878,19,61,146,9,1980),(879,18,61,103,10,1976),(880,17,61,118,5,1972),(881,16,61,120,2,1968),(882,15,61,48,3,1964),(883,14,61,133,11,1960),(884,13,61,6,0,1956),(885,12,61,27,0,1952),(886,11,61,65,0,1948),(887,9,61,7,0,1932),(888,8,61,80,0,1928),(889,7,61,93,2,1924),(890,6,61,58,0,1920),(891,2,61,9,0,1900),(892,28,67,2,3,2016),(893,27,67,4,2,2012),(894,26,67,3,2,2008),(895,25,67,3,2,2004),(896,24,67,3,2,2000),(897,28,69,3,1,2016),(898,27,69,1,1,2012),(899,26,69,2,1,2008),(900,25,69,1,1,2004),(901,24,69,1,1,2000),(902,23,69,8,1,1996),(903,22,69,5,0,1992),(904,21,69,5,1,1988),(905,20,69,6,4,1984),(906,28,88,54,9,2016),(907,27,88,44,8,2012),(908,26,88,51,3,2008),(909,25,88,36,1,2004),(910,24,88,32,1,2000),(911,23,88,17,1,1996),(912,22,88,36,0,1992),(913,21,88,23,0,1988),(914,18,88,80,4,1976),(915,17,88,48,0,1972),(916,16,88,14,0,1968),(917,15,88,58,4,1964),(918,14,88,23,0,1960),(919,13,88,17,0,1956),(920,12,88,22,0,1952),(921,11,88,36,0,1948),(922,2,88,1,0,1900),(923,28,73,1,0,2016),(924,27,73,1,1,2012),(925,26,73,2,1,2008),(926,25,73,1,1,2004),(927,24,73,2,2,2000),(928,23,73,4,1,1996),(929,22,73,5,2,1992),(930,21,73,4,2,1988),(931,20,73,4,0,1984),(932,28,78,15,6,2016),(933,27,78,12,7,2012),(934,26,78,9,3,2008),(935,25,78,11,7,2004),(936,24,78,14,1,2000),(937,23,78,25,1,1996),(938,22,78,12,2,1992),(939,21,78,25,3,1988),(940,20,78,20,4,1984),(941,19,78,10,0,1980),(942,18,78,26,2,1976),(943,17,78,8,0,1972),(944,16,78,47,1,1968),(945,12,78,20,1,1952),(946,9,78,0,1,1932),(947,28,71,3,2,2016),(948,27,71,2,2,2012),(949,26,71,2,1,2008),(950,25,71,1,2,2004),(951,24,71,2,1,2000),(952,23,71,3,0,1996),(953,28,91,3,5,2016),(954,27,91,21,6,2012),(955,26,91,20,7,2008),(956,25,91,21,5,2004),(957,24,91,9,9,2000),(958,23,91,5,4,1996),(959,22,91,24,3,1992),(960,21,91,28,4,1988),(961,20,91,27,3,1984),(962,19,91,9,0,1980),(963,18,91,9,4,1976),(964,17,91,24,1,1972),(965,16,91,6,2,1968),(966,15,91,3,1,1964),(967,14,91,8,1,1960),(968,13,91,2,0,1956),(969,12,91,9,0,1952),(970,11,91,17,3,1948),(971,10,91,12,0,1936),(972,5,91,2,0,1912),(973,4,91,1,0,1908),(974,28,82,7,3,2016),(975,27,82,3,2,2012),(976,26,82,3,4,2008),(977,25,82,7,1,2004),(978,24,82,3,2,2000),(979,23,82,7,0,1996),(980,22,82,6,0,1992),(981,21,82,3,1,1988),(982,20,82,1,2,1984),(983,18,82,10,3,1976),(984,17,82,6,1,1972),(985,14,82,1,0,1960),(986,9,82,3,0,1932),(987,8,82,2,0,1928),(988,7,82,8,0,1924),(989,2,82,3,0,1900),(990,28,77,5,1,2016),(991,27,77,5,3,2012),(992,26,77,4,5,2008),(993,25,77,3,2,2004),(994,24,77,2,1,2000),(995,23,77,5,0,1996),(996,22,77,3,1,1992),(997,21,77,4,2,1988),(998,20,77,5,1,1984),(999,28,72,30,10,2016),(1000,27,72,28,6,2012),(1001,26,72,27,8,2008),(1002,25,72,26,6,2004),(1003,24,72,27,9,2000),(1004,23,72,27,7,1996),(1005,28,81,3,3,2016),(1006,27,81,4,2,2012),(1007,26,81,2,2,2008),(1008,25,81,2,2,2004),(1009,24,81,3,1,2000),(1010,23,81,6,1,1996),(1011,22,81,5,1,1992),(1012,21,81,7,1,1988),(1013,20,81,8,2,1984),(1014,19,81,7,1,1980),(1015,17,81,3,0,1972),(1016,16,81,5,0,1968),(1017,15,81,1,0,1964),(1018,14,81,4,1,1960),(1019,13,81,3,1,1956),(1020,12,81,1,0,1952),(1021,11,81,4,0,1948),(1022,28,90,20,0,2016),(1023,27,90,5,3,2012),(1024,26,90,3,1,2008),(1025,25,90,23,1,2004),(1026,24,90,2,2,2000),(1027,23,90,3,0,1996),(1028,22,90,8,0,1992),(1029,21,90,27,0,1988),(1030,20,90,23,0,1984),(1031,19,90,43,0,1980),(1032,16,90,3,0,1968),(1033,15,90,13,0,1964),(1034,14,90,21,0,1960),(1035,11,90,11,0,1948),(1036,28,75,7,6,2016),(1037,27,75,5,2,2012),(1038,26,75,8,1,2008),(1039,25,75,23,3,2004),(1040,24,75,16,6,2000),(1041,23,75,33,2,1996),(1042,22,75,32,2,1992),(1043,21,75,10,6,1988),(1044,20,75,14,7,1984),(1045,17,75,33,2,1972),(1046,16,75,30,1,1968),(1047,15,75,30,3,1964),(1048,14,75,13,0,1960),(1049,12,75,7,0,1952),(1050,28,98,171,164,2016),(1051,27,98,136,155,2012),(1052,26,98,167,165,2008),(1053,25,98,139,167,2004),(1054,24,98,156,110,2000),(1055,23,98,157,150,1996),(1056,22,98,175,81,1992),(1057,21,98,186,69,1988),(1058,20,98,174,52,1984),(1059,18,98,153,60,1976),(1060,17,98,148,36,1972),(1061,16,98,146,25,1968),(1062,15,98,270,58,1964),(1063,14,98,142,20,1960),(1064,13,98,94,16,1956),(1065,13,98,2,0,1956),(1066,12,98,58,11,1952),(1067,10,98,201,19,1936),(1068,9,98,139,18,1932),(1069,8,98,39,1,1928),(1070,7,98,19,0,1924),(1071,6,98,15,0,1920),(1072,5,98,2,0,1912),(1073,28,92,22,25,2016),(1074,27,92,19,18,2012),(1075,26,92,23,20,2008),(1076,25,92,20,16,2004),(1077,24,92,29,10,2000),(1078,23,92,18,7,1996),(1079,22,92,25,5,1992),(1080,21,92,14,4,1988),(1081,20,92,24,8,1984),(1082,18,92,24,2,1976),(1083,17,92,12,2,1972),(1084,16,92,26,3,1968),(1085,15,92,8,2,1964),(1086,14,92,17,6,1960),(1087,13,92,2,1,1956),(1088,12,92,22,3,1952),(1089,28,79,2,3,2016),(1090,27,79,2,2,2012),(1091,26,79,2,3,2008),(1092,25,79,2,1,2004),(1093,24,79,3,3,2000),(1094,23,79,4,1,1996),(1095,22,79,6,2,1992),(1096,21,79,6,0,1988),(1097,20,79,1,0,1984),(1098,19,79,9,0,1980),(1099,16,79,15,0,1968),(1100,28,86,17,11,2016),(1101,27,86,13,9,2012),(1102,26,86,15,9,2008),(1103,25,86,22,16,2004),(1104,24,86,27,20,2000),(1105,23,86,23,17,1996),(1106,22,86,27,15,1992),(1107,21,86,23,6,1988),(1108,20,86,13,3,1984),(1109,18,86,5,2,1976),(1110,17,86,3,3,1972),(1111,16,86,6,0,1968),(1112,14,86,20,2,1960),(1113,13,86,20,2,1956),(1114,12,86,3,0,1952),(1115,28,103,3,5,2016),(1116,28,107,3,2,2016),(1117,27,107,2,1,2012),(1118,26,107,2,2,2008),(1119,25,107,3,2,2004),(1120,24,107,2,1,2000),(1121,23,107,4,1,1996),(1122,22,107,6,0,1992),(1123,21,107,2,1,1988),(1124,19,107,17,2,1980),(1125,28,84,22,1,2016),(1126,27,84,22,3,2012),(1127,26,84,23,2,2008),(1128,25,84,3,2,2004),(1129,24,84,18,2,2000),(1130,23,84,4,3,1996),(1131,22,84,7,3,1992),(1132,21,84,7,1,1988),(1133,20,84,7,3,1984),(1134,18,84,3,0,1976),(1135,16,84,6,0,1968),(1136,28,80,3,2,2016),(1137,27,80,5,3,2012),(1138,26,80,4,2,2008),(1139,25,80,3,1,2004),(1140,24,80,5,2,2000),(1141,23,80,6,2,1996),(1142,22,80,16,6,1992),(1143,21,80,14,5,1988),(1144,28,97,7,1,2016),(1145,27,97,5,4,2012),(1146,26,97,3,4,2008),(1147,25,97,4,4,2004),(1148,24,97,4,4,2000),(1149,23,97,3,2,1996),(1150,22,97,3,1,1992),(1151,21,97,5,2,1988),(1152,20,97,12,1,1984),(1153,19,97,4,0,1980),(1154,28,99,55,46,2016),(1155,27,99,73,40,2012),(1156,26,99,60,70,2008),(1157,25,99,71,43,2004),(1158,24,99,86,44,2000),(1159,23,99,72,24,1996),(1160,28,101,12,7,2016),(1161,27,101,11,3,2012),(1162,26,101,16,4,2008),(1163,25,101,22,7,2004),(1164,24,101,35,13,2000),(1165,23,101,26,7,1996),(1166,27,106,8,2,2012),(1167,26,106,8,0,2008),(1168,25,106,10,1,2004),(1169,24,106,29,0,2000),(1170,23,106,25,0,1996),(1171,22,106,32,0,1992),(1172,21,106,25,0,1988),(1173,20,106,23,0,1984),(1174,19,106,56,0,1980),(1175,18,106,15,0,1976),(1176,17,106,4,0,1972),(1177,16,106,2,0,1968),(1178,28,85,88,66,2016),(1179,27,85,93,59,2012),(1180,26,85,88,83,2008),(1181,25,85,119,90,2004),(1182,24,85,109,69,2000),(1183,23,85,147,66,1996),(1184,22,85,159,58,1992),(1185,21,85,152,36,1988),(1186,19,85,182,81,1980),(1187,18,85,124,54,1976),(1188,17,85,187,45,1972),(1189,16,85,135,32,1968),(1190,15,85,150,32,1964),(1191,14,85,157,27,1960),(1192,13,85,88,20,1956),(1193,13,85,3,0,1956),(1194,12,85,162,27,1952),(1195,11,85,107,21,1948),(1196,10,85,197,19,1936),(1197,9,85,56,2,1932),(1198,8,85,93,16,1928),(1199,7,85,86,3,1924),(1200,5,85,121,0,1912),(1201,4,85,65,0,1908),(1203,3,85,4,0,1904),(1204,2,85,18,0,1900),(1205,1,85,7,0,1896),(1206,28,93,5,2,2016),(1207,27,93,4,3,2012),(1208,26,93,6,1,2008),(1209,25,93,5,1,2004),(1210,24,93,6,3,2000),(1211,23,93,6,6,1996),(1212,22,93,20,5,1992),(1213,21,93,19,3,1988),(1214,20,93,26,3,1984),(1215,18,93,19,2,1976),(1216,17,93,16,0,1972),(1217,16,93,6,0,1968),(1218,28,83,15,22,2016),(1219,27,83,21,20,2012),(1220,26,83,17,17,2008),(1221,25,83,14,18,2004),(1222,24,83,19,12,2000),(1223,23,83,14,9,1996),(1224,22,83,28,10,1992),(1225,21,83,38,10,1988),(1226,20,83,36,11,1984),(1227,18,83,23,2,1976),(1228,17,83,10,0,1972),(1229,16,83,11,0,1968),(1230,15,83,38,1,1964),(1231,14,83,4,0,1960),(1232,13,83,2,0,1956),(1233,12,83,2,2,1952),(1234,28,87,61,51,2016),(1235,27,87,58,23,2012),(1236,26,87,31,22,2008),(1237,25,87,48,25,2004),(1238,24,87,44,21,2000),(1239,23,87,40,9,1996),(1240,22,87,46,6,1992),(1241,21,87,39,7,1988),(1242,20,87,42,6,1984),(1243,19,87,56,16,1980),(1244,18,87,26,0,1976),(1245,17,87,40,1,1972),(1246,16,87,25,0,1968),(1247,15,87,52,1,1964),(1248,14,87,45,0,1960),(1249,13,87,58,1,1956),(1250,12,87,60,4,1952),(1251,11,87,79,0,1948),(1252,10,87,27,0,1936),(1253,9,87,19,0,1932),(1254,8,87,21,0,1928),(1255,7,87,12,1,1924),(1256,6,87,5,0,1920),(1257,2,87,1,0,1900),(1258,28,95,1,3,2016),(1259,27,95,1,1,2012),(1260,26,95,1,1,2008),(1261,25,95,1,0,2004),(1262,24,95,1,0,2000),(1263,23,95,7,0,1996),(1264,22,95,4,0,1992),(1265,21,95,3,0,1988),(1266,20,95,9,0,1984),(1267,28,105,7,3,2016),(1268,27,105,16,2,2012),(1269,26,105,14,0,2008),(1270,25,105,16,0,2004),(1271,24,105,18,0,2000),(1272,23,105,29,0,1996),(1273,22,105,9,0,1992),(1274,21,105,9,0,1988),(1275,20,105,37,0,1984),(1276,18,105,14,0,1976),(1277,17,105,10,0,1972),(1278,28,104,103,104,2016),(1279,27,104,135,115,2012),(1280,26,104,159,106,2008),(1281,25,104,145,119,2004),(1282,24,104,175,106,2000),(1283,23,104,190,112,1996),(1284,22,104,154,72,1992),(1285,21,104,269,132,1988),(1286,20,104,116,59,1984),(1287,18,104,38,12,1976),(1288,17,104,32,10,1972),(1289,16,104,41,13,1968),(1290,15,104,128,26,1964),(1291,14,104,33,2,1960),(1292,13,104,35,0,1956),(1293,12,104,18,1,1952),(1294,11,104,45,1,1948),(1295,28,89,50,26,2016),(1296,27,89,36,28,2012),(1297,26,89,39,16,2008),(1298,25,89,32,14,2004),(1299,24,89,40,24,2000),(1300,23,89,62,16,1996),(1301,22,89,49,9,1992),(1302,21,89,52,9,1988),(1303,20,89,28,13,1984),(1304,19,89,44,3,1980),(1305,18,89,41,3,1976),(1306,17,89,51,8,1972),(1307,16,89,25,6,1968),(1308,15,89,24,1,1964),(1309,14,89,47,2,1960),(1310,13,89,11,1,1956),(1311,13,89,6,0,1956),(1312,12,89,19,0,1952),(1313,11,89,68,5,1948),(1314,9,89,14,2,1932),(1315,8,89,33,5,1928),(1316,7,89,46,2,1924),(1317,28,96,25,31,2016),(1318,27,96,23,22,2012),(1319,26,96,23,27,2008),(1320,25,96,22,25,2004),(1321,24,96,22,26,2000),(1322,23,96,27,19,1996),(1323,22,96,22,14,1992),(1324,21,96,24,11,1988),(1325,20,96,31,13,1984),(1326,19,96,11,7,1980),(1327,18,96,11,9,1976),(1328,17,96,21,12,1972),(1329,16,96,20,5,1968),(1330,15,96,17,4,1964),(1331,13,96,6,0,1956),(1332,12,96,6,2,1952),(1333,11,96,9,4,1948),(1334,28,76,56,36,2016),(1335,27,76,65,37,2012),(1336,26,76,82,70,2008),(1337,25,76,215,211,2004),(1338,24,76,82,58,2000),(1339,23,76,87,34,1996),(1340,22,76,56,14,1992),(1341,21,76,44,12,1988),(1342,20,76,59,4,1984),(1343,19,76,38,3,1980),(1344,18,76,34,2,1976),(1345,17,76,58,2,1972),(1346,16,76,44,0,1968),(1347,15,76,18,0,1964),(1348,14,76,48,0,1960),(1349,13,76,13,0,1956),(1350,12,76,48,0,1952),(1351,11,76,60,1,1948),(1352,10,76,40,1,1936),(1353,9,76,10,0,1932),(1354,8,76,23,0,1928),(1355,7,76,38,1,1924),(1356,6,76,47,0,1920),(1357,5,76,22,0,1912),(1358,4,76,20,0,1908),(1360,3,76,14,0,1904),(1361,2,76,3,0,1900),(1362,1,76,102,0,1896),(1363,28,74,224,194,2016),(1364,27,74,212,171,2012),(1365,26,74,237,183,2008),(1366,25,74,250,191,2004),(1367,24,74,241,181,2000),(1368,23,74,279,187,1996),(1369,22,74,300,163,1992),(1370,15,74,275,62,1964),(1371,14,74,238,55,1960),(1372,13,74,134,24,1956),(1373,13,74,6,3,1956),(1374,12,74,173,32,1952),(1375,10,74,389,44,1936),(1376,9,74,136,9,1932),(1377,8,74,260,35,1928),(1378,5,74,180,5,1912),(1379,4,74,80,2,1908),(1381,3,74,22,0,1904),(1382,2,74,76,0,1900),(1383,1,74,19,0,1896),(1384,28,100,46,33,2016),(1385,27,100,27,20,2012),(1386,26,100,28,18,2008),(1387,25,100,22,24,2004),(1388,24,100,34,22,2000),(1389,23,100,42,10,1996),(1390,22,100,40,9,1992),(1391,21,100,70,4,1988),(1392,20,100,56,5,1984),(1393,17,100,55,2,1972),(1394,16,100,36,3,1968),(1395,15,100,37,0,1964),(1396,14,100,27,0,1960),(1397,13,100,24,1,1956),(1398,28,102,2,1,2016),(1399,27,102,2,1,2012),(1400,26,102,2,0,2008),(1401,25,102,2,1,2004),(1402,28,94,168,141,2016),(1403,27,94,158,123,2012),(1404,26,94,203,130,2008),(1405,25,94,229,135,2004),(1406,24,94,246,115,2000),(1407,23,94,236,104,1996),(1408,22,94,228,76,1992),(1409,21,94,212,41,1988),(1410,20,94,222,46,1984),(1411,19,94,121,38,1980),(1412,18,94,183,27,1976),(1413,17,94,197,27,1972),(1414,16,94,152,15,1968),(1415,15,94,157,11,1964),(1416,14,94,246,34,1960),(1417,13,94,114,15,1956),(1418,13,94,6,0,1956),(1419,12,94,208,23,1952),(1420,11,94,194,21,1948),(1421,10,94,228,16,1936),(1422,9,94,112,0,1932),(1423,8,94,156,18,1928),(1424,7,94,196,4,1924),(1425,6,94,173,1,1920),(1426,5,94,66,0,1912),(1427,4,94,66,0,1908),(1429,3,94,1,0,1904),(1430,2,94,22,1,1900),(1431,1,94,1,0,1896),(1432,28,113,7,1,2016),(1433,27,113,2,2,2012),(1434,26,113,4,1,2008),(1435,25,113,1,2,2004),(1436,24,113,4,2,2000),(1437,23,113,5,4,1996),(1438,22,113,5,1,1992),(1439,21,113,6,0,1988),(1440,20,113,4,0,1984),(1441,19,113,5,0,1980),(1442,17,113,1,0,1972),(1443,28,112,2,3,2016),(1444,27,112,1,3,2012),(1445,26,112,1,3,2008),(1446,25,112,1,1,2004),(1447,24,112,3,2,2000),(1448,23,112,5,1,1996),(1449,28,108,19,13,2016),(1450,27,108,31,14,2012),(1451,26,108,29,18,2008),(1452,25,108,22,10,2004),(1453,24,108,30,15,2000),(1454,23,108,34,13,1996),(1455,22,108,25,9,1992),(1456,10,108,29,0,1936),(1457,9,108,5,0,1932),(1458,8,108,15,2,1928),(1459,7,108,36,0,1924),(1460,28,109,6,1,2016),(1461,27,109,3,1,2012),(1462,26,109,4,2,2008),(1463,25,109,6,2,2004),(1464,24,109,3,0,2000),(1465,23,109,5,0,1996),(1466,22,109,5,0,1992),(1467,21,109,6,0,1988),(1468,19,109,27,2,1980),(1469,16,109,1,0,1968),(1470,28,120,3,2,2016),(1471,27,120,1,2,2012),(1472,26,120,2,2,2008),(1473,25,120,2,2,2004),(1474,24,120,1,1,2000),(1475,23,120,2,0,1996),(1476,22,120,3,1,1992),(1477,21,120,16,0,1988),(1478,20,120,15,0,1984),(1479,17,120,13,3,1972),(1480,28,116,5,5,2016),(1481,27,116,5,4,2012),(1482,26,116,9,4,2008),(1483,25,116,6,4,2004),(1484,24,116,2,5,2000),(1485,23,116,2,4,1996),(1486,22,116,5,1,1992),(1487,21,116,5,3,1988),(1488,20,116,4,1,1984),(1489,19,116,3,0,1980),(1490,18,116,8,0,1976),(1491,17,116,10,1,1972),(1492,16,116,3,2,1968),(1493,15,116,10,2,1964),(1494,14,116,47,5,1960),(1495,13,116,10,1,1956),(1496,12,116,44,0,1952),(1497,11,116,42,3,1948),(1498,10,116,48,1,1936),(1499,9,116,3,0,1932),(1500,8,116,46,2,1928),(1501,7,116,46,2,1924),(1502,6,116,25,0,1920),(1503,5,116,21,0,1912),(1504,2,116,1,0,1900),(1505,28,110,4,5,2016),(1506,27,110,3,7,2012),(1507,26,110,4,2,2008),(1508,25,110,3,2,2004),(1509,24,110,4,2,2000),(1510,23,110,0,1,1996),(1511,22,110,12,0,1992),(1512,21,110,19,2,1988),(1513,20,110,21,1,1984),(1514,19,110,15,0,1980),(1515,18,110,3,0,1976),(1516,17,110,17,2,1972),(1517,16,110,11,0,1968),(1518,15,110,5,0,1964),(1519,14,110,19,0,1960),(1520,12,110,9,0,1952),(1521,11,110,8,0,1948),(1522,28,126,2,4,2016),(1523,27,126,2,2,2012),(1524,26,126,5,2,2008),(1525,25,126,7,3,2004),(1526,24,126,6,4,2000),(1527,23,126,8,3,1996),(1528,28,111,1,1,2016),(1529,27,111,1,2,2012),(1530,26,111,2,1,2008),(1531,25,111,1,1,2004),(1532,24,111,6,2,2000),(1533,23,111,4,1,1996),(1534,21,111,7,1,1988),(1535,20,111,6,1,1984),(1536,17,111,5,0,1972),(1537,15,111,1,0,1964),(1538,14,111,4,0,1960),(1539,13,111,4,0,1956),(1540,28,119,17,15,2016),(1541,27,119,16,13,2012),(1542,26,119,18,14,2008),(1543,25,119,18,8,2004),(1544,24,119,32,8,2000),(1545,23,119,32,3,1996),(1546,22,119,26,0,1992),(1547,21,119,5,4,1988),(1548,20,119,20,1,1984),(1549,18,119,23,0,1976),(1550,17,119,42,3,1972),(1551,16,119,31,0,1968),(1552,15,119,57,4,1964),(1553,28,117,2,4,2016),(1554,27,117,3,4,2012),(1555,26,117,4,2,2008),(1556,25,117,3,5,2004),(1557,24,117,5,6,2000),(1558,23,117,4,7,1996),(1559,22,117,8,5,1992),(1560,20,117,5,0,1984),(1561,19,117,8,3,1980),(1562,17,117,11,0,1972),(1563,16,117,4,0,1968),(1564,15,117,3,0,1964),(1565,28,130,3,0,2016),(1566,27,130,5,1,2012),(1567,26,130,4,1,2008),(1568,25,130,2,1,2004),(1569,24,130,3,1,2000),(1570,23,130,2,1,1996),(1571,22,130,1,1,1992),(1572,21,130,8,1,1988),(1573,20,130,8,0,1984),(1574,18,130,8,0,1976),(1575,17,130,5,0,1972),(1576,16,130,2,0,1968),(1577,15,130,1,0,1964),(1578,14,130,11,0,1960),(1579,12,130,8,0,1952),(1580,11,130,4,0,1948),(1581,10,130,8,0,1936),(1582,9,130,1,0,1932),(1583,8,130,10,0,1928),(1584,7,130,7,0,1924),(1585,6,130,4,0,1920),(1586,28,70,201,159,2016),(1587,27,70,273,257,2012),(1588,26,70,163,141,2008),(1589,25,70,161,103,2004),(1590,24,70,181,129,2000),(1591,23,70,183,116,1996),(1592,22,70,228,142,1992),(1593,21,70,218,126,1988),(1594,20,70,228,108,1984),(1595,19,70,148,70,1980),(1596,18,70,176,66,1976),(1597,17,70,210,74,1972),(1598,16,70,175,50,1968),(1599,15,70,160,44,1964),(1600,14,70,206,47,1960),(1601,13,70,163,26,1956),(1602,13,70,5,3,1956),(1603,12,70,213,44,1952),(1604,11,70,334,69,1948),(1605,10,70,171,37,1936),(1606,9,70,91,17,1932),(1607,8,70,201,31,1928),(1608,7,70,239,28,1924),(1609,6,70,218,16,1920),(1610,5,70,264,10,1912),(1611,4,70,696,39,1908),(1613,3,70,6,0,1904),(1614,2,70,103,1,1900),(1615,1,70,10,0,1896),(1616,28,131,5,1,2016),(1617,27,131,4,2,2012),(1618,26,131,2,2,2008),(1619,25,131,2,2,2004),(1620,24,131,2,2,2000),(1621,23,131,2,1,1996),(1622,22,131,3,3,1992),(1623,21,131,6,2,1988),(1624,20,131,8,1,1984),(1625,19,131,12,2,1980),(1626,28,122,2,2,2016),(1627,27,122,3,2,2012),(1628,26,122,2,2,2008),(1629,25,122,2,2,2004),(1630,24,122,2,2,2000),(1631,23,122,5,1,1996),(1632,22,122,6,1,1992),(1633,21,122,7,0,1988),(1634,28,133,1,1,2016),(1635,27,133,1,1,2012),(1636,26,133,1,1,2008),(1637,25,133,1,1,2004),(1638,24,133,1,1,2000),(1639,23,133,4,0,1996),(1640,22,133,6,0,1992),(1641,21,133,6,0,1988),(1642,20,133,2,0,1984),(1643,28,127,4,2,2016),(1644,27,127,4,2,2012),(1645,26,127,3,14,2008),(1646,25,127,19,2,2004),(1647,24,127,3,2,2000),(1648,23,127,1,2,1996),(1649,22,127,3,2,1992),(1650,21,127,5,1,1988),(1651,20,127,4,0,1984),(1652,19,127,6,1,1980),(1653,17,127,3,0,1972),(1654,16,127,2,0,1968),(1655,15,127,2,0,1964),(1656,28,128,4,3,2016),(1657,27,128,3,2,2012),(1658,26,128,3,3,2008),(1659,25,128,4,3,2004),(1660,24,128,4,3,2000),(1661,23,128,4,3,1996),(1662,22,128,3,3,1992),(1663,21,128,5,1,1988),(1664,20,128,5,2,1984),(1665,19,128,7,1,1980),(1666,17,128,5,0,1972),(1667,16,128,1,0,1968),(1668,14,128,10,0,1960),(1669,11,128,1,0,1948),(1670,10,128,11,0,1936),(1671,8,128,9,0,1928),(1672,28,132,5,6,2016),(1673,27,132,4,7,2012),(1674,26,132,6,5,2008),(1675,25,132,6,3,2004),(1676,24,132,16,4,2000),(1677,23,132,21,5,1996),(1678,22,132,6,7,1992),(1679,21,132,6,2,1988),(1680,20,132,3,1,1984),(1681,28,123,79,44,2016),(1682,27,123,62,37,2012),(1683,26,123,43,40,2008),(1684,25,123,59,50,2004),(1685,24,123,52,26,2000),(1686,23,123,71,28,1996),(1687,22,123,76,26,1992),(1688,21,123,66,17,1988),(1689,20,123,77,22,1984),(1690,19,123,36,9,1980),(1691,18,123,92,5,1976),(1692,17,123,152,22,1972),(1693,16,123,233,42,1968),(1694,15,123,90,4,1964),(1695,14,123,63,6,1960),(1696,13,123,21,3,1956),(1697,12,123,61,3,1952),(1698,11,123,81,7,1948),(1699,10,123,32,0,1936),(1700,9,123,71,2,1932),(1701,8,123,30,0,1928),(1702,7,123,15,0,1924),(1703,2,123,3,0,1900),(1704,28,121,14,9,2016),(1705,27,121,12,8,2012),(1706,26,121,21,8,2008),(1707,25,121,26,7,2004),(1708,24,121,29,5,2000),(1709,23,121,35,5,1996),(1710,28,129,17,18,2016),(1711,27,129,18,15,2012),(1712,26,129,17,2,2008),(1713,28,124,26,17,2016),(1714,27,124,16,13,2012),(1715,26,124,14,14,2008),(1716,25,124,13,7,2004),(1717,24,124,12,8,2000),(1718,23,124,12,4,1996),(1719,22,124,27,6,1992),(1720,21,124,24,4,1988),(1721,19,124,39,4,1980),(1722,18,124,30,2,1976),(1723,17,124,37,2,1972),(1724,16,124,12,4,1968),(1725,15,124,17,4,1964),(1726,28,125,2,3,2016),(1727,27,125,2,2,2012),(1728,26,125,3,2,2008),(1729,28,118,29,19,2016),(1730,27,118,46,17,2012),(1731,26,118,36,11,2008),(1732,25,118,47,8,2004),(1733,24,118,46,9,2000),(1734,23,118,32,2,1996),(1735,22,118,43,1,1992),(1736,21,118,24,3,1988),(1737,20,118,33,1,1984),(1738,18,118,9,0,1976),(1739,17,118,33,2,1972),(1740,16,118,25,0,1968),(1741,15,118,20,0,1964),(1742,14,118,47,0,1960),(1743,28,115,48,19,2016),(1744,27,115,39,23,2012),(1745,26,115,44,27,2008),(1746,25,115,47,12,2004),(1747,24,115,40,21,2000),(1748,23,115,45,16,1996),(1749,22,115,36,11,1992),(1750,8,115,11,1,1928),(1751,7,115,13,0,1924),(1752,28,114,1,2,2016),(1753,27,114,1,2,2012),(1754,26,114,2,0,2008),(1755,25,114,1,0,2004),(1756,24,114,1,1,2000),(1757,23,114,0,2,1996),(1758,22,114,4,3,1992),(1759,21,114,9,3,1988),(1760,20,114,5,2,1984),(1761,18,114,4,2,1976),(1762,17,114,6,0,1972),(1763,16,114,2,0,1968),(1764,15,114,2,0,1964),(1765,14,114,5,0,1960),(1766,12,114,2,0,1952),(1767,11,114,2,0,1948),(1768,10,114,6,0,1936),(1769,28,136,3,2,2016),(1770,27,136,3,3,2012),(1771,26,136,3,3,2008),(1772,25,136,2,3,2004),(1773,24,136,4,2,2000),(1774,23,136,25,1,1996),(1775,22,136,7,1,1992),(1776,20,136,5,0,1984),(1777,19,136,3,2,1980),(1778,18,136,15,0,1976),(1779,17,136,7,1,1972),(1780,16,136,11,0,1968),(1781,28,134,4,3,2016),(1782,27,134,3,3,2012),(1783,26,134,4,2,2008),(1784,25,134,0,2,2004),(1785,24,134,1,6,2000),(1786,23,134,2,1,1996),(1787,22,134,1,3,1992),(1788,21,134,0,2,1988),(1789,20,134,1,0,1984),(1790,19,134,2,0,1980),(1791,17,134,18,0,1972),(1792,16,134,4,0,1968),(1793,15,134,11,0,1964),(1794,14,134,10,0,1960),(1795,13,134,11,0,1956),(1796,12,134,5,0,1952),(1797,11,134,4,0,1948),(1798,28,155,61,29,2016),(1799,27,155,44,32,2012),(1800,26,155,51,26,2008),(1801,25,155,64,17,2004),(1802,24,155,48,13,2000),(1803,23,155,83,24,1996),(1804,22,155,68,22,1992),(1805,21,155,55,10,1988),(1806,20,155,29,9,1984),(1807,19,155,10,1,1980),(1808,18,155,19,0,1976),(1809,17,155,29,0,1972),(1810,16,155,19,1,1968),(1811,15,155,19,1,1964),(1812,14,155,60,5,1960),(1813,13,155,5,0,1956),(1814,13,155,7,0,1956),(1815,12,155,68,3,1952),(1816,11,155,48,0,1948),(1817,10,155,19,0,1936),(1818,9,155,6,0,1932),(1819,8,155,32,0,1928),(1820,7,155,28,0,1924),(1821,6,155,13,0,1920),(1822,5,155,6,0,1912),(1823,28,147,4,6,2016),(1824,27,147,6,2,2012),(1825,26,147,3,2,2008),(1826,25,147,3,1,2004),(1827,24,147,4,2,2000),(1828,23,147,5,2,1996),(1829,22,147,5,0,1992),(1830,21,147,6,0,1988),(1831,20,147,7,1,1984),(1832,18,147,7,1,1976),(1833,17,147,7,0,1972),(1834,16,147,16,0,1968),(1835,15,147,6,4,1964),(1836,14,147,2,4,1960),(1837,12,147,1,0,1952),(1838,11,147,1,0,1948),(1839,8,147,1,0,1928),(1840,28,137,105,132,2016),(1841,27,137,94,79,2012),(1842,26,137,139,98,2008),(1843,25,137,134,76,2004),(1844,24,137,147,84,2000),(1845,23,137,137,102,1996),(1846,22,137,117,84,1992),(1847,21,137,93,54,1988),(1848,20,137,82,54,1984),(1849,19,137,57,18,1980),(1850,18,137,72,36,1976),(1851,17,137,90,29,1972),(1852,16,137,82,25,1968),(1853,15,137,105,20,1964),(1854,14,137,80,30,1960),(1855,13,137,1,0,1956),(1856,12,137,78,26,1952),(1857,11,137,115,34,1948),(1858,10,137,144,21,1936),(1859,9,137,30,15,1932),(1860,8,137,222,44,1928),(1861,7,137,168,9,1924),(1862,6,137,129,1,1920),(1863,5,137,33,0,1912),(1864,4,137,113,0,1908),(1866,2,137,35,0,1900),(1867,28,151,4,2,2016),(1868,27,151,3,2,2012),(1869,26,151,2,2,2008),(1870,25,151,2,1,2004),(1871,24,151,1,1,2000),(1872,23,151,1,0,1996),(1873,28,142,2,0,2016),(1874,27,142,2,0,2012),(1875,26,142,1,0,2008),(1876,25,142,2,1,2004),(1877,24,142,1,1,2000),(1878,23,142,3,0,1996),(1879,28,158,35,2,2016),(1880,27,158,8,4,2012),(1881,26,158,20,0,2008),(1882,25,158,15,0,2004),(1883,24,158,17,0,2000),(1884,23,158,12,0,1996),(1885,22,158,28,0,1992),(1886,21,158,10,0,1988),(1887,20,158,24,0,1984),(1888,28,154,139,95,2016),(1889,27,154,124,86,2012),(1890,26,154,156,101,2008),(1891,25,154,132,62,2004),(1892,24,154,129,58,2000),(1893,23,154,126,39,1996),(1894,22,154,149,52,1992),(1895,21,154,111,32,1988),(1896,19,154,232,74,1980),(1897,18,154,180,27,1976),(1898,17,154,252,38,1972),(1899,16,154,140,37,1968),(1900,15,154,115,25,1964),(1901,14,154,156,29,1960),(1902,13,154,49,15,1956),(1903,12,154,103,22,1952),(1904,11,154,30,7,1948),(1905,10,154,127,17,1936),(1906,9,154,42,9,1932),(1907,8,154,82,11,1928),(1908,7,154,64,1,1924),(1909,5,154,1,0,1912),(1910,28,140,4,2,2016),(1911,27,140,4,2,2012),(1912,26,140,2,2,2008),(1913,25,140,3,1,2004),(1914,24,140,2,2,2000),(1915,23,140,2,1,1996),(1916,22,140,3,0,1992),(1917,21,140,6,0,1988),(1918,20,140,4,0,1984),(1919,17,140,4,0,1972),(1920,16,140,2,0,1968),(1921,15,140,1,0,1964),(1922,28,139,47,24,2016),(1923,27,139,30,19,2012),(1924,26,139,37,37,2008),(1925,25,139,24,46,2004),(1926,24,139,44,39,2000),(1927,23,139,49,16,1996),(1928,22,139,32,23,1992),(1929,21,139,61,8,1988),(1930,20,139,30,2,1984),(1931,19,139,38,6,1980),(1932,17,139,20,5,1972),(1933,16,139,31,5,1968),(1934,15,139,16,2,1964),(1935,14,139,12,0,1960),(1936,13,139,10,0,1956),(1937,12,139,9,0,1952),(1938,28,159,6,4,2016),(1939,28,146,4,3,2016),(1940,27,146,19,2,2012),(1941,26,146,19,2,2008),(1942,25,146,24,2,2004),(1943,24,146,26,1,2000),(1944,23,146,23,1,1996),(1945,22,146,27,0,1992),(1946,21,146,30,0,1988),(1947,20,146,31,0,1984),(1948,18,146,24,0,1976),(1949,17,146,25,0,1972),(1950,16,146,15,0,1968),(1951,15,146,41,0,1964),(1952,14,146,44,0,1960),(1953,13,146,55,0,1956),(1954,12,146,38,0,1952),(1955,11,146,35,0,1948),(1956,28,138,3,4,2016),(1957,27,138,2,3,2012),(1958,26,138,4,4,2008),(1959,25,138,3,3,2004),(1960,24,138,2,3,2000),(1961,23,138,3,3,1996),(1962,22,138,1,1,1992),(1963,21,138,13,3,1988),(1964,20,138,10,0,1984),(1965,19,138,10,0,1980),(1966,18,138,1,0,1976),(1967,17,138,2,0,1972),(1968,15,138,6,0,1964),(1969,28,135,4,6,2016),(1970,27,135,5,4,2012),(1971,26,135,6,4,2008),(1972,25,135,7,1,2004),(1973,24,135,9,2,2000),(1974,23,135,6,2,1996),(1975,22,135,5,1,1992),(1976,28,145,2,2,2016),(1977,27,145,2,1,2012),(1978,26,145,3,1,2008),(1979,25,145,2,0,2004),(1980,24,145,6,0,2000),(1981,23,145,4,0,1996),(1982,22,145,5,0,1992),(1983,21,145,8,0,1988),(1984,20,145,16,0,1984),(1985,28,152,3,2,2016),(1986,27,152,2,3,2012),(1987,26,152,3,2,2008),(1988,25,152,2,2,2004),(1989,24,152,2,3,2000),(1990,28,150,7,6,2016),(1991,27,150,7,4,2012),(1992,26,150,10,5,2008),(1993,25,150,12,4,2004),(1994,24,150,11,9,2000),(1995,23,150,7,4,1996),(1996,22,150,23,2,1992),(1997,21,150,26,5,1988),(1998,20,150,15,4,1984),(1999,18,150,13,1,1976),(2000,17,150,48,5,1972),(2001,16,150,45,4,1968),(2002,15,150,40,7,1964),(2003,14,150,36,4,1960),(2004,13,150,35,4,1956),(2005,12,150,25,0,1952),(2006,11,150,26,0,1948),(2007,10,150,28,0,1936),(2008,9,150,8,0,1932),(2009,8,150,4,0,1928),(2010,7,150,1,0,1924),(2011,28,157,13,27,2016),(2012,27,157,19,6,2012),(2013,26,157,17,5,2008),(2014,25,157,32,11,2004),(2015,24,157,23,6,2000),(2016,23,157,47,22,1996),(2017,22,157,65,6,1992),(2018,21,157,44,3,1988),(2019,20,157,43,8,1984),(2020,19,157,3,0,1980),(2021,18,157,73,7,1976),(2022,17,157,53,0,1972),(2023,16,157,54,4,1968),(2024,15,157,30,2,1964),(2025,14,157,26,1,1960),(2026,13,157,10,0,1956),(2027,12,157,21,0,1952),(2028,11,157,9,0,1948),(2029,28,148,6,5,2016),(2030,27,148,4,4,2012),(2031,26,148,3,4,2008),(2032,25,148,20,2,2004),(2033,24,148,2,3,2000),(2034,23,148,6,1,1996),(2035,22,148,24,3,1992),(2036,21,148,10,0,1988),(2037,20,148,14,0,1984),(2038,18,148,4,0,1976),(2039,17,148,3,0,1972),(2040,16,148,1,0,1968),(2041,28,141,29,33,2016),(2042,27,141,33,28,2012),(2043,26,141,30,54,2008),(2044,25,141,35,17,2004),(2045,24,141,44,49,2000),(2046,23,141,42,55,1996),(2047,22,141,51,32,1992),(2048,21,141,44,25,1988),(2049,20,141,84,19,1984),(2050,18,141,60,6,1976),(2051,17,141,101,11,1972),(2052,16,141,38,8,1968),(2053,15,141,24,2,1964),(2054,14,141,39,1,1960),(2055,13,141,18,0,1956),(2056,13,141,1,3,1956),(2057,12,141,96,6,1952),(2058,11,141,77,4,1948),(2059,10,141,68,2,1936),(2060,9,141,6,1,1932),(2061,8,141,52,0,1928),(2062,7,141,60,2,1924),(2063,6,141,188,6,1920),(2064,5,141,188,2,1912),(2065,4,141,69,0,1908),(2067,3,141,3,0,1904),(2068,2,141,7,0,1900),(2069,28,156,11,20,2016),(2070,27,156,15,37,2012),(2071,26,156,21,37,2008),(2072,25,156,13,23,2004),(2073,24,156,14,17,2000),(2074,23,156,15,9,1996),(2075,22,156,36,28,1992),(2076,19,156,39,8,1980),(2077,18,156,36,2,1976),(2078,17,156,23,14,1972),(2079,28,153,6,2,2016),(2080,27,153,4,4,2012),(2081,26,153,3,4,2008),(2082,25,153,2,2,2004),(2083,24,153,2,3,2000),(2084,23,153,11,0,1996),(2085,22,153,12,1,1992),(2086,21,153,9,2,1988),(2087,20,153,4,3,1984),(2088,18,153,6,0,1976),(2089,28,149,17,12,2016),(2090,27,149,9,7,2012),(2091,26,149,7,6,2008),(2092,25,149,7,5,2004),(2093,24,149,8,13,2000),(2094,23,149,15,14,1996),(2095,22,149,12,4,1992),(2096,21,149,7,14,1988),(2097,20,149,19,16,1984),(2098,19,149,14,14,1980),(2099,18,149,0,13,1976),(2100,17,149,17,3,1972),(2101,16,149,16,12,1968),(2102,15,149,30,1,1964),(2103,14,149,31,0,1960),(2104,13,149,8,0,1956),(2105,11,149,41,0,1948),(2106,10,149,40,0,1936),(2107,9,149,2,0,1932),(2108,2,149,1,0,1900),(2109,28,143,98,97,2016),(2110,27,143,96,82,2012),(2111,26,143,96,82,2008),(2112,25,143,81,67,2004),(2113,24,143,77,70,2000),(2114,23,143,66,29,1996),(2115,22,143,92,42,1992),(2116,21,143,67,16,1988),(2117,20,143,98,32,1984),(2118,19,143,4,0,1980),(2119,18,143,71,9,1976),(2120,17,143,82,7,1972),(2121,16,143,47,5,1968),(2122,15,143,56,8,1964),(2123,14,143,33,4,1960),(2124,13,143,43,8,1956),(2125,12,143,12,2,1952),(2126,11,143,6,1,1948),(2127,10,143,7,0,1936),(2128,9,143,20,1,1932),(2129,8,143,6,3,1928),(2130,7,143,3,1,1924),(2131,6,143,3,1,1920),(2132,2,143,1,0,1900),(2133,28,168,5,1,2016),(2134,27,168,4,0,2012),(2135,26,168,1,3,2008),(2136,25,168,1,1,2004),(2137,24,168,1,1,2000),(2138,23,168,4,6,1996),(2139,28,169,2,2,2016),(2140,27,169,1,1,2012),(2141,26,169,2,1,2008),(2142,25,169,1,1,2004),(2143,24,169,2,1,2000),(2144,23,169,10,4,1996),(2145,22,169,9,2,1992),(2146,21,169,11,1,1988),(2147,20,169,6,1,1984),(2148,19,169,12,2,1980),(2149,16,169,3,0,1968),(2150,28,163,4,3,2016),(2151,27,163,5,2,2012),(2152,26,163,2,2,2008),(2153,25,163,3,2,2004),(2154,24,163,3,2,2000),(2155,23,163,4,0,1996),(2156,22,163,7,3,1992),(2157,21,163,3,3,1988),(2158,20,163,2,1,1984),(2159,28,175,7,2,2016),(2160,27,175,4,3,2012),(2161,26,175,4,4,2008),(2162,25,175,4,3,2004),(2163,24,175,9,9,2000),(2164,23,175,5,4,1996),(2165,22,175,5,6,1992),(2166,21,175,4,2,1988),(2167,20,175,4,0,1984),(2168,19,175,4,0,1980),(2169,17,175,4,0,1972),(2170,16,175,3,0,1968),(2171,15,175,6,0,1964),(2172,14,175,5,0,1960),(2173,13,175,3,0,1956),(2174,12,175,5,0,1952),(2175,11,175,7,0,1948),(2176,28,165,6,16,2016),(2177,27,165,24,7,2012),(2178,26,165,8,7,2008),(2179,25,165,6,9,2004),(2180,24,165,7,19,2000),(2181,23,165,11,0,1996),(2182,22,165,18,2,1992),(2183,21,165,22,1,1988),(2184,20,165,23,1,1984),(2185,19,165,30,2,1980),(2186,18,165,19,2,1976),(2187,17,165,38,0,1972),(2188,16,165,21,0,1968),(2189,15,165,12,0,1964),(2190,28,180,4,2,2016),(2191,27,180,3,2,2012),(2192,26,180,2,2,2008),(2193,25,180,2,2,2004),(2194,24,180,2,2,2000),(2195,23,180,5,2,1996),(2196,22,180,5,1,1992),(2197,21,180,4,2,1988),(2198,20,180,5,0,1984),(2199,18,180,3,0,1976),(2200,17,180,2,0,1972),(2201,16,180,1,0,1968),(2202,28,164,5,3,2016),(2203,27,164,5,3,2012),(2204,26,164,4,2,2008),(2205,25,164,2,1,2004),(2206,24,164,4,1,2000),(2207,23,164,4,1,1996),(2208,22,164,5,0,1992),(2209,21,164,11,0,1988),(2210,20,164,8,0,1984),(2211,28,166,8,2,2016),(2212,27,166,4,2,2012),(2213,26,166,6,3,2008),(2214,25,166,7,2,2004),(2215,24,166,6,3,2000),(2216,23,166,8,1,1996),(2217,22,166,10,1,1992),(2218,20,166,8,1,1984),(2219,19,166,9,2,1980),(2220,28,178,4,2,2016),(2221,27,178,4,2,2012),(2222,26,178,5,4,2008),(2223,25,178,3,1,2004),(2224,24,178,2,1,2000),(2225,23,178,4,0,1996),(2226,22,178,6,0,1992),(2227,21,178,8,0,1988),(2228,20,178,7,0,1984),(2229,17,178,26,0,1972),(2230,16,178,5,0,1968),(2231,14,178,10,0,1960),(2232,27,167,8,15,2012),(2233,26,167,11,14,2008),(2234,25,167,6,10,2004),(2235,24,167,8,6,2000),(2236,23,167,9,5,1996),(2237,22,167,11,3,1992),(2238,21,167,7,1,1988),(2239,20,167,5,0,1984),(2240,18,167,3,1,1976),(2241,17,167,5,2,1972),(2242,16,167,4,0,1968),(2243,14,167,5,0,1960),(2244,13,167,47,2,1956),(2245,12,167,4,1,1952),(2246,11,167,1,0,1948),(2247,28,171,2,2,2016),(2248,27,171,1,3,2012),(2249,26,171,2,2,2008),(2250,25,171,4,1,2004),(2251,24,171,3,1,2000),(2252,23,171,6,1,1996),(2253,22,171,16,1,1992),(2254,21,171,11,0,1988),(2255,20,171,18,1,1984),(2256,19,171,16,0,1980),(2257,18,171,8,2,1976),(2258,17,171,7,0,1972),(2259,16,171,4,0,1968),(2260,14,171,9,0,1960),(2261,28,160,34,61,2016),(2262,27,160,55,50,2012),(2263,26,160,40,61,2008),(2264,25,160,50,58,2004),(2265,24,160,71,74,2000),(2266,23,160,98,67,1996),(2267,22,160,105,68,1992),(2268,21,160,32,36,1988),(2269,20,160,71,53,1984),(2270,19,160,154,74,1980),(2271,18,160,103,54,1976),(2272,17,160,132,27,1972),(2273,16,160,66,16,1968),(2274,15,160,108,30,1964),(2275,14,160,82,16,1960),(2276,13,160,33,11,1956),(2277,13,160,6,0,1956),(2278,12,160,103,11,1952),(2279,10,160,52,2,1936),(2280,9,160,1,0,1932),(2281,8,160,19,2,1928),(2282,7,160,35,0,1924),(2283,2,160,1,0,1900),(2284,28,177,2,1,2016),(2285,27,177,1,1,2012),(2286,26,177,2,1,2008),(2287,25,177,1,1,2004),(2288,24,177,1,1,2000),(2289,23,177,1,1,1996),(2290,28,170,39,24,2016),(2291,27,170,28,37,2012),(2292,26,170,40,21,2008),(2293,25,170,56,23,2004),(2294,24,170,55,19,2000),(2295,23,170,25,12,1996),(2296,22,170,29,6,1992),(2297,28,173,1,1,2016),(2298,27,173,1,1,2012),(2299,26,173,1,1,2008),(2300,25,173,1,1,2004),(2301,24,173,1,1,2000),(2302,23,173,4,0,1996),(2303,21,173,5,0,1988),(2304,20,173,7,0,1984),(2305,17,173,3,0,1972),(2306,28,176,2,1,2016),(2307,28,162,143,142,2016),(2308,27,162,204,226,2012),(2309,26,162,231,223,2008),(2310,25,162,244,202,2004),(2311,24,162,241,194,2000),(2312,23,162,232,159,1996),(2313,7,162,2,1,1924),(2314,5,162,159,0,1912),(2315,4,162,6,0,1908),(2316,2,162,4,0,1900),(2317,28,181,32,20,2016),(2318,27,181,26,21,2012),(2319,26,181,35,22,2008),(2320,25,181,48,16,2004),(2321,24,181,81,27,2000),(2322,23,181,58,13,1996),(2323,28,174,58,45,2016),(2324,27,174,80,36,2012),(2325,26,174,63,24,2008),(2326,5,174,2,0,1912),(2327,28,179,58,45,2016),(2328,27,179,70,28,2012),(2329,26,179,47,36,2008),(2330,25,179,59,39,2004),(2331,24,179,64,38,2000),(2332,23,179,72,43,1996),(2333,22,179,73,29,1992),(2334,21,179,72,27,1988),(2335,20,179,102,27,1984),(2336,19,179,67,6,1980),(2337,18,179,47,3,1976),(2338,17,179,122,29,1972),(2339,16,179,81,4,1968),(2340,15,179,65,1,1964),(2341,14,179,147,2,1960),(2342,13,179,9,0,1956),(2343,12,179,148,9,1952),(2344,11,179,178,8,1948),(2345,10,179,184,6,1936),(2346,9,179,7,0,1932),(2347,8,179,133,1,1928),(2348,7,179,136,5,1924),(2349,6,179,77,0,1920),(2350,5,179,7,0,1912),(2351,4,179,1,0,1908),(2353,3,179,3,0,1904),(2354,2,179,17,1,1900),(2355,1,179,3,0,1896),(2356,28,172,1,2,2016),(2357,27,172,2,2,2012),(2358,26,172,1,2,2008),(2359,25,172,1,1,2004),(2360,24,172,1,1,2000),(2361,23,172,3,1,1996),(2362,22,172,1,0,1992),(2363,21,172,4,0,1988),(2364,20,172,3,0,1984),(2365,28,187,26,28,2016),(2366,27,187,19,18,2012),(2367,26,187,22,25,2008),(2368,25,187,24,18,2004),(2369,24,187,34,18,2000),(2370,23,187,25,12,1996),(2371,22,187,23,23,1992),(2372,21,187,12,2,1988),(2373,20,187,25,10,1984),(2374,18,187,39,3,1976),(2375,17,187,33,0,1972),(2376,16,187,41,0,1968),(2377,15,187,47,7,1964),(2378,14,187,20,0,1960),(2379,13,187,35,0,1956),(2380,12,187,8,0,1952),(2381,28,189,4,5,2016),(2382,27,189,7,3,2012),(2383,26,189,6,4,2008),(2384,25,189,6,3,2004),(2385,24,189,4,4,2000),(2386,23,189,4,3,1996),(2387,28,191,2,3,2016),(2388,27,191,4,2,2012),(2389,26,191,3,1,2008),(2390,25,191,2,1,2004),(2391,24,191,2,1,2000),(2392,23,191,5,0,1996),(2393,22,191,6,0,1992),(2394,21,191,6,0,1988),(2395,20,191,6,0,1984),(2396,17,191,7,0,1972),(2397,28,192,26,31,2016),(2398,27,192,19,25,2012),(2399,26,192,43,36,2008),(2400,25,192,49,39,2004),(2401,24,192,21,34,2000),(2402,23,192,32,42,1996),(2403,22,192,23,8,1992),(2404,21,192,43,18,1988),(2405,20,192,31,7,1984),(2406,17,192,15,6,1972),(2407,16,192,35,8,1968),(2408,15,192,37,3,1964),(2409,14,192,24,3,1960),(2410,13,192,20,0,1956),(2411,28,202,47,23,2016),(2412,27,202,36,17,2012),(2413,26,202,41,15,2008),(2414,25,202,51,18,2004),(2415,24,202,52,18,2000),(2416,23,202,63,8,1996),(2417,28,185,5,2,2016),(2418,27,185,4,2,2012),(2419,26,185,7,2,2008),(2420,25,185,6,2,2004),(2421,24,185,3,1,2000),(2422,23,185,6,1,1996),(2423,22,185,9,0,1992),(2424,21,185,10,0,1988),(2425,20,185,16,2,1984),(2426,19,185,36,5,1980),(2427,17,185,15,0,1972),(2428,16,185,4,0,1968),(2429,15,185,4,0,1964),(2430,28,196,1,0,2016),(2431,27,196,2,1,2012),(2432,26,196,2,1,2008),(2433,28,188,5,2,2016),(2434,27,188,13,3,2012),(2435,26,188,12,3,2008),(2436,25,188,5,4,2004),(2437,24,188,2,2,2000),(2438,23,188,6,2,1996),(2439,28,195,53,47,2016),(2440,27,195,48,64,2012),(2441,26,195,48,19,2008),(2442,25,195,44,20,2004),(2443,24,195,42,15,2000),(2444,23,195,44,9,1996),(2445,22,195,36,5,1992),(2446,21,195,36,5,1988),(2447,20,195,45,1,1984),(2448,18,195,26,1,1976),(2449,17,195,42,1,1972),(2450,16,195,29,0,1968),(2451,15,195,23,0,1964),(2452,14,195,46,3,1960),(2453,13,195,13,0,1956),(2454,13,195,6,0,1956),(2455,12,195,51,0,1952),(2456,11,195,57,1,1948),(2457,10,195,46,2,1936),(2458,9,195,1,0,1932),(2459,8,195,31,0,1928),(2460,7,195,22,0,1924),(2461,5,195,2,0,1912),(2463,28,194,41,20,2016),(2464,27,194,63,20,2012),(2465,26,194,14,12,2008),(2466,25,194,44,10,2004),(2467,24,194,40,7,2000),(2468,23,194,45,6,1996),(2469,22,194,11,2,1992),(2470,21,194,39,2,1988),(2471,20,194,22,1,1984),(2472,18,194,14,1,1976),(2473,17,194,35,0,1972),(2474,16,194,7,0,1968),(2475,15,194,9,0,1964),(2476,14,194,42,0,1960),(2477,28,190,1,2,2016),(2478,27,190,1,1,2012),(2479,26,190,0,1,2008),(2480,25,190,1,1,2004),(2481,28,197,9,3,2016),(2482,27,197,24,2,2012),(2483,26,197,6,2,2008),(2484,25,197,4,0,2004),(2485,24,197,4,0,2000),(2486,23,197,4,0,1996),(2487,22,197,13,0,1992),(2488,21,197,12,0,1988),(2489,20,197,7,0,1984),(2490,28,183,1,1,2016),(2491,27,183,2,1,2012),(2492,26,183,2,2,2008),(2493,25,183,2,1,2004),(2494,24,183,4,2,2000),(2495,23,183,5,1,1996),(2496,22,183,6,0,1992),(2497,21,183,11,0,1988),(2498,20,183,8,0,1984),(2499,17,183,2,0,1972),(2500,28,193,18,10,2016),(2501,27,193,18,7,2012),(2502,26,193,17,11,2008),(2503,25,193,10,9,2004),(2504,24,193,14,5,2000),(2505,23,193,8,4,1996),(2506,22,193,7,0,1992),(2507,21,193,4,2,1988),(2508,20,193,11,5,1984),(2509,19,193,9,0,1980),(2510,18,193,13,0,1976),(2511,17,193,18,1,1972),(2512,16,193,19,0,1968),(2513,15,193,13,0,1964),(2514,13,193,6,0,1956),(2515,12,193,2,0,1952),(2516,11,193,5,0,1948),(2517,28,184,4,3,2016),(2518,27,184,6,4,2012),(2519,26,184,6,1,2008),(2520,25,184,5,1,2004),(2521,24,184,6,2,2000),(2522,23,184,6,1,1996),(2523,22,184,7,1,1992),(2524,21,184,13,0,1988),(2525,20,184,9,0,1984),(2526,19,184,65,2,1980),(2527,17,184,4,1,1972),(2528,16,184,2,0,1968),(2529,11,184,1,0,1948),(2530,28,186,4,3,2016),(2531,27,186,2,1,2012),(2532,26,186,2,1,2008),(2533,25,186,4,1,2004),(2534,24,186,2,1,2000),(2535,23,186,4,1,1996),(2536,22,186,5,0,1992),(2537,21,186,4,1,1988),(2538,20,186,7,0,1984),(2539,28,201,264,291,2016),(2540,27,201,262,268,2012),(2541,26,201,306,282,2008),(2542,25,201,279,254,2004),(2543,24,201,333,253,2000),(2544,23,201,375,273,1996),(2545,22,201,355,189,1992),(2546,21,201,331,195,1988),(2547,20,201,338,183,1984),(2548,18,201,278,118,1976),(2549,17,201,316,84,1972),(2550,16,201,274,83,1968),(2551,15,201,267,79,1964),(2552,14,201,241,51,1960),(2553,13,201,251,46,1956),(2554,13,201,7,1,1956),(2555,12,201,245,41,1952),(2556,11,201,262,38,1948),(2557,10,201,313,46,1936),(2558,9,201,400,74,1932),(2559,8,201,236,44,1928),(2560,7,201,275,24,1924),(2561,6,201,274,14,1920),(2562,5,201,174,0,1912),(2563,4,201,122,0,1908),(2565,3,201,518,6,1904),(2566,2,201,68,7,1900),(2567,1,201,14,0,1896),(2568,28,199,87,117,2016),(2569,27,199,119,111,2012),(2570,26,199,127,116,2008),(2571,25,199,124,115,2004),(2572,24,199,139,91,2000),(2573,23,199,146,85,1996),(2574,28,182,64,86,2016),(2575,27,182,55,78,2012),(2576,26,182,50,73,2008),(2577,25,182,62,53,2004),(2578,24,182,98,52,2000),(2579,23,182,111,66,1996),(2580,22,182,143,44,1992),(2581,21,182,148,37,1988),(2582,20,182,131,43,1984),(2583,19,182,122,23,1980),(2584,18,182,99,17,1976),(2585,17,182,104,27,1972),(2586,16,182,86,14,1968),(2587,15,182,76,18,1964),(2588,14,182,115,19,1960),(2589,13,182,74,14,1956),(2590,13,182,9,0,1956),(2591,12,182,183,23,1952),(2592,11,182,162,19,1948),(2593,10,182,163,8,1936),(2594,9,182,78,3,1932),(2595,8,182,87,13,1928),(2596,7,182,146,13,1924),(2597,6,182,247,13,1920),(2598,5,182,421,23,1912),(2599,4,182,165,3,1908),(2601,2,182,10,0,1900),(2602,1,182,1,0,1896),(2603,28,198,14,7,2016),(2604,27,198,11,4,2012),(2605,26,198,9,2,2008),(2606,25,198,9,2,2004),(2607,24,198,9,3,2000),(2608,23,198,7,2,1996),(2609,22,198,6,1,1992),(2610,21,198,20,4,1988),(2611,20,198,24,2,1984),(2612,19,198,13,0,1980),(2613,17,198,31,2,1972),(2614,16,198,11,0,1968),(2615,15,198,11,2,1964),(2616,14,198,10,0,1960),(2617,13,198,3,0,1956),(2618,28,200,12,5,2016),(2619,27,200,24,3,2012),(2620,26,200,9,3,2008),(2621,25,200,13,2,2004),(2622,24,200,12,3,2000),(2623,23,200,12,2,1996),(2624,22,200,16,0,1992),(2625,21,200,14,1,1988),(2626,20,200,17,1,1984),(2627,18,200,7,2,1976),(2628,17,200,10,3,1972),(2629,16,200,21,6,1968),(2630,15,200,23,0,1964),(2631,14,200,34,0,1960),(2632,13,200,21,0,1956),(2633,12,200,31,1,1952),(2634,11,200,60,1,1948),(2635,10,200,37,0,1936),(2636,9,200,2,0,1932),(2637,8,200,17,0,1928),(2638,7,200,26,0,1924),(2639,26,257,3,4,2008),(2640,28,206,2,2,2016),(2641,27,206,2,1,2012),(2642,26,206,1,1,2008),(2643,25,206,2,1,2004),(2644,24,206,2,2,2000),(2645,23,206,7,1,1996),(2646,22,206,4,2,1992),(2647,21,206,5,1,1988),(2648,28,208,5,2,2016),(2649,27,208,5,2,2012),(2650,26,208,6,2,2008),(2651,25,208,4,2,2004),(2652,24,208,6,2,2000),(2653,23,208,7,1,1996),(2654,22,208,8,1,1992),(2655,21,208,29,0,1988),(2656,20,208,16,0,1984),(2657,19,208,37,0,1980),(2658,17,208,8,3,1972),(2659,16,208,7,0,1968),(2660,15,208,11,1,1964),(2661,26,228,3,0,2008),(2662,25,228,3,0,2004),(2663,24,228,6,1,2000),(2664,23,228,6,0,1996),(2665,22,228,3,1,1992),(2666,21,228,2,1,1988),(2667,20,228,3,5,1984),(2668,18,228,4,0,1976),(2669,17,228,2,0,1972),(2670,16,228,3,2,1968),(2671,15,228,4,0,1964),(2672,14,228,5,0,1960),(2673,12,228,11,0,1952),(2674,5,212,43,0,1912),(2675,4,212,19,0,1908),(2677,2,212,6,1,1900),(2678,28,204,61,24,2016),(2679,27,204,42,26,2012),(2680,26,204,57,51,2008),(2681,25,204,33,15,2004),(2682,24,204,36,14,2000),(2683,23,204,34,5,1996),(2684,22,204,22,4,1992),(2685,21,204,15,2,1988),(2686,20,204,25,1,1984),(2687,19,204,37,0,1980),(2688,18,204,23,9,1976),(2689,17,204,20,3,1972),(2690,16,204,23,0,1968),(2691,15,204,15,1,1964),(2692,14,204,31,5,1960),(2693,13,204,19,0,1956),(2694,13,204,3,0,1956),(2695,12,204,36,2,1952),(2696,11,204,1,0,1948),(2697,9,204,1,0,1932),(2698,5,211,23,2,1912),(2699,4,211,30,0,1908),(2700,28,203,4,0,2016),(2701,27,203,3,2,2012),(2702,26,203,1,2,2008),(2703,25,203,1,1,2004),(2704,24,203,2,1,2000),(2705,23,203,3,1,1996),(2706,22,203,4,2,1992),(2707,21,203,3,1,1988),(2708,14,218,9,5,1960),(2709,22,220,146,62,1992),(2710,21,220,110,53,1988),(2711,19,220,162,47,1980),(2712,18,220,125,38,1976),(2713,17,220,145,36,1972),(2714,16,220,94,27,1968),(2715,15,220,95,9,1964),(2716,14,220,99,17,1960),(2717,13,220,51,12,1956),(2718,12,220,86,13,1952),(2719,11,220,73,14,1948),(2720,10,220,176,14,1936),(2721,9,220,25,0,1932),(2722,8,220,68,1,1928),(2723,7,220,129,4,1924),(2724,6,220,118,1,1920),(2725,21,223,319,162,1988),(2726,19,223,340,149,1980),(2727,18,223,285,125,1976),(2728,17,223,298,73,1972),(2729,16,223,246,66,1968),(2730,15,223,254,63,1964),(2731,14,223,233,50,1960),(2732,13,223,233,39,1956),(2733,13,223,9,0,1956),(2734,12,223,255,40,1952),(2735,25,219,78,7,2004),(2736,24,219,92,17,2000),(2737,23,219,59,9,1996),(2738,21,217,157,102,1988),(2739,19,217,222,124,1980),(2740,18,217,154,113,1976),(2741,17,217,231,66,1972),(2742,16,217,186,40,1968),(2743,28,205,10,12,2016),(2744,27,205,6,12,2012),(2745,26,205,7,6,2008),(2746,25,205,6,5,2004),(2747,24,205,3,4,2000),(2748,23,205,3,3,1996),(2749,22,205,2,5,1992),(2750,21,205,8,1,1988),(2751,19,205,22,8,1980),(2752,14,222,74,0,1960),(2753,28,207,2,1,2016),(2754,27,207,3,1,2012),(2755,26,207,4,1,2008),(2756,25,207,3,0,2004),(2757,24,207,1,1,2000),(2758,23,207,4,0,1996),(2759,22,207,8,0,1992),(2760,28,263,18,10,2016),(2761,27,263,18,7,2012),(2762,26,263,17,11,2008),(2763,25,263,10,9,2004),(2764,24,263,14,5,2000),(2765,23,263,8,4,1996),(2766,22,263,7,0,1992),(2767,21,263,4,2,1988),(2768,20,263,11,5,1984),(2769,19,263,9,0,1980),(2770,18,263,13,0,1976),(2771,17,263,18,1,1972),(2772,16,263,19,0,1968),(2773,15,263,13,0,1964),(2774,13,263,6,0,1956),(2775,12,263,2,0,1952),(2776,11,263,5,0,1948),(2777,21,216,244,103,1988),(2778,20,216,267,123,1984),(2779,18,216,233,57,1976),(2780,17,216,341,83,1972),(2781,16,216,232,43,1968),(2782,22,215,310,165,1992),(2783,21,224,117,38,1988),(2784,20,224,105,34,1984),(2785,19,224,136,28,1980),(2786,18,224,83,5,1976),(2787,17,224,113,13,1972),(2788,16,224,59,10,1968),(2789,15,224,72,3,1964),(2790,14,224,107,9,1960),(2791,13,224,32,3,1956),(2792,12,224,77,10,1952),(2793,11,224,79,11,1948),(2794,10,224,78,15,1936),(2795,9,224,1,0,1932),(2796,8,224,34,0,1928),(2797,7,224,42,0,1924),(2798,6,224,15,0,1920),(2799,28,209,9,21,2016),(2800,27,209,4,3,2012),(2801,26,209,8,5,2008),(2802,25,209,9,3,2004),(2803,24,209,11,5,2000),(2804,23,209,12,1,1996),(2805,22,209,10,9,1992),(2806,21,209,23,6,1988),(2807,20,209,12,3,1984),(2808,19,209,23,19,1980),(2809,15,209,25,4,1964),(2810,8,209,2,0,1928),(2811,28,161,93,42,2016),(2812,27,161,68,56,2012),(2813,26,161,75,59,2008),(2814,25,161,66,40,2004),(2815,24,161,89,38,2000),(2816,23,161,64,20,1996),(2817,22,161,68,25,1992),(2818,14,161,53,2,1960),(2819,13,161,44,6,1956),(2820,12,161,60,4,1952),(2821,11,161,34,1,1948),(2822,10,161,27,5,1936),(2823,9,161,10,2,1932),(2824,8,161,18,6,1928),(2825,7,161,30,0,1924),(2826,6,161,38,1,1920),(2827,5,161,21,0,1912),(2828,4,161,14,0,1908),(2829,3,161,8,0,1904);
/*!40000 ALTER TABLE `country_per_game` ENABLE KEYS */;
UNLOCK TABLES;

--
-- Table structure for table `game`
--

DROP TABLE IF EXISTS `game`;
/*!40101 SET @saved_cs_client     = @@character_set_client */;
 SET character_set_client = utf8mb4 ;
CREATE TABLE `game` (
  `id` int(10) unsigned NOT NULL AUTO_INCREMENT,
  `year` int(11) NOT NULL,
  `country_id` int(10) unsigned DEFAULT NULL,
  `city_id` int(10) unsigned DEFAULT NULL,
  `male` int(11) DEFAULT NULL,
  `female` int(11) DEFAULT NULL,
  PRIMARY KEY (`id`),
  KEY `game_country_id_fk` (`country_id`),
  KEY `game_city_id_fk` (`city_id`),
  CONSTRAINT `game_city_id_fk` FOREIGN KEY (`city_id`) REFERENCES `city` (`id`),
  CONSTRAINT `game_country_id_fk` FOREIGN KEY (`country_id`) REFERENCES `country` (`id`)
) ENGINE=InnoDB AUTO_INCREMENT=29 DEFAULT CHARSET=utf8;
/*!40101 SET character_set_client = @saved_cs_client */;

--
-- Dumping data for table `game`
--

LOCK TABLES `game` WRITE;
/*!40000 ALTER TABLE `game` DISABLE KEYS */;
INSERT INTO `game` VALUES (1,1896,76,3,241,0),(2,1900,66,15,975,22),(3,1904,201,19,645,6),(4,1908,70,8,1971,37),(5,1912,182,21,2359,48),(6,1920,18,2,2561,65),(7,1924,66,15,2954,135),(8,1928,137,1,2606,277),(9,1932,201,9,1206,126),(10,1936,74,6,3632,335),(11,1948,70,8,3714,390),(12,1952,65,7,4436,519),(13,1956,11,10,2938,376),(14,1960,94,18,4727,611),(15,1964,98,23,4473,678),(16,1968,123,11,4735,781),(17,1972,74,14,6075,1059),(18,1976,34,12,4824,1260),(19,1980,162,13,4064,1115),(20,1984,201,9,5263,1566),(21,1988,104,20,6197,2194),(22,1992,61,5,6652,2704),(23,1996,201,4,6806,3512),(24,2000,11,22,6582,4069),(25,2004,76,3,6296,4329),(26,2008,39,16,6305,4637),(27,2012,70,8,5892,4676),(28,2016,27,17,6179,5059);
/*!40000 ALTER TABLE `game` ENABLE KEYS */;
UNLOCK TABLES;

--
-- Table structure for table `result`
--

DROP TABLE IF EXISTS `result`;
/*!40101 SET @saved_cs_client     = @@character_set_client */;
 SET character_set_client = utf8mb4 ;
CREATE TABLE `result` (
  `id` int(10) unsigned NOT NULL AUTO_INCREMENT,
  `game_id` int(10) unsigned DEFAULT NULL,
  `sport_id` int(10) unsigned DEFAULT NULL,
  `country_id` int(10) unsigned DEFAULT NULL,
  `gender` varchar(1) NOT NULL,
  `medal` int(11) NOT NULL,
  PRIMARY KEY (`id`),
  KEY `result_game_id_fk` (`game_id`),
  KEY `result_sport_id_fk` (`sport_id`),
  KEY `result_country_id_fk` (`country_id`),
  CONSTRAINT `result_country_id_fk` FOREIGN KEY (`country_id`) REFERENCES `country` (`id`),
  CONSTRAINT `result_game_id_fk` FOREIGN KEY (`game_id`) REFERENCES `game` (`id`),
  CONSTRAINT `result_sport_id_fk` FOREIGN KEY (`sport_id`) REFERENCES `sport` (`id`)
) ENGINE=InnoDB AUTO_INCREMENT=15700 DEFAULT CHARSET=utf8;
/*!40101 SET character_set_client = @saved_cs_client */;

--
-- Dumping data for table `result`
--

LOCK TABLES `result` WRITE;
/*!40000 ALTER TABLE `result` DISABLE KEYS */;
INSERT INTO `result` VALUES (1,1,24,225,'M',3),(2,1,24,225,'M',1),(3,1,24,225,'M',2),(4,1,1,201,'M',3),(5,1,1,201,'M',1),(6,1,1,201,'M',1),(7,1,1,201,'M',2),(8,1,1,201,'M',1),(9,1,1,201,'M',2),(10,1,1,201,'M',1),(11,1,1,201,'M',1),(12,1,1,201,'M',2),(13,1,1,201,'M',3),(14,1,1,201,'M',1),(15,1,1,201,'M',2),(16,1,1,201,'M',1),(17,1,1,201,'M',2),(18,1,1,201,'M',1),(19,1,1,201,'M',1),(20,1,27,201,'M',1),(21,1,27,201,'M',2),(22,1,27,201,'M',1),(23,1,13,179,'M',2),(24,1,13,179,'M',1),(25,1,13,179,'M',2),(26,1,1,85,'M',3),(27,1,1,85,'M',2),(28,1,1,85,'M',3),(29,1,19,85,'M',1),(30,1,19,85,'M',1),(31,1,24,85,'M',3),(32,1,1,76,'M',3),(33,1,1,76,'M',3),(34,1,1,76,'M',2),(35,1,1,76,'M',1),(36,1,1,76,'M',2),(37,1,1,76,'M',3),(38,1,1,76,'M',3),(39,1,1,76,'M',2),(40,1,1,76,'M',3),(41,1,8,76,'M',1),(42,1,8,76,'M',2),(43,1,8,76,'M',2),(44,1,8,76,'M',2),(45,1,10,76,'M',3),(46,1,10,76,'M',1),(47,1,10,76,'M',1),(48,1,10,76,'M',2),(49,1,13,76,'M',3),(50,1,13,76,'M',1),(51,1,13,76,'M',1),(52,1,13,76,'M',2),(53,1,13,76,'M',3),(54,1,13,76,'M',2),(55,1,14,76,'M',3),(56,1,14,76,'M',3),(57,1,18,76,'M',3),(58,1,18,76,'M',2),(59,1,19,76,'M',3),(60,1,19,76,'M',1),(61,1,19,76,'M',2),(62,1,19,76,'M',3),(63,1,19,76,'M',2),(64,1,19,76,'M',3),(65,1,19,76,'M',2),(66,1,24,76,'M',3),(67,1,24,76,'M',2),(68,1,27,76,'M',3),(69,1,27,76,'M',1),(70,1,27,76,'M',2),(71,1,27,76,'M',3),(72,1,27,76,'M',3),(73,1,27,76,'M',1),(74,1,27,76,'M',2),(75,1,27,76,'M',1),(76,1,27,76,'M',2),(77,1,1,74,'M',2),(78,1,8,74,'M',2),(79,1,13,74,'M',1),(80,1,13,74,'M',2),(81,1,13,74,'M',1),(82,1,13,74,'M',2),(83,1,13,74,'M',2),(84,1,13,74,'M',3),(85,1,13,74,'M',1),(86,1,13,74,'M',1),(87,1,13,74,'M',3),(88,1,13,74,'M',1),(89,1,18,74,'M',1),(90,1,1,70,'M',2),(91,1,1,70,'M',3),(92,1,8,70,'M',3),(93,1,8,70,'M',2),(94,1,14,70,'M',1),(95,1,14,70,'M',2),(96,1,24,70,'M',1),(97,1,1,66,'M',3),(98,1,1,66,'M',2),(99,1,8,66,'M',1),(100,1,8,66,'M',1),(101,1,8,66,'M',2),(102,1,8,66,'M',1),(103,1,8,66,'M',3),(104,1,8,66,'M',1),(105,1,10,66,'M',1),(106,1,10,66,'M',2),(107,1,10,66,'M',2),(108,1,10,53,'M',3),(109,1,14,53,'M',2),(110,1,14,53,'M',1),(111,1,27,53,'M',3),(112,1,27,53,'M',2),(113,1,27,53,'M',3),(114,1,8,12,'M',3),(115,1,8,12,'M',1),(116,1,8,12,'M',3),(117,1,19,12,'M',2),(118,1,19,12,'M',1),(119,1,1,11,'M',1),(120,1,1,11,'M',1),(121,2,1,225,'M',1),(122,2,2,225,'M',1),(123,2,40,225,'M',3),(124,2,40,225,'M',1),(125,2,40,225,'M',2),(126,2,24,225,'M',2),(127,2,24,225,'X',3),(128,2,24,225,'X',2),(129,2,24,225,'X',3),(130,2,24,225,'X',2),(131,2,42,225,'M',1),(132,2,1,201,'M',1),(133,2,1,201,'M',2),(134,2,1,201,'M',3),(135,2,1,201,'M',1),(136,2,1,201,'M',2),(137,2,1,201,'M',3),(138,2,1,201,'M',1),(139,2,1,201,'M',3),(140,2,1,201,'M',1),(141,2,1,201,'M',1),(142,2,1,201,'M',2),(143,2,1,201,'M',1),(144,2,1,201,'M',1),(145,2,1,201,'M',2),(146,2,1,201,'M',3),(147,2,1,201,'M',2),(148,2,1,201,'M',3),(149,2,1,201,'M',3),(150,2,1,201,'M',1),(151,2,1,201,'M',2),(152,2,1,201,'M',1),(153,2,1,201,'M',3),(154,2,1,201,'M',1),(155,2,1,201,'M',2),(156,2,1,201,'M',1),(157,2,1,201,'M',2),(158,2,1,201,'M',1),(159,2,1,201,'M',2),(160,2,1,201,'M',1),(161,2,1,201,'M',2),(162,2,1,201,'M',3),(163,2,1,201,'M',1),(164,2,1,201,'M',2),(165,2,1,201,'M',3),(166,2,1,201,'M',1),(167,2,1,201,'M',2),(168,2,1,201,'M',3),(169,2,1,201,'M',1),(170,2,1,201,'M',2),(171,2,2,201,'M',1),(172,2,8,201,'M',3),(173,2,12,201,'M',1),(174,2,12,201,'W',3),(175,2,12,201,'W',1),(176,2,12,201,'W',2),(177,2,24,201,'W',3),(178,2,30,201,'X',3),(179,2,1,182,'M',3),(180,2,27,179,'M',1),(181,2,27,179,'M',3),(182,2,27,179,'M',1),(183,2,27,179,'M',1),(184,2,27,179,'M',1),(185,2,27,179,'M',2),(186,2,27,179,'M',1),(187,2,1,141,'M',3),(188,2,27,141,'M',3),(189,2,27,141,'M',3),(190,2,27,141,'M',2),(191,2,27,141,'M',2),(192,2,2,137,'M',3),(193,2,2,137,'M',2),(194,2,2,137,'M',2),(195,2,19,137,'M',3),(196,2,27,137,'M',3),(197,2,9,94,'X',1),(198,2,9,94,'X',2),(199,2,10,94,'M',1),(200,2,10,94,'M',2),(201,2,1,87,'M',2),(202,2,1,87,'M',2),(203,2,1,85,'M',1),(204,2,1,85,'M',3),(205,2,19,85,'M',3),(206,2,19,85,'M',2),(207,2,19,85,'M',2),(208,2,2,74,'M',3),(209,2,2,74,'M',1),(210,2,2,74,'M',1),(211,2,19,74,'M',1),(212,2,19,74,'M',1),(213,2,21,74,'M',2),(214,2,21,74,'M',2),(215,2,21,74,'M',2),(216,2,21,74,'M',2),(217,2,21,74,'M',2),(218,2,21,74,'M',2),(219,2,21,74,'M',2),(220,2,21,74,'M',2),(221,2,30,74,'X',2),(222,2,1,70,'M',1),(223,2,1,70,'M',2),(224,2,1,70,'M',3),(225,2,1,70,'M',1),(226,2,1,70,'M',2),(227,2,1,70,'M',1),(228,2,1,70,'M',2),(229,2,1,70,'M',3),(230,2,2,70,'M',3),(231,2,31,70,'M',1),(232,2,11,70,'M',1),(233,2,12,70,'M',3),(234,2,12,70,'M',2),(235,2,19,70,'M',1),(236,2,19,70,'M',3),(237,2,19,70,'M',1),(238,2,19,70,'M',1),(239,2,21,70,'M',2),(240,2,21,70,'M',2),(241,2,21,70,'M',2),(242,2,21,70,'M',2),(243,2,21,70,'M',2),(244,2,21,70,'M',2),(245,2,21,70,'M',2),(246,2,21,70,'M',2),(247,2,24,70,'M',3),(248,2,24,70,'M',1),(249,2,24,70,'X',1),(250,2,24,70,'X',1),(251,2,24,70,'M',3),(252,2,24,70,'M',1),(253,2,24,70,'M',2),(254,2,24,70,'W',1),(255,2,30,70,'X',1),(256,2,30,70,'X',3),(257,2,30,70,'X',1),(258,2,30,70,'X',1),(259,2,1,66,'M',2),(260,2,1,66,'M',3),(261,2,1,66,'M',2),(262,2,1,66,'M',2),(263,2,1,66,'M',3),(264,2,1,66,'M',1),(265,2,1,66,'M',2),(266,2,2,66,'M',1),(267,2,2,66,'M',1),(268,2,2,66,'M',2),(269,2,2,66,'M',2),(270,2,2,66,'M',3),(271,2,2,66,'M',2),(272,2,2,66,'M',1),(273,2,2,66,'M',2),(274,2,31,66,'M',2),(275,2,32,66,'M',1),(276,2,32,66,'M',3),(277,2,32,66,'M',1),(278,2,32,66,'M',2),(279,2,32,66,'M',3),(280,2,32,66,'M',1),(281,2,32,66,'M',2),(282,2,8,66,'M',3),(283,2,8,66,'M',1),(284,2,8,66,'M',2),(285,2,8,66,'M',1),(286,2,8,66,'M',2),(287,2,9,66,'X',1),(288,2,9,66,'X',3),(289,2,9,66,'X',3),(290,2,10,66,'M',3),(291,2,10,66,'M',2),(292,2,10,66,'M',3),(293,2,10,66,'M',1),(294,2,10,66,'M',3),(295,2,10,66,'M',1),(296,2,10,66,'M',2),(297,2,10,66,'M',3),(298,2,10,66,'M',1),(299,2,10,66,'M',2),(300,2,10,66,'M',3),(301,2,10,66,'M',1),(302,2,10,66,'M',2),(303,2,10,66,'M',1),(304,2,10,66,'M',2),(305,2,11,66,'M',2),(306,2,13,66,'M',3),(307,2,13,66,'M',1),(308,2,13,66,'M',2),(309,2,19,66,'M',3),(310,2,19,66,'M',2),(311,2,19,66,'M',3),(312,2,19,66,'M',1),(313,2,19,66,'M',2),(314,2,19,66,'M',3),(315,2,39,66,'M',2),(316,2,21,66,'M',1),(317,2,24,66,'M',3),(318,2,24,66,'M',3),(319,2,24,66,'W',2),(320,2,26,66,'M',3),(321,2,26,66,'M',2),(322,2,26,66,'M',3),(323,2,26,66,'M',1),(324,2,26,66,'M',2),(325,2,26,66,'M',3),(326,2,26,66,'M',2),(327,2,26,66,'M',3),(328,2,26,66,'M',1),(329,2,26,66,'M',2),(330,2,26,66,'M',1),(331,2,26,66,'M',2),(332,2,42,66,'M',2),(333,2,27,66,'M',3),(334,2,27,66,'M',1),(335,2,27,66,'M',2),(336,2,27,66,'M',2),(337,2,27,66,'M',2),(338,2,27,66,'M',1),(339,2,27,66,'M',3),(340,2,27,66,'M',3),(341,2,27,66,'M',1),(342,2,27,66,'M',2),(343,2,30,66,'X',3),(344,2,30,66,'X',2),(345,2,30,66,'X',1),(346,2,30,66,'X',2),(347,2,30,66,'X',2),(348,2,30,66,'X',3),(349,2,39,61,'M',1),(350,2,1,53,'M',3),(351,2,19,53,'M',3),(352,2,27,53,'M',2),(353,2,27,53,'M',2),(354,2,27,53,'M',2),(355,2,27,53,'M',1),(356,2,10,50,'M',1),(357,2,10,50,'M',2),(358,2,1,34,'M',1),(359,2,1,34,'M',3),(360,2,1,212,'M',2),(361,2,24,212,'W',3),(362,2,2,18,'M',2),(363,2,9,18,'X',3),(364,2,9,18,'X',1),(365,2,9,18,'X',2),(366,2,9,18,'X',1),(367,2,11,18,'M',3),(368,2,19,18,'M',2),(369,2,26,18,'M',1),(370,2,26,18,'M',1),(371,2,26,18,'M',2),(372,2,26,18,'M',1),(373,2,26,18,'M',2),(374,2,26,18,'M',3),(375,2,27,18,'M',3),(376,2,27,18,'M',3),(377,2,10,12,'M',3),(378,2,10,12,'M',3),(379,2,19,12,'M',2),(380,2,19,12,'M',2),(381,2,19,12,'M',3),(382,2,19,12,'M',2),(383,2,1,11,'M',3),(384,2,1,11,'M',3),(385,2,1,11,'M',3),(386,2,19,11,'M',1),(387,2,19,11,'M',1),(388,3,1,225,'M',2),(389,3,10,225,'M',1),(390,3,1,201,'M',3),(391,3,1,201,'M',1),(392,3,1,201,'M',2),(393,3,1,201,'M',3),(394,3,1,201,'M',1),(395,3,1,201,'M',2),(396,3,1,201,'M',3),(397,3,1,201,'M',1),(398,3,1,201,'M',2),(399,3,1,201,'M',3),(400,3,1,201,'M',1),(401,3,1,201,'M',2),(402,3,1,201,'M',3),(403,3,1,201,'M',1),(404,3,1,201,'M',2),(405,3,1,201,'M',3),(406,3,1,201,'M',1),(407,3,1,201,'M',3),(408,3,1,201,'M',1),(409,3,1,201,'M',2),(410,3,1,201,'M',3),(411,3,1,201,'M',1),(412,3,1,201,'M',2),(413,3,1,201,'M',1),(414,3,1,201,'M',3),(415,3,1,201,'M',2),(416,3,1,201,'M',3),(417,3,1,201,'M',1),(418,3,1,201,'M',2),(419,3,1,201,'M',3),(420,3,1,201,'M',1),(421,3,1,201,'M',2),(422,3,1,201,'M',3),(423,3,1,201,'M',2),(424,3,1,201,'M',1),(425,3,1,201,'M',2),(426,3,1,201,'M',3),(427,3,1,201,'M',1),(428,3,1,201,'M',2),(429,3,1,201,'M',1),(430,3,1,201,'M',2),(431,3,1,201,'M',3),(432,3,1,201,'M',1),(433,3,1,201,'M',2),(434,3,1,201,'M',3),(435,3,1,201,'M',1),(436,3,1,201,'M',2),(437,3,1,201,'M',3),(438,3,1,201,'M',1),(439,3,1,201,'M',2),(440,3,1,201,'M',3),(441,3,1,201,'M',1),(442,3,1,201,'M',2),(443,3,1,201,'M',3),(444,3,1,201,'M',1),(445,3,1,201,'M',2),(446,3,1,201,'M',3),(447,3,1,201,'M',1),(448,3,1,201,'M',2),(449,3,1,201,'M',3),(450,3,1,201,'M',1),(451,3,1,201,'M',2),(452,3,1,201,'M',3),(453,3,1,201,'M',1),(454,3,1,201,'M',2),(455,3,1,201,'M',3),(456,3,1,201,'M',1),(457,3,1,201,'M',2),(458,3,2,201,'M',3),(459,3,2,201,'M',1),(460,3,2,201,'M',2),(461,3,2,201,'M',3),(462,3,2,201,'M',1),(463,3,2,201,'M',2),(464,3,2,201,'M',1),(465,3,2,201,'M',3),(466,3,2,201,'M',1),(467,3,2,201,'M',2),(468,3,2,201,'M',3),(469,3,2,201,'M',1),(470,3,2,201,'M',2),(471,3,6,201,'M',1),(472,3,6,201,'M',2),(473,3,6,201,'M',3),(474,3,6,201,'M',1),(475,3,6,201,'M',2),(476,3,6,201,'M',1),(477,3,6,201,'M',2),(478,3,6,201,'M',3),(479,3,6,201,'M',1),(480,3,6,201,'M',2),(481,3,6,201,'M',3),(482,3,6,201,'M',1),(483,3,6,201,'M',2),(484,3,6,201,'M',3),(485,3,6,201,'M',1),(486,3,6,201,'M',2),(487,3,6,201,'M',1),(488,3,6,201,'M',2),(489,3,36,201,'M',2),(490,3,8,201,'M',3),(491,3,8,201,'M',1),(492,3,8,201,'M',2),(493,3,8,201,'M',3),(494,3,8,201,'M',1),(495,3,8,201,'M',2),(496,3,8,201,'M',3),(497,3,8,201,'M',1),(498,3,8,201,'M',2),(499,3,8,201,'M',3),(500,3,8,201,'M',1),(501,3,8,201,'M',2),(502,3,8,201,'M',3),(503,3,8,201,'M',1),(504,3,8,201,'M',2),(505,3,8,201,'M',3),(506,3,8,201,'M',1),(507,3,8,201,'M',2),(508,3,8,201,'M',3),(509,3,8,201,'M',1),(510,3,8,201,'M',2),(511,3,10,201,'M',2),(512,3,10,201,'M',2),(513,3,10,201,'M',3),(514,3,10,201,'M',2),(515,3,11,201,'M',3),(516,3,11,201,'M',2),(517,3,12,201,'M',3),(518,3,12,201,'M',2),(519,3,12,201,'M',1),(520,3,12,201,'M',2),(521,3,13,201,'M',3),(522,3,13,201,'M',1),(523,3,13,201,'M',2),(524,3,13,201,'M',2),(525,3,13,201,'M',3),(526,3,13,201,'M',1),(527,3,13,201,'M',2),(528,3,13,201,'M',3),(529,3,13,201,'M',1),(530,3,13,201,'M',1),(531,3,13,201,'M',3),(532,3,13,201,'M',1),(533,3,13,201,'M',2),(534,3,13,201,'M',3),(535,3,13,201,'M',1),(536,3,13,201,'M',2),(537,3,13,201,'M',3),(538,3,13,201,'M',1),(539,3,13,201,'M',2),(540,3,13,201,'M',3),(541,3,13,201,'M',1),(542,3,13,201,'M',2),(543,3,13,201,'M',3),(544,3,13,201,'M',1),(545,3,13,201,'M',2),(546,3,13,201,'M',3),(547,3,13,201,'M',1),(548,3,14,201,'M',3),(549,3,14,201,'M',1),(550,3,14,201,'M',2),(551,3,14,201,'M',3),(552,3,14,201,'M',2),(553,3,18,201,'M',3),(554,3,18,201,'M',1),(555,3,18,201,'M',2),(556,3,18,201,'M',3),(557,3,18,201,'M',1),(558,3,18,201,'M',2),(559,3,18,201,'M',3),(560,3,18,201,'M',1),(561,3,18,201,'M',2),(562,3,18,201,'M',3),(563,3,18,201,'M',1),(564,3,18,201,'M',2),(565,3,18,201,'M',3),(566,3,18,201,'M',1),(567,3,18,201,'M',2),(568,3,18,201,'M',3),(569,3,18,201,'M',1),(570,3,18,201,'M',2),(571,3,18,201,'M',3),(572,3,18,201,'M',1),(573,3,18,201,'M',2),(574,3,19,201,'M',3),(575,3,19,201,'M',1),(576,3,19,201,'M',3),(577,3,19,201,'M',1),(578,3,19,201,'M',2),(579,3,19,201,'M',3),(580,3,19,201,'M',2),(581,3,19,201,'M',3),(582,3,19,201,'M',1),(583,3,19,201,'M',2),(584,3,19,201,'M',3),(585,3,19,201,'M',1),(586,3,19,201,'M',2),(587,3,19,201,'M',3),(588,3,19,201,'M',1),(589,3,19,201,'M',2),(590,3,19,201,'M',3),(591,3,19,201,'M',2),(592,3,19,201,'M',2),(593,3,41,201,'M',3),(594,3,41,201,'M',1),(595,3,41,201,'M',2),(596,3,24,201,'M',3),(597,3,24,201,'M',1),(598,3,24,201,'M',2),(599,3,24,201,'M',3),(600,3,24,201,'M',1),(601,3,24,201,'M',2),(602,3,26,201,'M',3),(603,3,26,201,'M',1),(604,3,26,201,'M',2),(605,3,26,201,'W',3),(606,3,26,201,'W',1),(607,3,26,201,'W',2),(608,3,26,201,'W',3),(609,3,26,201,'W',1),(610,3,26,201,'W',2),(611,3,26,201,'M',3),(612,3,26,201,'M',1),(613,3,26,201,'M',2),(614,3,26,201,'M',3),(615,3,26,201,'M',1),(616,3,26,201,'M',2),(617,3,26,201,'W',1),(618,3,26,201,'W',2),(619,3,42,201,'M',3),(620,3,42,201,'M',1),(621,3,42,201,'M',2),(622,3,13,179,'M',1),(623,3,13,179,'M',3),(624,3,19,85,'M',1),(625,3,19,85,'M',2),(626,3,19,85,'M',1),(627,3,19,85,'M',3),(628,3,1,76,'M',3),(629,3,14,76,'M',1),(630,3,1,74,'M',3),(631,3,13,74,'M',3),(632,3,13,74,'M',2),(633,3,19,74,'M',3),(634,3,19,74,'M',2),(635,3,19,74,'M',3),(636,3,19,74,'M',1),(637,3,19,74,'M',2),(638,3,19,74,'M',1),(639,3,19,74,'M',3),(640,3,19,74,'M',1),(641,3,19,74,'M',2),(642,3,19,74,'M',1),(643,3,1,70,'M',2),(644,3,1,70,'M',1),(645,3,10,50,'M',3),(646,3,10,50,'M',1),(647,3,10,50,'M',2),(648,3,10,50,'M',3),(649,3,10,50,'M',1),(650,3,10,50,'M',2),(651,3,10,50,'M',3),(652,3,10,50,'M',1),(653,3,10,50,'M',1),(654,3,1,34,'M',1),(655,3,2,34,'M',2),(656,3,36,34,'M',1),(657,3,11,34,'M',1),(658,3,12,34,'M',1),(659,3,19,12,'M',3),(660,4,1,201,'M',2),(661,4,1,201,'M',3),(662,4,1,201,'M',1),(663,4,1,201,'M',2),(664,4,1,201,'M',1),(665,4,1,201,'M',3),(666,4,1,201,'M',2),(667,4,1,201,'M',3),(668,4,1,201,'M',2),(669,4,1,201,'M',1),(670,4,1,201,'M',2),(671,4,1,201,'M',1),(672,4,1,201,'M',1),(673,4,1,201,'M',3),(674,4,1,201,'M',1),(675,4,1,201,'M',2),(676,4,1,201,'M',1),(677,4,1,201,'M',2),(678,4,1,201,'M',1),(679,4,1,201,'M',2),(680,4,1,201,'M',1),(681,4,1,201,'M',1),(682,4,1,201,'M',2),(683,4,1,201,'M',1),(684,4,1,201,'M',2),(685,4,1,201,'M',3),(686,4,1,201,'M',1),(687,4,1,201,'M',3),(688,4,1,201,'M',1),(689,4,1,201,'M',3),(690,4,1,201,'M',1),(691,4,1,201,'M',3),(692,4,1,201,'M',1),(693,4,34,201,'M',1),(694,4,18,201,'M',1),(695,4,18,201,'M',1),(696,4,19,201,'M',3),(697,4,19,201,'M',1),(698,4,19,201,'M',3),(699,4,26,201,'M',3),(700,4,27,201,'M',2),(701,4,27,201,'M',1),(702,4,27,201,'M',2),(703,4,27,201,'M',3),(704,4,27,201,'M',1),(705,4,27,201,'M',1),(706,4,1,182,'M',3),(707,4,1,182,'M',3),(708,4,1,182,'M',1),(709,4,1,182,'M',1),(710,4,1,182,'M',3),(711,4,13,182,'M',1),(712,4,18,182,'M',1),(713,4,18,182,'M',2),(714,4,19,182,'M',3),(715,4,19,182,'M',1),(716,4,19,182,'M',2),(717,4,19,182,'M',3),(718,4,19,182,'M',3),(719,4,38,182,'M',3),(720,4,38,182,'M',1),(721,4,38,182,'M',2),(722,4,24,182,'M',3),(723,4,24,182,'W',3),(724,4,27,182,'M',3),(725,4,27,182,'M',1),(726,4,27,182,'M',1),(727,4,27,182,'M',2),(728,4,27,182,'M',2),(729,4,30,182,'X',2),(730,4,18,221,'M',2),(731,4,18,221,'M',2),(732,4,38,221,'M',1),(733,4,1,161,'M',1),(734,4,1,161,'M',2),(735,4,1,141,'M',2),(736,4,1,141,'M',3),(737,4,1,141,'M',3),(738,4,13,141,'M',2),(739,4,18,141,'M',2),(740,4,27,141,'M',3),(741,4,27,141,'M',1),(742,4,27,141,'M',1),(743,4,11,137,'M',3),(744,4,1,94,'M',2),(745,4,10,94,'M',2),(746,4,13,94,'M',1),(747,4,18,94,'M',1),(748,4,1,85,'M',3),(749,4,1,85,'M',2),(750,4,2,85,'M',3),(751,4,10,85,'M',1),(752,4,10,85,'M',2),(753,4,10,85,'M',1),(754,4,18,85,'M',1),(755,4,19,85,'M',2),(756,4,19,85,'M',2),(757,4,1,76,'M',2),(758,4,1,76,'M',2),(759,4,1,76,'M',2),(760,4,1,74,'M',2),(761,4,1,74,'M',3),(762,4,2,74,'M',3),(763,4,2,74,'M',3),(764,4,2,74,'M',3),(765,4,8,74,'M',2),(766,4,8,74,'M',3),(767,4,19,74,'M',3),(768,4,19,74,'M',1),(769,4,19,74,'M',2),(770,4,19,74,'M',1),(771,4,38,74,'W',3),(772,4,38,74,'W',2),(773,4,38,74,'X',1),(774,4,38,74,'X',1),(775,4,24,74,'M',2),(776,4,1,70,'M',3),(777,4,1,70,'M',1),(778,4,1,70,'M',2),(779,4,1,70,'M',3),(780,4,1,70,'M',2),(781,4,1,70,'M',1),(782,4,1,70,'M',2),(783,4,1,70,'M',1),(784,4,1,70,'M',2),(785,4,1,70,'M',1),(786,4,1,70,'M',1),(787,4,1,70,'M',3),(788,4,1,70,'M',1),(789,4,1,70,'M',2),(790,4,1,70,'M',2),(791,4,1,70,'M',2),(792,4,1,70,'M',1),(793,4,2,70,'M',1),(794,4,2,70,'M',2),(795,4,2,70,'M',3),(796,4,2,70,'M',3),(797,4,2,70,'M',3),(798,4,2,70,'M',3),(799,4,2,70,'M',3),(800,4,2,70,'M',3),(801,4,2,70,'M',1),(802,4,2,70,'M',1),(803,4,2,70,'M',2),(804,4,2,70,'M',1),(805,4,2,70,'M',2),(806,4,6,70,'M',3),(807,4,6,70,'M',1),(808,4,6,70,'M',2),(809,4,6,70,'M',3),(810,4,6,70,'M',1),(811,4,6,70,'M',2),(812,4,6,70,'M',3),(813,4,6,70,'M',1),(814,4,6,70,'M',2),(815,4,6,70,'M',3),(816,4,6,70,'M',1),(817,4,6,70,'M',2),(818,4,6,70,'M',3),(819,4,6,70,'M',1),(820,4,36,70,'M',2),(821,4,8,70,'M',1),(822,4,8,70,'M',2),(823,4,8,70,'M',1),(824,4,8,70,'M',3),(825,4,8,70,'M',2),(826,4,8,70,'M',1),(827,4,8,70,'M',2),(828,4,8,70,'M',1),(829,4,8,70,'M',1),(830,4,10,70,'M',2),(831,4,11,70,'M',1),(832,4,13,70,'M',2),(833,4,16,70,'M',1),(834,4,16,70,'M',2),(835,4,34,70,'M',3),(836,4,34,70,'M',2),(837,4,35,70,'M',3),(838,4,35,70,'M',1),(839,4,35,70,'M',2),(840,4,35,70,'M',3),(841,4,35,70,'M',1),(842,4,35,70,'M',2),(843,4,18,70,'M',2),(844,4,18,70,'M',3),(845,4,18,70,'M',1),(846,4,18,70,'M',3),(847,4,18,70,'M',2),(848,4,18,70,'M',3),(849,4,18,70,'M',1),(850,4,18,70,'M',2),(851,4,18,70,'M',3),(852,4,18,70,'M',1),(853,4,18,70,'M',2),(854,4,37,70,'M',1),(855,4,37,70,'M',1),(856,4,19,70,'M',3),(857,4,19,70,'M',1),(858,4,19,70,'M',2),(859,4,19,70,'M',1),(860,4,19,70,'M',2),(861,4,19,70,'M',1),(862,4,19,70,'M',1),(863,4,19,70,'M',1),(864,4,38,70,'W',1),(865,4,38,70,'X',3),(866,4,38,70,'X',2),(867,4,38,70,'X',3),(868,4,38,70,'X',2),(869,4,38,70,'M',3),(870,4,38,70,'M',2),(871,4,40,70,'M',1),(872,4,40,70,'M',2),(873,4,21,70,'M',2),(874,4,24,70,'M',3),(875,4,24,70,'M',1),(876,4,24,70,'M',2),(877,4,24,70,'M',1),(878,4,24,70,'M',2),(879,4,24,70,'M',3),(880,4,24,70,'M',1),(881,4,24,70,'W',3),(882,4,24,70,'W',1),(883,4,24,70,'W',2),(884,4,24,70,'M',3),(885,4,24,70,'M',1),(886,4,24,70,'M',2),(887,4,24,70,'W',1),(888,4,24,70,'W',2),(889,4,26,70,'W',3),(890,4,26,70,'W',1),(891,4,26,70,'W',2),(892,4,26,70,'M',1),(893,4,26,70,'M',2),(894,4,42,70,'M',3),(895,4,42,70,'M',1),(896,4,42,70,'M',2),(897,4,27,70,'M',3),(898,4,27,70,'M',1),(899,4,27,70,'M',2),(900,4,27,70,'M',3),(901,4,27,70,'M',2),(902,4,27,70,'M',2),(903,4,27,70,'M',3),(904,4,27,70,'M',1),(905,4,27,70,'M',2),(906,4,27,70,'M',3),(907,4,27,70,'M',1),(908,4,27,70,'M',2),(909,4,27,70,'M',1),(910,4,27,70,'M',3),(911,4,27,70,'M',1),(912,4,27,70,'M',2),(913,4,27,70,'M',3),(914,4,27,70,'M',3),(915,4,27,70,'M',1),(916,4,27,70,'M',2),(917,4,27,70,'M',3),(918,4,30,70,'X',1),(919,4,30,70,'X',2),(920,4,30,70,'X',1),(921,4,30,70,'X',1),(922,4,30,70,'X',3),(923,4,30,70,'X',1),(924,4,1,66,'M',3),(925,4,1,66,'M',2),(926,4,8,66,'M',3),(927,4,8,66,'M',1),(928,4,8,66,'M',3),(929,4,8,66,'M',2),(930,4,8,66,'M',2),(931,4,10,66,'M',3),(932,4,10,66,'M',1),(933,4,10,66,'M',2),(934,4,10,66,'M',1),(935,4,13,66,'M',3),(936,4,37,66,'M',1),(937,4,26,66,'M',3),(938,4,26,66,'M',1),(939,4,26,66,'M',2),(940,4,27,66,'M',3),(941,4,27,66,'M',3),(942,4,30,66,'X',3),(943,4,1,65,'M',3),(944,4,13,65,'M',3),(945,4,18,65,'M',3),(946,4,18,65,'M',1),(947,4,18,65,'M',2),(948,4,11,53,'M',2),(949,4,18,53,'M',3),(950,4,18,53,'M',3),(951,4,18,53,'M',3),(952,4,19,53,'M',2),(953,4,1,34,'M',3),(954,4,1,34,'M',1),(955,4,1,34,'M',3),(956,4,1,34,'M',3),(957,4,1,34,'M',3),(958,4,1,34,'M',2),(959,4,2,34,'M',3),(960,4,2,34,'M',3),(961,4,2,34,'M',3),(962,4,2,34,'M',3),(963,4,2,34,'M',3),(964,4,2,34,'M',3),(965,4,2,34,'M',3),(966,4,2,34,'M',3),(967,4,2,34,'M',3),(968,4,36,34,'M',1),(969,4,8,34,'M',3),(970,4,18,34,'M',3),(971,4,27,34,'M',2),(972,4,27,34,'M',3),(973,4,27,34,'M',1),(974,4,27,34,'M',2),(975,4,10,212,'M',3),(976,4,10,212,'M',3),(977,4,2,18,'M',2),(978,4,8,18,'M',3),(979,4,10,18,'M',3),(980,4,19,18,'M',2),(981,4,27,18,'M',1),(982,4,27,18,'M',2),(983,4,27,18,'M',2),(984,4,30,18,'X',2),(985,4,19,12,'M',3),(986,4,1,211,'M',3),(987,4,6,211,'M',2),(988,4,19,211,'M',3),(989,4,19,211,'M',2),(990,4,21,211,'M',1),(991,5,1,201,'M',2),(992,5,1,201,'M',3),(993,5,1,201,'M',1),(994,5,1,201,'M',2),(995,5,1,201,'M',3),(996,5,1,201,'M',1),(997,5,1,201,'M',2),(998,5,1,201,'M',3),(999,5,1,201,'M',2),(1000,5,1,201,'M',1),(1001,5,1,201,'M',2),(1002,5,1,201,'M',1),(1003,5,1,201,'M',3),(1004,5,1,201,'M',1),(1005,5,1,201,'M',1),(1006,5,1,201,'M',3),(1007,5,1,201,'M',1),(1008,5,1,201,'M',2),(1009,5,1,201,'M',1),(1010,5,1,201,'M',3),(1011,5,1,201,'M',2),(1012,5,1,201,'M',3),(1013,5,1,201,'M',1),(1014,5,1,201,'M',3),(1015,5,1,201,'M',1),(1016,5,1,201,'M',1),(1017,5,1,201,'M',2),(1018,5,1,201,'M',1),(1019,5,1,201,'M',3),(1020,5,1,201,'M',2),(1021,5,1,201,'M',3),(1022,5,1,201,'M',1),(1023,5,1,201,'M',2),(1024,5,1,201,'M',3),(1025,5,1,201,'M',1),(1026,5,1,201,'M',2),(1027,5,1,201,'M',3),(1028,5,1,201,'M',1),(1029,5,1,201,'M',2),(1030,5,1,201,'M',1),(1031,5,1,201,'M',2),(1032,5,8,201,'M',3),(1033,5,8,201,'M',3),(1034,5,9,201,'X',3),(1035,5,19,201,'M',1),(1036,5,19,201,'M',3),(1037,5,19,201,'M',1),(1038,5,19,201,'M',2),(1039,5,27,201,'M',2),(1040,5,27,201,'M',1),(1041,5,27,201,'M',3),(1042,5,27,201,'M',1),(1043,5,27,201,'M',1),(1044,5,27,201,'M',2),(1045,5,27,201,'M',1),(1046,5,27,201,'M',3),(1047,5,27,201,'M',3),(1048,5,27,201,'M',2),(1049,5,27,201,'M',2),(1050,5,27,201,'M',1),(1051,5,27,201,'M',1),(1052,5,27,201,'M',1),(1053,5,1,182,'M',2),(1054,5,1,182,'M',2),(1055,5,1,182,'M',3),(1056,5,1,182,'M',2),(1057,5,1,182,'M',1),(1058,5,1,182,'M',3),(1059,5,1,182,'M',1),(1060,5,1,182,'M',2),(1061,5,1,182,'M',3),(1062,5,1,182,'M',1),(1063,5,1,182,'M',3),(1064,5,1,182,'M',3),(1065,5,1,182,'M',3),(1066,5,1,182,'M',1),(1067,5,1,182,'M',2),(1068,5,2,182,'M',2),(1069,5,8,182,'M',1),(1070,5,9,182,'X',3),(1071,5,9,182,'X',1),(1072,5,9,182,'X',2),(1073,5,9,182,'X',1),(1074,5,9,182,'X',1),(1075,5,9,182,'X',1),(1076,5,13,182,'M',1),(1077,5,18,182,'M',3),(1078,5,18,182,'M',2),(1079,5,18,182,'M',1),(1080,5,18,182,'M',2),(1081,5,19,182,'M',3),(1082,5,19,182,'M',1),(1083,5,19,182,'W',1),(1084,5,19,182,'W',2),(1085,5,19,182,'M',3),(1086,5,19,182,'M',1),(1087,5,19,182,'M',2),(1088,5,19,182,'M',2),(1089,5,19,182,'M',2),(1090,5,20,182,'M',3),(1091,5,20,182,'M',1),(1092,5,20,182,'M',2),(1093,5,24,182,'M',2),(1094,5,24,182,'X',2),(1095,5,24,182,'X',2),(1096,5,24,182,'X',3),(1097,5,24,182,'X',3),(1098,5,42,182,'M',1),(1099,5,27,182,'M',3),(1100,5,27,182,'M',1),(1101,5,27,182,'M',2),(1102,5,27,182,'M',1),(1103,5,27,182,'M',2),(1104,5,27,182,'M',1),(1105,5,27,182,'M',3),(1106,5,27,182,'M',2),(1107,5,27,182,'M',1),(1108,5,27,182,'M',3),(1109,5,27,182,'M',1),(1110,5,27,182,'M',2),(1111,5,27,182,'M',1),(1112,5,27,182,'M',2),(1113,5,27,182,'M',2),(1114,5,27,182,'M',1),(1115,5,27,182,'M',3),(1116,5,30,182,'X',1),(1117,5,30,182,'X',2),(1118,5,30,182,'X',3),(1119,5,30,182,'X',2),(1120,5,2,221,'M',3),(1121,5,18,221,'M',2),(1122,5,27,221,'M',2),(1123,5,27,221,'M',3),(1124,5,30,221,'X',3),(1125,5,1,161,'M',1),(1126,5,1,161,'M',2),(1127,5,8,161,'M',1),(1128,5,24,161,'M',1),(1129,5,24,161,'M',1),(1130,5,24,161,'M',2),(1131,5,1,141,'M',1),(1132,5,2,141,'M',3),(1133,5,13,141,'M',1),(1134,5,13,141,'M',3),(1135,5,24,141,'W',3),(1136,5,27,141,'M',3),(1137,5,27,141,'M',2),(1138,5,30,141,'X',1),(1139,5,30,141,'X',1),(1140,5,10,137,'M',3),(1141,5,10,137,'M',3),(1142,5,11,137,'M',3),(1143,5,1,94,'M',3),(1144,5,10,94,'M',1),(1145,5,10,94,'M',2),(1146,5,13,94,'M',3),(1147,5,13,94,'M',1),(1148,5,13,94,'M',1),(1149,5,1,85,'M',3),(1150,5,10,85,'M',3),(1151,5,10,85,'M',1),(1152,5,10,85,'M',2),(1153,5,10,85,'M',1),(1154,5,13,85,'M',2),(1155,5,18,85,'M',3),(1156,5,27,85,'M',1),(1157,5,1,76,'M',3),(1158,5,1,76,'M',1),(1159,5,1,74,'M',2),(1160,5,1,74,'M',2),(1161,5,2,74,'M',3),(1162,5,2,74,'M',1),(1163,5,9,74,'X',2),(1164,5,9,74,'X',2),(1165,5,9,74,'X',2),(1166,5,9,74,'X',3),(1167,5,18,74,'M',2),(1168,5,19,74,'M',2),(1169,5,19,74,'M',3),(1170,5,19,74,'M',1),(1171,5,19,74,'M',2),(1172,5,19,74,'M',3),(1173,5,19,74,'M',2),(1174,5,19,74,'M',3),(1175,5,19,74,'M',1),(1176,5,19,74,'M',2),(1177,5,19,74,'M',1),(1178,5,19,74,'W',2),(1179,5,24,74,'X',1),(1180,5,24,74,'X',1),(1181,5,24,74,'M',3),(1182,5,24,74,'W',2),(1183,5,27,74,'M',3),(1184,5,27,74,'M',2),(1185,5,1,70,'M',2),(1186,5,1,70,'M',1),(1187,5,1,70,'M',3),(1188,5,1,70,'M',3),(1189,5,1,70,'M',1),(1190,5,1,70,'M',3),(1191,5,1,70,'M',3),(1192,5,1,70,'M',3),(1193,5,2,70,'M',1),(1194,5,2,70,'M',2),(1195,5,2,70,'M',2),(1196,5,2,70,'M',1),(1197,5,8,70,'M',2),(1198,5,8,70,'M',2),(1199,5,10,70,'M',2),(1200,5,11,70,'M',1),(1201,5,13,70,'M',3),(1202,5,19,70,'W',3),(1203,5,19,70,'W',3),(1204,5,19,70,'M',2),(1205,5,19,70,'M',3),(1206,5,19,70,'M',2),(1207,5,19,70,'W',1),(1208,5,19,70,'M',3),(1209,5,19,70,'M',1),(1210,5,24,70,'M',3),(1211,5,24,70,'X',1),(1212,5,24,70,'X',2),(1213,5,24,70,'X',1),(1214,5,24,70,'X',2),(1215,5,24,70,'M',2),(1216,5,24,70,'W',3),(1217,5,24,70,'W',1),(1218,5,42,70,'M',2),(1219,5,27,70,'M',2),(1220,5,27,70,'M',3),(1221,5,27,70,'M',3),(1222,5,27,70,'M',3),(1223,5,27,70,'M',3),(1224,5,27,70,'M',2),(1225,5,27,70,'M',1),(1226,5,27,70,'M',2),(1227,5,27,70,'M',2),(1228,5,1,66,'M',2),(1229,5,1,66,'M',2),(1230,5,9,66,'X',3),(1231,5,9,66,'X',1),(1232,5,9,66,'X',2),(1233,5,13,66,'M',2),(1234,5,24,66,'M',3),(1235,5,24,66,'M',1),(1236,5,24,66,'X',3),(1237,5,24,66,'X',3),(1238,5,24,66,'W',1),(1239,5,24,66,'M',1),(1240,5,27,66,'M',1),(1241,5,27,66,'M',1),(1242,5,30,66,'X',1),(1243,5,1,65,'M',3),(1244,5,1,65,'M',1),(1245,5,1,65,'M',1),(1246,5,1,65,'M',1),(1247,5,1,65,'M',2),(1248,5,1,65,'M',1),(1249,5,1,65,'M',1),(1250,5,1,65,'M',2),(1251,5,1,65,'M',2),(1252,5,1,65,'M',3),(1253,5,1,65,'M',1),(1254,5,1,65,'M',2),(1255,5,1,65,'M',3),(1256,5,13,65,'M',2),(1257,5,18,65,'M',3),(1258,5,18,65,'M',1),(1259,5,18,65,'M',1),(1260,5,18,65,'M',2),(1261,5,18,65,'M',1),(1262,5,18,65,'M',3),(1263,5,18,65,'M',2),(1264,5,27,65,'M',3),(1265,5,27,65,'M',3),(1266,5,30,65,'X',2),(1267,5,30,65,'X',3),(1268,5,30,65,'X',3),(1269,5,2,53,'M',1),(1270,5,2,53,'M',3),(1271,5,10,53,'M',2),(1272,5,11,53,'M',2),(1273,5,13,53,'M',3),(1274,5,13,53,'M',2),(1275,5,18,53,'M',3),(1276,5,24,53,'W',2),(1277,5,27,53,'M',3),(1278,5,27,53,'M',2),(1279,5,27,53,'M',3),(1280,5,30,53,'X',2),(1281,5,1,34,'M',1),(1282,5,1,34,'M',2),(1283,5,1,34,'M',2),(1284,5,1,34,'M',3),(1285,5,1,34,'M',3),(1286,5,2,34,'M',3),(1287,5,19,34,'M',1),(1288,5,19,34,'M',1),(1289,5,2,18,'M',2),(1290,5,9,18,'X',3),(1291,5,10,18,'M',3),(1292,5,10,18,'M',1),(1293,5,10,18,'M',1),(1294,5,19,18,'M',3),(1295,5,10,12,'M',3),(1296,5,10,12,'M',2),(1297,5,19,12,'W',3),(1298,5,24,12,'M',2),(1299,5,19,211,'M',2),(1300,5,19,211,'W',1),(1301,5,19,211,'W',2),(1302,5,19,211,'M',3),(1303,5,19,211,'M',3),(1304,5,19,211,'M',1),(1305,5,24,211,'M',3),(1306,6,1,201,'M',2),(1307,6,1,201,'M',1),(1308,6,1,201,'M',2),(1309,6,1,201,'M',3),(1310,6,1,201,'M',2),(1311,6,1,201,'M',3),(1312,6,1,201,'M',1),(1313,6,1,201,'M',2),(1314,6,1,201,'M',2),(1315,6,1,201,'M',1),(1316,6,1,201,'M',3),(1317,6,1,201,'M',3),(1318,6,1,201,'M',1),(1319,6,1,201,'M',2),(1320,6,1,201,'M',1),(1321,6,1,201,'M',1),(1322,6,1,201,'M',2),(1323,6,1,201,'M',2),(1324,6,1,201,'M',2),(1325,6,1,201,'M',3),(1326,6,1,201,'M',3),(1327,6,1,201,'M',1),(1328,6,1,201,'M',1),(1329,6,1,201,'M',2),(1330,6,1,201,'M',2),(1331,6,1,201,'M',2),(1332,6,1,201,'M',3),(1333,6,1,201,'M',1),(1334,6,1,201,'M',3),(1335,6,2,201,'M',1),(1336,6,2,201,'M',1),(1337,6,2,201,'M',2),(1338,6,2,201,'M',1),(1339,6,6,201,'M',1),(1340,6,6,201,'M',1),(1341,6,6,201,'M',3),(1342,6,6,201,'M',1),(1343,6,10,201,'M',3),(1344,6,33,201,'M',2),(1345,6,18,201,'M',1),(1346,6,18,201,'M',2),(1347,6,18,201,'M',3),(1348,6,18,201,'M',2),(1349,6,18,201,'M',3),(1350,6,18,201,'M',3),(1351,6,19,201,'M',3),(1352,6,19,201,'M',1),(1353,6,19,201,'M',3),(1354,6,19,201,'M',1),(1355,6,19,201,'M',2),(1356,6,19,201,'W',3),(1357,6,19,201,'W',1),(1358,6,19,201,'W',2),(1359,6,19,201,'M',1),(1360,6,19,201,'M',2),(1361,6,19,201,'M',3),(1362,6,19,201,'M',1),(1363,6,19,201,'M',2),(1364,6,19,201,'W',3),(1365,6,19,201,'W',1),(1366,6,19,201,'W',2),(1367,6,19,201,'M',1),(1368,6,19,201,'M',1),(1369,6,19,201,'M',2),(1370,6,19,201,'W',3),(1371,6,19,201,'W',1),(1372,6,19,201,'W',2),(1373,6,19,201,'W',1),(1374,6,19,201,'M',1),(1375,6,38,201,'W',3),(1376,6,40,201,'M',3),(1377,6,21,201,'M',1),(1378,6,27,201,'M',3),(1379,6,27,201,'M',2),(1380,6,27,201,'M',1),(1381,6,27,201,'M',1),(1382,6,27,201,'M',1),(1383,6,27,201,'M',2),(1384,6,27,201,'M',1),(1385,6,27,201,'M',1),(1386,6,27,201,'M',3),(1387,6,27,201,'M',1),(1388,6,27,201,'M',3),(1389,6,27,201,'M',1),(1390,6,27,201,'M',2),(1391,6,27,201,'M',1),(1392,6,27,201,'M',3),(1393,6,27,201,'M',1),(1394,6,27,201,'M',3),(1395,6,27,201,'M',1),(1396,6,27,201,'M',1),(1397,6,27,201,'M',1),(1398,6,27,201,'M',3),(1399,6,27,201,'M',1),(1400,6,27,201,'M',2),(1401,6,33,220,'M',3),(1402,6,24,220,'X',3),(1403,6,24,220,'X',3),(1404,6,1,182,'M',3),(1405,6,1,182,'M',3),(1406,6,1,182,'M',3),(1407,6,1,182,'M',3),(1408,6,1,182,'M',3),(1409,6,1,182,'M',2),(1410,6,1,182,'M',3),(1411,6,1,182,'M',3),(1412,6,1,182,'M',2),(1413,6,1,182,'M',3),(1414,6,1,182,'M',3),(1415,6,1,182,'M',1),(1416,6,1,182,'M',3),(1417,6,1,182,'M',2),(1418,6,8,182,'M',1),(1419,6,8,182,'M',2),(1420,6,9,182,'X',1),(1421,6,9,182,'X',1),(1422,6,9,182,'X',3),(1423,6,9,182,'X',1),(1424,6,9,182,'X',3),(1425,6,13,182,'M',1),(1426,6,14,182,'M',3),(1427,6,14,182,'M',3),(1428,6,18,182,'M',3),(1429,6,18,182,'M',2),(1430,6,18,182,'M',1),(1431,6,18,182,'M',3),(1432,6,18,182,'M',1),(1433,6,18,182,'M',1),(1434,6,19,182,'M',2),(1435,6,19,182,'W',3),(1436,6,19,182,'M',3),(1437,6,19,182,'M',1),(1438,6,19,182,'M',2),(1439,6,19,182,'M',1),(1440,6,19,182,'M',2),(1441,6,19,182,'M',1),(1442,6,19,182,'M',2),(1443,6,19,182,'W',3),(1444,6,19,182,'M',3),(1445,6,38,182,'M',1),(1446,6,38,182,'W',1),(1447,6,38,182,'W',2),(1448,6,20,182,'M',3),(1449,6,20,182,'M',1),(1450,6,20,182,'M',2),(1451,6,27,182,'M',2),(1452,6,27,182,'M',2),(1453,6,27,182,'M',2),(1454,6,27,182,'M',3),(1455,6,27,182,'M',2),(1456,6,27,182,'M',2),(1457,6,27,182,'M',1),(1458,6,27,182,'M',2),(1459,6,27,182,'M',3),(1460,6,27,182,'M',3),(1461,6,30,182,'X',1),(1462,6,30,182,'X',1),(1463,6,30,182,'X',2),(1464,6,2,179,'M',1),(1465,6,2,179,'M',3),(1466,6,14,179,'M',3),(1467,6,14,179,'M',2),(1468,6,18,179,'M',1),(1469,6,18,179,'M',2),(1470,6,27,179,'M',3),(1471,6,27,179,'M',3),(1472,6,27,179,'M',3),(1473,6,27,179,'M',3),(1474,6,27,179,'M',3),(1475,6,1,161,'M',1),(1476,6,1,161,'M',2),(1477,6,1,161,'M',3),(1478,6,6,161,'M',1),(1479,6,8,161,'M',2),(1480,6,8,161,'M',2),(1481,6,8,161,'M',3),(1482,6,24,161,'M',3),(1483,6,24,161,'M',1),(1484,6,27,161,'M',2),(1485,6,2,143,'M',3),(1486,6,1,141,'M',1),(1487,6,2,141,'M',3),(1488,6,2,141,'M',3),(1489,6,6,141,'M',2),(1490,6,13,141,'M',2),(1491,6,18,141,'M',3),(1492,6,38,141,'M',3),(1493,6,38,141,'M',2),(1494,6,38,141,'X',2),(1495,6,38,141,'X',2),(1496,6,27,141,'M',3),(1497,6,27,141,'M',1),(1498,6,27,141,'M',1),(1499,6,27,141,'M',3),(1500,6,27,141,'M',1),(1501,6,27,141,'M',1),(1502,6,27,141,'M',2),(1503,6,27,141,'M',3),(1504,6,27,141,'M',3),(1505,6,27,141,'M',1),(1506,6,27,141,'M',2),(1507,6,30,141,'X',1),(1508,6,30,141,'X',1),(1509,6,30,141,'X',1),(1510,6,30,141,'X',1),(1511,6,30,141,'X',3),(1512,6,30,141,'X',2),(1513,6,30,141,'M',1),(1514,6,30,141,'X',2),(1515,6,30,141,'X',1),(1516,6,30,141,'X',2),(1517,6,30,141,'M',1),(1518,6,30,141,'M',2),(1519,6,8,137,'M',3),(1520,6,8,137,'M',3),(1521,6,8,137,'M',1),(1522,6,10,137,'M',3),(1523,6,10,137,'M',3),(1524,6,11,137,'M',3),(1525,6,26,137,'M',1),(1526,6,42,137,'M',2),(1527,6,30,137,'X',1),(1528,6,30,137,'X',2),(1529,6,30,137,'X',1),(1530,6,14,116,'M',2),(1531,6,24,98,'M',2),(1532,6,24,98,'M',2),(1533,6,1,94,'M',1),(1534,6,1,94,'M',3),(1535,6,1,94,'M',1),(1536,6,1,94,'M',3),(1537,6,2,94,'M',2),(1538,6,2,94,'M',1),(1539,6,6,94,'M',3),(1540,6,8,94,'M',1),(1541,6,9,94,'X',2),(1542,6,9,94,'X',1),(1543,6,9,94,'X',2),(1544,6,9,94,'X',3),(1545,6,10,94,'M',1),(1546,6,10,94,'M',1),(1547,6,10,94,'M',1),(1548,6,10,94,'M',1),(1549,6,10,94,'M',2),(1550,6,10,94,'M',1),(1551,6,13,94,'M',1),(1552,6,13,94,'M',1),(1553,6,14,94,'M',1),(1554,6,14,94,'M',2),(1555,6,27,76,'M',2),(1556,6,1,70,'M',3),(1557,6,1,70,'M',3),(1558,6,1,70,'M',3),(1559,6,1,70,'M',1),(1560,6,1,70,'M',2),(1561,6,1,70,'M',3),(1562,6,1,70,'M',1),(1563,6,1,70,'M',2),(1564,6,1,70,'M',2),(1565,6,1,70,'M',1),(1566,6,1,70,'M',1),(1567,6,1,70,'M',2),(1568,6,2,70,'M',2),(1569,6,2,70,'M',2),(1570,6,6,70,'M',3),(1571,6,6,70,'M',1),(1572,6,6,70,'M',3),(1573,6,6,70,'M',2),(1574,6,6,70,'M',1),(1575,6,6,70,'M',3),(1576,6,8,70,'M',1),(1577,6,8,70,'M',2),(1578,6,8,70,'M',3),(1579,6,8,70,'M',2),(1580,6,8,70,'M',2),(1581,6,16,70,'M',1),(1582,6,18,70,'M',3),(1583,6,18,70,'M',3),(1584,6,19,70,'W',2),(1585,6,19,70,'W',2),(1586,6,19,70,'M',3),(1587,6,19,70,'M',1),(1588,6,38,70,'X',3),(1589,6,38,70,'X',3),(1590,6,40,70,'M',1),(1591,6,24,70,'M',1),(1592,6,24,70,'W',1),(1593,6,24,70,'W',2),(1594,6,24,70,'X',2),(1595,6,24,70,'X',2),(1596,6,24,70,'W',3),(1597,6,24,70,'W',2),(1598,6,42,70,'M',1),(1599,6,30,70,'X',1),(1600,6,30,70,'X',1),(1601,6,30,70,'X',1),(1602,6,1,66,'M',2),(1603,6,1,66,'M',2),(1604,6,1,66,'M',3),(1605,6,1,66,'M',1),(1606,6,2,66,'M',3),(1607,6,2,66,'M',2),(1608,6,6,66,'M',3),(1609,6,6,66,'M',1),(1610,6,6,66,'M',2),(1611,6,8,66,'M',3),(1612,6,8,66,'M',1),(1613,6,9,66,'X',2),(1614,6,9,66,'X',2),(1615,6,10,66,'M',3),(1616,6,10,66,'M',1),(1617,6,10,66,'M',2),(1618,6,10,66,'M',3),(1619,6,10,66,'M',3),(1620,6,10,66,'M',2),(1621,6,10,66,'M',2),(1622,6,10,66,'M',2),(1623,6,13,66,'M',3),(1624,6,13,66,'M',2),(1625,6,13,66,'M',3),(1626,6,14,66,'M',3),(1627,6,14,66,'M',1),(1628,6,14,66,'M',1),(1629,6,21,66,'M',2),(1630,6,24,66,'M',3),(1631,6,24,66,'W',3),(1632,6,24,66,'X',1),(1633,6,24,66,'X',1),(1634,6,24,66,'W',1),(1635,6,26,66,'M',3),(1636,6,26,66,'M',2),(1637,6,26,66,'M',2),(1638,6,26,66,'M',2),(1639,6,26,66,'M',2),(1640,6,26,66,'M',1),(1641,6,27,66,'M',2),(1642,6,27,66,'M',2),(1643,6,30,66,'X',2),(1644,6,1,65,'M',1),(1645,6,1,65,'M',2),(1646,6,1,65,'M',3),(1647,6,1,65,'M',1),(1648,6,1,65,'M',1),(1649,6,1,65,'M',1),(1650,6,1,65,'M',2),(1651,6,1,65,'M',3),(1652,6,1,65,'M',1),(1653,6,1,65,'M',2),(1654,6,1,65,'M',1),(1655,6,1,65,'M',3),(1656,6,1,65,'M',1),(1657,6,1,65,'M',1),(1658,6,1,65,'M',2),(1659,6,1,65,'M',1),(1660,6,18,65,'M',1),(1661,6,18,65,'M',1),(1662,6,18,65,'M',2),(1663,6,18,65,'M',1),(1664,6,18,65,'M',2),(1665,6,18,65,'M',3),(1666,6,18,65,'M',1),(1667,6,18,65,'M',1),(1668,6,18,65,'M',2),(1669,6,18,65,'M',3),(1670,6,18,65,'M',2),(1671,6,18,65,'M',2),(1672,6,19,65,'M',3),(1673,6,19,65,'M',3),(1674,6,38,65,'X',1),(1675,6,38,65,'X',1),(1676,6,27,65,'M',3),(1677,6,27,65,'M',2),(1678,6,27,65,'M',3),(1679,6,1,62,'M',2),(1680,6,14,62,'M',2),(1681,6,14,62,'M',1),(1682,6,11,61,'M',2),(1683,6,40,61,'M',2),(1684,6,1,53,'M',2),(1685,6,6,53,'M',2),(1686,6,6,53,'M',2),(1687,6,6,53,'M',2),(1688,6,13,53,'M',1),(1689,6,13,53,'M',2),(1690,6,16,53,'M',2),(1691,6,18,53,'M',2),(1692,6,18,53,'M',3),(1693,6,19,53,'W',1),(1694,6,27,53,'M',2),(1695,6,27,53,'M',1),(1696,6,27,53,'M',2),(1697,6,1,34,'M',1),(1698,6,6,34,'M',2),(1699,6,6,34,'M',3),(1700,6,6,34,'M',1),(1701,6,6,34,'M',3),(1702,6,6,34,'M',2),(1703,6,33,34,'M',1),(1704,6,19,34,'M',2),(1705,6,19,34,'M',3),(1706,6,27,27,'M',1),(1707,6,27,27,'M',3),(1708,6,27,27,'M',2),(1709,6,8,18,'M',3),(1710,6,8,18,'M',1),(1711,6,9,18,'X',3),(1712,6,9,18,'X',2),(1713,6,9,18,'X',3),(1714,6,9,18,'X',1),(1715,6,9,18,'X',1),(1716,6,10,18,'M',2),(1717,6,11,18,'M',1),(1718,6,13,18,'M',2),(1719,6,13,18,'M',3),(1720,6,14,18,'M',1),(1721,6,14,18,'M',3),(1722,6,14,18,'M',2),(1723,6,16,18,'M',3),(1724,6,19,18,'M',3),(1725,6,19,18,'M',2),(1726,6,26,18,'M',3),(1727,6,26,18,'M',1),(1728,6,26,18,'M',2),(1729,6,26,18,'M',1),(1730,6,26,18,'M',1),(1731,6,26,18,'M',3),(1732,6,26,18,'M',1),(1733,6,26,18,'M',2),(1734,6,26,18,'M',2),(1735,6,26,18,'M',1),(1736,6,26,18,'M',1),(1737,6,26,18,'M',1),(1738,6,26,18,'M',1),(1739,6,26,18,'M',2),(1740,6,42,18,'M',3),(1741,6,27,18,'M',2),(1742,6,30,18,'X',1),(1743,6,30,18,'M',2),(1744,6,30,18,'M',3),(1745,6,1,11,'M',2),(1746,6,19,11,'M',3),(1747,6,19,11,'M',2),(1748,7,13,224,'M',1),(1749,7,13,224,'M',1),(1750,7,1,201,'M',2),(1751,7,1,201,'M',1),(1752,7,1,201,'M',1),(1753,7,1,201,'M',2),(1754,7,1,201,'M',3),(1755,7,1,201,'M',2),(1756,7,1,201,'M',3),(1757,7,1,201,'M',1),(1758,7,1,201,'M',1),(1759,7,1,201,'M',1),(1760,7,1,201,'M',3),(1761,7,1,201,'M',3),(1762,7,1,201,'M',2),(1763,7,1,201,'M',1),(1764,7,1,201,'M',2),(1765,7,1,201,'M',3),(1766,7,1,201,'M',1),(1767,7,1,201,'M',1),(1768,7,1,201,'M',2),(1769,7,1,201,'M',1),(1770,7,1,201,'M',2),(1771,7,1,201,'M',3),(1772,7,1,201,'M',1),(1773,7,1,201,'M',2),(1774,7,1,201,'M',3),(1775,7,1,201,'M',3),(1776,7,1,201,'M',3),(1777,7,1,201,'M',1),(1778,7,1,201,'M',2),(1779,7,1,201,'M',3),(1780,7,1,201,'M',1),(1781,7,1,201,'M',2),(1782,7,2,201,'M',1),(1783,7,2,201,'M',1),(1784,7,2,201,'M',3),(1785,7,2,201,'M',3),(1786,7,2,201,'M',2),(1787,7,6,201,'M',3),(1788,7,6,201,'M',1),(1789,7,6,201,'M',2),(1790,7,6,201,'M',1),(1791,7,6,201,'M',2),(1792,7,6,201,'M',3),(1793,7,9,201,'X',3),(1794,7,13,201,'M',1),(1795,7,18,201,'M',3),(1796,7,18,201,'M',1),(1797,7,18,201,'M',1),(1798,7,18,201,'M',2),(1799,7,18,201,'M',1),(1800,7,18,201,'M',1),(1801,7,19,201,'M',3),(1802,7,19,201,'M',1),(1803,7,19,201,'M',2),(1804,7,19,201,'W',1),(1805,7,19,201,'W',2),(1806,7,19,201,'M',3),(1807,7,19,201,'M',1),(1808,7,19,201,'M',2),(1809,7,19,201,'W',3),(1810,7,19,201,'W',1),(1811,7,19,201,'W',2),(1812,7,19,201,'M',1),(1813,7,19,201,'M',2),(1814,7,19,201,'W',3),(1815,7,19,201,'W',1),(1816,7,19,201,'M',3),(1817,7,19,201,'M',1),(1818,7,19,201,'M',2),(1819,7,19,201,'W',3),(1820,7,19,201,'W',1),(1821,7,19,201,'W',2),(1822,7,19,201,'M',3),(1823,7,19,201,'M',1),(1824,7,19,201,'W',2),(1825,7,19,201,'M',1),(1826,7,19,201,'W',3),(1827,7,19,201,'W',1),(1828,7,19,201,'W',2),(1829,7,19,201,'W',1),(1830,7,19,201,'M',1),(1831,7,19,201,'M',3),(1832,7,40,201,'M',2),(1833,7,21,201,'M',1),(1834,7,24,201,'M',1),(1835,7,24,201,'W',1),(1836,7,24,201,'X',1),(1837,7,24,201,'X',2),(1838,7,24,201,'X',1),(1839,7,24,201,'X',2),(1840,7,24,201,'M',1),(1841,7,24,201,'W',1),(1842,7,27,201,'M',1),(1843,7,27,201,'M',3),(1844,7,27,201,'M',1),(1845,7,27,201,'M',1),(1846,7,27,201,'M',2),(1847,7,27,201,'M',1),(1848,7,27,201,'M',2),(1849,7,27,201,'M',1),(1850,7,27,201,'M',3),(1851,7,11,200,'M',1),(1852,7,13,220,'M',3),(1853,7,13,220,'M',2),(1854,7,13,220,'M',2),(1855,7,13,220,'M',3),(1856,7,13,220,'M',2),(1857,7,13,220,'M',3),(1858,7,13,220,'M',1),(1859,7,13,220,'M',3),(1860,7,13,220,'M',2),(1861,7,14,220,'M',3),(1862,7,1,182,'M',2),(1863,7,1,182,'M',3),(1864,7,1,182,'M',2),(1865,7,1,182,'M',3),(1866,7,1,182,'M',2),(1867,7,8,182,'M',3),(1868,7,9,182,'X',1),(1869,7,9,182,'X',2),(1870,7,9,182,'X',2),(1871,7,9,182,'X',1),(1872,7,10,182,'M',3),(1873,7,11,182,'M',3),(1874,7,18,182,'M',2),(1875,7,18,182,'M',3),(1876,7,18,182,'M',1),(1877,7,18,182,'M',2),(1878,7,19,182,'W',3),(1879,7,19,182,'M',2),(1880,7,19,182,'M',2),(1881,7,19,182,'M',2),(1882,7,19,182,'W',3),(1883,7,19,182,'M',3),(1884,7,20,182,'M',3),(1885,7,20,182,'M',1),(1886,7,20,182,'M',2),(1887,7,27,182,'M',3),(1888,7,27,182,'M',3),(1889,7,27,182,'M',2),(1890,7,27,182,'M',2),(1891,7,1,179,'M',2),(1892,7,1,179,'M',2),(1893,7,2,179,'M',3),(1894,7,2,179,'M',3),(1895,7,2,179,'M',1),(1896,7,2,179,'M',1),(1897,7,2,179,'M',3),(1898,7,9,179,'X',1),(1899,7,9,179,'X',2),(1900,7,11,179,'M',2),(1901,7,13,179,'M',2),(1902,7,13,179,'M',1),(1903,7,13,179,'M',3),(1904,7,13,179,'M',1),(1905,7,13,179,'M',2),(1906,7,13,179,'M',3),(1907,7,13,179,'M',3),(1908,7,14,179,'M',3),(1909,7,14,179,'M',2),(1910,7,18,179,'M',2),(1911,7,18,179,'M',3),(1912,7,18,179,'M',1),(1913,7,18,179,'M',1),(1914,7,18,179,'M',3),(1915,7,27,179,'M',3),(1916,7,1,161,'M',3),(1917,7,1,161,'M',2),(1918,7,6,161,'M',1),(1919,7,21,160,'M',3),(1920,7,9,155,'X',3),(1921,7,8,154,'M',2),(1922,7,9,154,'X',3),(1923,7,1,143,'M',3),(1924,7,1,141,'M',3),(1925,7,6,141,'M',1),(1926,7,6,141,'M',3),(1927,7,27,141,'M',1),(1928,7,27,141,'M',2),(1929,7,27,141,'M',3),(1930,7,27,141,'M',1),(1931,7,30,141,'X',1),(1932,7,30,141,'X',1),(1933,7,30,141,'X',2),(1934,7,1,137,'M',3),(1935,7,2,137,'M',1),(1936,7,8,137,'M',3),(1937,7,8,137,'M',1),(1938,7,8,137,'M',2),(1939,7,9,137,'X',1),(1940,7,9,137,'X',1),(1941,7,10,137,'M',3),(1942,7,24,137,'X',3),(1943,7,24,137,'X',3),(1944,7,30,137,'X',3),(1945,7,18,98,'M',3),(1946,7,1,94,'M',1),(1947,7,1,94,'M',2),(1948,7,2,94,'M',3),(1949,7,2,94,'M',2),(1950,7,8,94,'M',1),(1951,7,9,94,'X',3),(1952,7,9,94,'X',2),(1953,7,10,94,'M',3),(1954,7,10,94,'M',1),(1955,7,13,94,'M',3),(1956,7,13,94,'M',1),(1957,7,13,94,'M',1),(1958,7,14,94,'M',1),(1959,7,14,94,'M',1),(1960,7,14,94,'M',1),(1961,7,24,94,'M',3),(1962,7,1,85,'M',2),(1963,7,10,85,'M',3),(1964,7,10,85,'M',3),(1965,7,10,85,'M',1),(1966,7,10,85,'M',2),(1967,7,18,85,'M',3),(1968,7,18,85,'M',2),(1969,7,19,85,'M',3),(1970,7,27,85,'M',1),(1971,7,27,82,'M',3),(1972,7,1,70,'M',2),(1973,7,1,70,'M',1),(1974,7,1,70,'M',3),(1975,7,1,70,'M',3),(1976,7,1,70,'M',2),(1977,7,1,70,'M',3),(1978,7,1,70,'M',1),(1979,7,1,70,'M',2),(1980,7,1,70,'M',3),(1981,7,1,70,'M',1),(1982,7,1,70,'M',3),(1983,7,2,70,'M',1),(1984,7,2,70,'M',1),(1985,7,6,70,'M',2),(1986,7,6,70,'M',1),(1987,7,6,70,'M',2),(1988,7,6,70,'M',1),(1989,7,8,70,'M',3),(1990,7,8,70,'M',2),(1991,7,10,70,'W',2),(1992,7,18,70,'M',3),(1993,7,19,70,'M',3),(1994,7,19,70,'W',2),(1995,7,19,70,'W',3),(1996,7,19,70,'W',1),(1997,7,19,70,'W',2),(1998,7,40,70,'M',3),(1999,7,24,70,'W',3),(2000,7,24,70,'W',2),(2001,7,24,70,'W',3),(2002,7,27,70,'M',2),(2003,7,27,70,'M',1),(2004,7,27,70,'M',2),(2005,7,30,70,'X',2),(2006,7,1,66,'M',3),(2007,7,1,66,'M',3),(2008,7,1,66,'M',3),(2009,7,2,66,'M',2),(2010,7,2,66,'M',2),(2011,7,2,66,'M',2),(2012,7,6,66,'M',3),(2013,7,8,66,'M',3),(2014,7,8,66,'M',1),(2015,7,8,66,'M',1),(2016,7,8,66,'M',1),(2017,7,8,66,'M',3),(2018,7,8,66,'M',1),(2019,7,9,66,'X',3),(2020,7,10,66,'M',2),(2021,7,10,66,'M',1),(2022,7,10,66,'M',1),(2023,7,10,66,'M',2),(2024,7,10,66,'M',1),(2025,7,10,66,'M',2),(2026,7,13,66,'M',3),(2027,7,13,66,'M',2),(2028,7,13,66,'M',1),(2029,7,13,66,'M',2),(2030,7,13,66,'M',2),(2031,7,14,66,'M',1),(2032,7,14,66,'M',1),(2033,7,18,66,'M',1),(2034,7,19,66,'M',1),(2035,7,21,66,'M',2),(2036,7,24,66,'M',3),(2037,7,24,66,'M',2),(2038,7,24,66,'M',2),(2039,7,24,66,'W',2),(2040,7,27,66,'M',2),(2041,7,27,66,'M',1),(2042,7,30,66,'X',3),(2043,7,1,65,'M',3),(2044,7,1,65,'M',1),(2045,7,1,65,'M',1),(2046,7,1,65,'M',1),(2047,7,1,65,'M',2),(2048,7,1,65,'M',1),(2049,7,1,65,'M',2),(2050,7,1,65,'M',1),(2051,7,1,65,'M',2),(2052,7,1,65,'M',1),(2053,7,1,65,'M',2),(2054,7,1,65,'M',1),(2055,7,1,65,'M',2),(2056,7,1,65,'M',1),(2057,7,1,65,'M',1),(2058,7,1,65,'M',1),(2059,7,1,65,'M',3),(2060,7,18,65,'M',1),(2061,7,18,65,'M',2),(2062,7,18,65,'M',3),(2063,7,18,65,'M',2),(2064,7,18,65,'M',2),(2065,7,18,65,'M',3),(2066,7,18,65,'M',3),(2067,7,18,65,'M',2),(2068,7,18,65,'M',2),(2069,7,18,65,'M',1),(2070,7,18,65,'M',2),(2071,7,18,65,'M',3),(2072,7,18,65,'M',1),(2073,7,18,65,'M',1),(2074,7,18,65,'M',2),(2075,7,18,65,'M',3),(2076,7,27,65,'M',3),(2077,7,27,65,'M',3),(2078,7,27,65,'M',2),(2079,7,30,65,'X',3),(2080,7,1,62,'M',3),(2081,7,14,62,'M',3),(2082,7,14,62,'M',3),(2083,7,14,62,'M',2),(2084,7,18,62,'M',1),(2085,7,18,62,'M',3),(2086,7,6,53,'M',2),(2087,7,6,53,'M',1),(2088,7,6,53,'M',2),(2089,7,8,53,'M',2),(2090,7,9,53,'X',2),(2091,7,10,53,'W',3),(2092,7,10,53,'W',1),(2093,7,27,53,'M',3),(2094,7,30,53,'X',2),(2095,7,2,34,'M',2),(2096,7,2,34,'M',2),(2097,7,6,34,'M',3),(2098,7,27,34,'M',2),(2099,7,6,18,'M',1),(2100,7,6,18,'M',3),(2101,7,8,18,'M',2),(2102,7,8,18,'M',2),(2103,7,8,18,'M',3),(2104,7,10,18,'M',1),(2105,7,10,18,'M',2),(2106,7,10,18,'M',3),(2107,7,10,18,'M',2),(2108,7,18,18,'M',2),(2109,7,19,18,'M',2),(2110,7,19,18,'M',2),(2111,7,30,18,'X',1),(2112,7,14,12,'M',2),(2113,7,14,12,'M',2),(2114,7,14,12,'M',2),(2115,7,14,12,'M',3),(2116,7,1,11,'M',1),(2117,7,19,11,'M',1),(2118,7,19,11,'M',3),(2119,7,19,11,'M',1),(2120,7,19,11,'M',3),(2121,7,19,11,'M',2),(2122,7,1,7,'M',2),(2123,7,6,7,'M',3),(2124,7,6,7,'M',3),(2125,7,6,7,'M',2),(2126,7,6,7,'M',2),(2127,7,40,7,'M',1),(2128,8,13,224,'M',3),(2129,8,13,224,'M',2),(2130,8,13,224,'M',1),(2131,8,13,224,'M',3),(2132,8,13,224,'M',3),(2133,8,1,201,'W',1),(2134,8,1,201,'M',3),(2135,8,1,201,'M',2),(2136,8,1,201,'M',1),(2137,8,1,201,'M',3),(2138,8,1,201,'M',2),(2139,8,1,201,'M',1),(2140,8,1,201,'W',2),(2141,8,1,201,'M',1),(2142,8,1,201,'M',3),(2143,8,1,201,'M',3),(2144,8,1,201,'M',1),(2145,8,1,201,'W',2),(2146,8,1,201,'M',3),(2147,8,1,201,'M',1),(2148,8,1,201,'M',2),(2149,8,1,201,'W',3),(2150,8,1,201,'M',3),(2151,8,1,201,'M',1),(2152,8,1,201,'M',3),(2153,8,1,201,'M',1),(2154,8,1,201,'M',2),(2155,8,1,201,'M',1),(2156,8,1,201,'M',2),(2157,8,1,201,'M',2),(2158,8,2,201,'M',3),(2159,8,2,201,'M',1),(2160,8,2,201,'M',1),(2161,8,2,201,'M',2),(2162,8,2,201,'M',2),(2163,8,6,201,'M',2),(2164,8,6,201,'M',3),(2165,8,6,201,'M',2),(2166,8,10,201,'M',3),(2167,8,18,201,'M',1),(2168,8,18,201,'M',2),(2169,8,19,201,'M',3),(2170,8,19,201,'M',1),(2171,8,19,201,'W',1),(2172,8,19,201,'W',2),(2173,8,19,201,'M',1),(2174,8,19,201,'M',2),(2175,8,19,201,'W',3),(2176,8,19,201,'W',1),(2177,8,19,201,'W',2),(2178,8,19,201,'M',3),(2179,8,19,201,'M',1),(2180,8,19,201,'M',2),(2181,8,19,201,'M',1),(2182,8,19,201,'W',1),(2183,8,19,201,'W',2),(2184,8,19,201,'M',3),(2185,8,19,201,'W',3),(2186,8,19,201,'W',1),(2187,8,19,201,'W',1),(2188,8,19,201,'M',1),(2189,8,11,200,'M',1),(2190,8,6,220,'M',2),(2191,8,9,220,'X',1),(2192,8,13,220,'M',1),(2193,8,13,220,'M',3),(2194,8,13,220,'M',2),(2195,8,13,220,'M',2),(2196,8,13,220,'M',2),(2197,8,14,220,'M',3),(2198,8,18,220,'M',2),(2199,8,1,182,'M',3),(2200,8,1,182,'M',3),(2201,8,1,182,'M',2),(2202,8,1,182,'W',3),(2203,8,1,182,'W',3),(2204,8,1,182,'M',2),(2205,8,1,182,'M',1),(2206,8,6,182,'M',2),(2207,8,6,182,'M',3),(2208,8,8,182,'M',3),(2209,8,8,182,'M',3),(2210,8,9,182,'X',3),(2211,8,9,182,'X',2),(2212,8,9,182,'X',3),(2213,8,18,182,'M',1),(2214,8,18,182,'M',1),(2215,8,18,182,'M',1),(2216,8,18,182,'M',2),(2217,8,19,182,'W',3),(2218,8,19,182,'M',1),(2219,8,19,182,'M',3),(2220,8,20,182,'M',1),(2221,8,20,182,'M',2),(2222,8,30,182,'X',1),(2223,8,30,182,'X',3),(2224,8,2,179,'M',2),(2225,8,2,179,'M',1),(2226,8,9,179,'X',3),(2227,8,9,179,'X',3),(2228,8,13,179,'M',3),(2229,8,13,179,'M',1),(2230,8,13,179,'M',1),(2231,8,13,179,'M',2),(2232,8,13,179,'M',3),(2233,8,13,179,'M',1),(2234,8,13,179,'M',2),(2235,8,13,179,'M',1),(2236,8,13,179,'M',1),(2237,8,18,179,'M',3),(2238,8,18,179,'M',1),(2239,8,18,179,'M',2),(2240,8,1,161,'M',1),(2241,8,6,161,'M',3),(2242,8,19,161,'W',3),(2243,8,1,154,'W',1),(2244,8,2,154,'M',3),(2245,8,9,154,'X',3),(2246,8,9,154,'X',2),(2247,8,10,154,'M',3),(2248,8,19,150,'M',3),(2249,8,6,143,'M',1),(2250,8,1,141,'M',3),(2251,8,9,141,'X',2),(2252,8,30,141,'X',2),(2253,8,30,141,'X',1),(2254,8,1,137,'W',2),(2255,8,6,137,'M',1),(2256,8,6,137,'M',3),(2257,8,8,137,'M',2),(2258,8,8,137,'M',2),(2259,8,8,137,'M',1),(2260,8,8,137,'M',2),(2261,8,8,137,'M',2),(2262,8,9,137,'X',3),(2263,8,9,137,'X',1),(2264,8,9,137,'X',2),(2265,8,9,137,'X',1),(2266,8,13,137,'W',1),(2267,8,14,137,'M',3),(2268,8,14,137,'M',3),(2269,8,16,137,'M',2),(2270,8,19,137,'W',1),(2271,8,19,137,'W',2),(2272,8,19,137,'W',2),(2273,8,30,137,'X',2),(2274,8,1,98,'W',2),(2275,8,1,98,'M',1),(2276,8,19,98,'M',3),(2277,8,19,98,'M',1),(2278,8,19,98,'M',2),(2279,8,2,94,'M',3),(2280,8,2,94,'M',1),(2281,8,6,94,'M',3),(2282,8,6,94,'M',1),(2283,8,6,94,'M',1),(2284,8,6,94,'M',1),(2285,8,8,94,'M',1),(2286,8,10,94,'M',3),(2287,8,10,94,'M',1),(2288,8,10,94,'M',3),(2289,8,10,94,'M',2),(2290,8,11,94,'M',3),(2291,8,13,94,'M',2),(2292,8,13,94,'W',2),(2293,8,14,94,'M',2),(2294,8,14,94,'M',2),(2295,8,18,94,'M',3),(2296,8,18,94,'M',3),(2297,8,1,89,'M',1),(2298,8,16,87,'M',1),(2299,8,1,85,'M',2),(2300,8,6,85,'M',1),(2301,8,10,85,'M',1),(2302,8,10,85,'M',2),(2303,8,10,85,'M',1),(2304,8,18,85,'M',1),(2305,8,18,85,'M',2),(2306,8,19,85,'M',2),(2307,8,19,85,'M',2),(2308,8,1,82,'M',2),(2309,8,1,74,'M',3),(2310,8,1,74,'M',3),(2311,8,1,74,'M',3),(2312,8,1,74,'M',2),(2313,8,1,74,'W',3),(2314,8,1,74,'M',2),(2315,8,1,74,'M',3),(2316,8,1,74,'W',1),(2317,8,1,74,'M',3),(2318,8,2,74,'M',1),(2319,8,6,74,'M',2),(2320,8,8,74,'M',3),(2321,8,9,74,'X',1),(2322,8,9,74,'X',1),(2323,8,9,74,'X',3),(2324,8,10,74,'M',2),(2325,8,10,74,'W',3),(2326,8,10,74,'W',1),(2327,8,14,74,'M',3),(2328,8,14,74,'M',1),(2329,8,14,74,'M',1),(2330,8,16,74,'M',3),(2331,8,18,74,'M',1),(2332,8,18,74,'M',3),(2333,8,18,74,'M',2),(2334,8,18,74,'M',2),(2335,8,19,74,'M',2),(2336,8,19,74,'W',3),(2337,8,19,74,'W',1),(2338,8,19,74,'M',1),(2339,8,20,74,'M',3),(2340,8,1,70,'M',2),(2341,8,1,70,'M',2),(2342,8,1,70,'M',1),(2343,8,1,70,'M',3),(2344,8,1,70,'M',1),(2345,8,2,70,'M',2),(2346,8,2,70,'M',2),(2347,8,2,70,'M',1),(2348,8,2,70,'M',3),(2349,8,8,70,'M',2),(2350,8,8,70,'M',2),(2351,8,8,70,'M',2),(2352,8,8,70,'M',3),(2353,8,10,70,'W',2),(2354,8,13,70,'W',3),(2355,8,18,70,'M',3),(2356,8,19,70,'W',3),(2357,8,19,70,'W',2),(2358,8,19,70,'W',3),(2359,8,19,70,'W',2),(2360,8,1,66,'M',2),(2361,8,1,66,'M',3),(2362,8,1,66,'M',1),(2363,8,2,66,'M',2),(2364,8,6,66,'M',2),(2365,8,8,66,'M',1),(2366,8,8,66,'M',1),(2367,8,9,66,'X',2),(2368,8,9,66,'X',2),(2369,8,10,66,'M',1),(2370,8,10,66,'M',2),(2371,8,10,66,'M',1),(2372,8,10,66,'M',2),(2373,8,14,66,'M',3),(2374,8,14,66,'M',1),(2375,8,14,66,'M',2),(2376,8,18,66,'M',3),(2377,8,18,66,'M',2),(2378,8,18,66,'M',3),(2379,8,19,66,'M',3),(2380,8,30,66,'X',1),(2381,8,1,65,'M',1),(2382,8,1,65,'M',2),(2383,8,1,65,'M',3),(2384,8,1,65,'M',1),(2385,8,1,65,'M',3),(2386,8,1,65,'M',1),(2387,8,1,65,'M',2),(2388,8,1,65,'M',1),(2389,8,1,65,'M',2),(2390,8,1,65,'M',1),(2391,8,1,65,'M',2),(2392,8,1,65,'M',2),(2393,8,1,65,'M',3),(2394,8,1,65,'M',3),(2395,8,13,65,'M',3),(2396,8,18,65,'M',1),(2397,8,18,65,'M',2),(2398,8,18,65,'M',2),(2399,8,18,65,'M',3),(2400,8,18,65,'M',1),(2401,8,18,65,'M',2),(2402,8,18,65,'M',3),(2403,8,18,65,'M',1),(2404,8,18,65,'M',3),(2405,8,30,65,'X',3),(2406,8,14,62,'M',2),(2407,8,18,62,'M',1),(2408,8,18,62,'M',1),(2409,8,18,62,'M',3),(2410,8,30,62,'X',3),(2411,8,9,61,'X',1),(2412,8,14,58,'M',1),(2413,8,18,58,'M',1),(2414,8,19,58,'M',2),(2415,8,19,58,'M',3),(2416,8,6,53,'M',3),(2417,8,8,53,'M',1),(2418,8,8,53,'M',1),(2419,8,8,53,'M',3),(2420,8,8,53,'M',1),(2421,8,8,53,'M',3),(2422,8,30,53,'X',2),(2423,8,1,38,'M',2),(2424,8,1,34,'M',1),(2425,8,1,34,'W',3),(2426,8,1,34,'W',2),(2427,8,1,34,'M',1),(2428,8,1,34,'M',2),(2429,8,1,34,'W',1),(2430,8,1,34,'M',3),(2431,8,1,34,'W',1),(2432,8,2,34,'M',2),(2433,8,2,34,'M',3),(2434,8,6,34,'M',3),(2435,8,18,34,'M',3),(2436,8,18,34,'M',3),(2437,8,18,34,'M',2),(2438,8,19,34,'M',3),(2439,8,2,18,'M',3),(2440,8,6,18,'M',3),(2441,8,18,18,'M',2),(2442,8,2,12,'M',3),(2443,8,14,12,'M',1),(2444,8,14,12,'M',1),(2445,8,2,11,'M',1),(2446,8,8,11,'M',3),(2447,8,19,11,'M',2),(2448,8,19,11,'M',2),(2449,8,6,7,'M',1),(2450,8,6,7,'M',2),(2451,8,6,7,'M',2),(2452,8,6,7,'M',1),(2453,8,10,7,'M',3),(2454,8,11,7,'M',2),(2455,8,19,7,'M',1),(2456,9,1,201,'M',1),(2457,9,1,201,'M',2),(2458,9,1,201,'W',3),(2459,9,1,201,'M',1),(2460,9,1,201,'M',2),(2461,9,1,201,'M',3),(2462,9,1,201,'M',1),(2463,9,1,201,'M',2),(2464,9,1,201,'M',3),(2465,9,1,201,'M',1),(2466,9,1,201,'M',2),(2467,9,1,201,'M',3),(2468,9,1,201,'M',2),(2469,9,1,201,'M',1),(2470,9,1,201,'W',1),(2471,9,1,201,'M',1),(2472,9,1,201,'M',2),(2473,9,1,201,'W',1),(2474,9,1,201,'W',2),(2475,9,1,201,'M',1),(2476,9,1,201,'M',1),(2477,9,1,201,'M',2),(2478,9,1,201,'W',1),(2479,9,1,201,'W',2),(2480,9,1,201,'M',3),(2481,9,1,201,'M',2),(2482,9,1,201,'W',1),(2483,9,1,201,'W',2),(2484,9,1,201,'W',1),(2485,9,1,201,'M',1),(2486,9,1,201,'M',2),(2487,9,1,201,'M',3),(2488,9,1,201,'M',1),(2489,9,1,201,'M',1),(2490,9,1,201,'M',2),(2491,9,2,201,'M',1),(2492,9,2,201,'M',1),(2493,9,2,201,'M',1),(2494,9,2,201,'M',2),(2495,9,6,201,'M',3),(2496,9,6,201,'M',3),(2497,9,6,201,'M',3),(2498,9,6,201,'M',1),(2499,9,6,201,'M',1),(2500,9,9,201,'X',3),(2501,9,9,201,'X',3),(2502,9,9,201,'X',2),(2503,9,9,201,'X',1),(2504,9,9,201,'X',2),(2505,9,10,201,'M',3),(2506,9,10,201,'M',2),(2507,9,10,201,'M',3),(2508,9,13,201,'M',1),(2509,9,13,201,'M',3),(2510,9,13,201,'M',1),(2511,9,13,201,'M',2),(2512,9,13,201,'M',3),(2513,9,13,201,'M',1),(2514,9,13,201,'M',2),(2515,9,13,201,'M',3),(2516,9,13,201,'M',1),(2517,9,13,201,'M',2),(2518,9,13,201,'M',2),(2519,9,13,201,'M',3),(2520,9,13,201,'M',1),(2521,9,13,201,'M',2),(2522,9,13,201,'M',3),(2523,9,13,201,'M',2),(2524,9,14,201,'M',3),(2525,9,14,201,'M',3),(2526,9,16,201,'M',3),(2527,9,18,201,'M',1),(2528,9,18,201,'M',2),(2529,9,18,201,'M',2),(2530,9,18,201,'M',1),(2531,9,18,201,'M',1),(2532,9,19,201,'M',3),(2533,9,19,201,'M',1),(2534,9,19,201,'M',2),(2535,9,19,201,'W',3),(2536,9,19,201,'W',1),(2537,9,19,201,'W',2),(2538,9,19,201,'M',3),(2539,9,19,201,'M',1),(2540,9,19,201,'M',2),(2541,9,19,201,'W',3),(2542,9,19,201,'W',1),(2543,9,19,201,'W',2),(2544,9,19,201,'W',1),(2545,9,19,201,'M',3),(2546,9,19,201,'W',3),(2547,9,19,201,'W',1),(2548,9,19,201,'M',3),(2549,9,19,201,'M',1),(2550,9,19,201,'W',1),(2551,9,19,201,'W',2),(2552,9,19,201,'W',1),(2553,9,19,201,'M',2),(2554,9,19,201,'M',3),(2555,9,20,201,'M',3),(2556,9,30,201,'X',2),(2557,9,30,201,'X',1),(2558,9,30,201,'X',1),(2559,9,2,200,'M',3),(2560,9,1,220,'M',3),(2561,9,14,220,'M',1),(2562,9,14,220,'M',2),(2563,9,18,220,'M',2),(2564,9,1,182,'M',2),(2565,9,6,182,'M',3),(2566,9,6,182,'M',2),(2567,9,8,182,'M',3),(2568,9,8,182,'M',3),(2569,9,9,182,'X',2),(2570,9,9,182,'X',3),(2571,9,9,182,'X',3),(2572,9,18,182,'M',1),(2573,9,18,182,'M',3),(2574,9,18,182,'M',3),(2575,9,18,182,'M',1),(2576,9,18,182,'M',2),(2577,9,18,182,'M',1),(2578,9,18,182,'M',1),(2579,9,18,182,'M',1),(2580,9,18,182,'M',3),(2581,9,18,182,'M',1),(2582,9,20,182,'M',1),(2583,9,20,182,'M',2),(2584,9,27,182,'M',1),(2585,9,30,182,'X',1),(2586,9,30,182,'X',3),(2587,9,13,179,'M',2),(2588,9,1,161,'W',3),(2589,9,6,161,'M',1),(2590,9,6,161,'M',3),(2591,9,6,161,'M',1),(2592,9,19,161,'W',3),(2593,9,1,154,'M',1),(2594,9,1,154,'W',1),(2595,9,1,154,'W',3),(2596,9,2,154,'M',3),(2597,9,2,154,'M',3),(2598,9,2,154,'M',2),(2599,9,10,154,'M',3),(2600,9,1,150,'M',3),(2601,9,6,150,'M',3),(2602,9,19,150,'M',3),(2603,9,2,143,'M',2),(2604,9,8,137,'M',2),(2605,9,8,137,'M',1),(2606,9,9,137,'X',1),(2607,9,9,137,'X',2),(2608,9,19,137,'W',2),(2609,9,19,137,'W',2),(2610,9,30,137,'X',2),(2611,9,6,123,'M',2),(2612,9,27,123,'M',2),(2613,9,1,108,'M',2),(2614,9,1,98,'M',3),(2615,9,1,98,'M',2),(2616,9,1,98,'M',3),(2617,9,1,98,'M',1),(2618,9,9,98,'X',1),(2619,9,16,98,'M',2),(2620,9,19,98,'M',3),(2621,9,19,98,'M',1),(2622,9,19,98,'M',2),(2623,9,19,98,'M',1),(2624,9,19,98,'M',2),(2625,9,19,98,'M',1),(2626,9,19,98,'M',2),(2627,9,19,98,'M',1),(2628,9,19,98,'M',2),(2629,9,19,98,'W',2),(2630,9,19,98,'M',3),(2631,9,19,98,'M',1),(2632,9,1,94,'M',1),(2633,9,1,94,'M',3),(2634,9,1,94,'M',3),(2635,9,2,94,'M',2),(2636,9,2,94,'M',3),(2637,9,2,94,'M',2),(2638,9,6,94,'M',2),(2639,9,6,94,'M',2),(2640,9,8,94,'M',1),(2641,9,8,94,'M',2),(2642,9,8,94,'M',1),(2643,9,8,94,'M',3),(2644,9,8,94,'M',1),(2645,9,10,94,'M',3),(2646,9,10,94,'M',1),(2647,9,10,94,'M',2),(2648,9,10,94,'M',3),(2649,9,10,94,'M',1),(2650,9,10,94,'M',2),(2651,9,10,94,'M',2),(2652,9,10,94,'M',2),(2653,9,13,94,'M',3),(2654,9,13,94,'M',1),(2655,9,13,94,'M',1),(2656,9,13,94,'M',2),(2657,9,13,94,'M',3),(2658,9,13,94,'M',1),(2659,9,13,94,'M',1),(2660,9,14,94,'M',3),(2661,9,14,94,'M',2),(2662,9,18,94,'M',2),(2663,9,18,94,'M',1),(2664,9,18,94,'M',3),(2665,9,18,94,'M',3),(2666,9,27,94,'M',3),(2667,9,27,94,'M',1),(2668,9,1,89,'M',1),(2669,9,1,89,'M',1),(2670,9,16,87,'M',1),(2671,9,6,85,'M',1),(2672,9,10,85,'W',3),(2673,9,10,85,'M',3),(2674,9,10,85,'M',1),(2675,9,10,85,'M',1),(2676,9,13,85,'M',1),(2677,9,13,85,'M',2),(2678,9,13,85,'M',2),(2679,9,13,85,'M',1),(2680,9,18,85,'M',2),(2681,9,18,85,'M',2),(2682,9,18,85,'M',3),(2683,9,19,85,'M',3),(2684,9,19,85,'M',1),(2685,9,27,85,'M',3),(2686,9,1,74,'M',3),(2687,9,1,74,'M',2),(2688,9,1,74,'M',3),(2689,9,1,74,'W',3),(2690,9,1,74,'W',2),(2691,9,2,74,'M',2),(2692,9,2,74,'M',2),(2693,9,2,74,'M',1),(2694,9,6,74,'M',2),(2695,9,6,74,'M',2),(2696,9,6,74,'M',2),(2697,9,14,74,'M',2),(2698,9,14,74,'M',3),(2699,9,14,74,'M',1),(2700,9,18,74,'M',1),(2701,9,18,74,'M',2),(2702,9,18,74,'M',3),(2703,9,18,74,'M',2),(2704,9,19,74,'M',2),(2705,9,27,74,'M',2),(2706,9,1,70,'M',3),(2707,9,1,70,'M',2),(2708,9,1,70,'M',2),(2709,9,1,70,'W',3),(2710,9,1,70,'M',2),(2711,9,1,70,'M',1),(2712,9,1,70,'M',1),(2713,9,1,70,'M',2),(2714,9,2,70,'M',1),(2715,9,2,70,'M',1),(2716,9,8,70,'M',2),(2717,9,8,70,'M',3),(2718,9,10,70,'W',2),(2719,9,19,70,'W',3),(2720,9,19,70,'W',3),(2721,9,30,70,'X',2),(2722,9,1,66,'M',3),(2723,9,2,66,'M',3),(2724,9,8,66,'M',3),(2725,9,8,66,'M',1),(2726,9,8,66,'M',2),(2727,9,8,66,'M',2),(2728,9,9,66,'X',1),(2729,9,9,66,'X',2),(2730,9,9,66,'X',1),(2731,9,10,66,'M',2),(2732,9,10,66,'M',1),(2733,9,10,66,'M',1),(2734,9,14,66,'M',1),(2735,9,14,66,'M',1),(2736,9,14,66,'M',1),(2737,9,18,66,'M',1),(2738,9,18,66,'M',3),(2739,9,19,66,'M',2),(2740,9,30,66,'X',1),(2741,9,1,65,'M',3),(2742,9,1,65,'M',2),(2743,9,1,65,'M',1),(2744,9,1,65,'M',3),(2745,9,1,65,'M',1),(2746,9,1,65,'M',2),(2747,9,1,65,'M',2),(2748,9,1,65,'M',3),(2749,9,1,65,'M',1),(2750,9,1,65,'M',2),(2751,9,1,65,'M',3),(2752,9,6,65,'M',3),(2753,9,13,65,'M',3),(2754,9,13,65,'M',2),(2755,9,13,65,'M',3),(2756,9,13,65,'M',3),(2757,9,13,65,'M',3),(2758,9,18,65,'M',3),(2759,9,18,65,'M',1),(2760,9,18,65,'M',3),(2761,9,18,65,'M',2),(2762,9,18,65,'M',3),(2763,9,18,65,'M',2),(2764,9,18,65,'M',1),(2765,9,18,65,'M',2),(2766,9,30,61,'X',3),(2767,9,6,53,'M',3),(2768,9,8,53,'M',2),(2769,9,8,53,'M',3),(2770,9,14,53,'M',2),(2771,9,18,53,'M',2),(2772,9,19,53,'W',3),(2773,9,1,34,'W',2),(2774,9,1,34,'M',3),(2775,9,1,34,'M',3),(2776,9,1,34,'W',2),(2777,9,1,34,'M',3),(2778,9,1,34,'M',3),(2779,9,1,34,'M',2),(2780,9,1,34,'M',1),(2781,9,1,34,'W',3),(2782,9,2,34,'M',3),(2783,9,2,34,'M',3),(2784,9,6,34,'M',1),(2785,9,18,34,'M',2),(2786,9,30,34,'X',3),(2787,9,30,34,'X',2),(2788,9,10,12,'W',1),(2789,9,14,12,'M',2),(2790,9,14,12,'M',3),(2791,9,18,12,'M',3),(2792,9,18,12,'M',3),(2793,9,2,11,'M',1),(2794,9,8,11,'M',1),(2795,9,18,11,'M',3),(2796,9,19,11,'W',2),(2797,9,19,11,'W',1),(2798,9,1,7,'M',1),(2799,9,6,7,'M',1),(2800,9,6,7,'M',1),(2801,9,6,7,'M',2),(2802,10,13,224,'M',2),(2803,10,1,201,'M',1),(2804,10,1,201,'M',2),(2805,10,1,201,'W',1),(2806,10,1,201,'M',3),(2807,10,1,201,'M',1),(2808,10,1,201,'M',2),(2809,10,1,201,'M',1),(2810,10,1,201,'M',2),(2811,10,1,201,'M',3),(2812,10,1,201,'M',1),(2813,10,1,201,'M',1),(2814,10,1,201,'M',1),(2815,10,1,201,'W',1),(2816,10,1,201,'M',2),(2817,10,1,201,'M',1),(2818,10,1,201,'M',3),(2819,10,1,201,'M',1),(2820,10,1,201,'M',2),(2821,10,1,201,'M',1),(2822,10,1,201,'M',2),(2823,10,1,201,'M',3),(2824,10,1,201,'M',1),(2825,10,1,201,'M',2),(2826,10,1,201,'M',1),(2827,10,1,201,'M',1),(2828,10,2,201,'M',1),(2829,10,2,201,'M',3),(2830,10,5,201,'M',1),(2831,10,6,201,'M',3),(2832,10,6,201,'M',2),(2833,10,7,201,'M',3),(2834,10,9,201,'X',2),(2835,10,14,201,'M',1),(2836,10,18,201,'M',2),(2837,10,18,201,'M',2),(2838,10,18,201,'M',1),(2839,10,18,201,'M',2),(2840,10,19,201,'M',1),(2841,10,19,201,'M',2),(2842,10,19,201,'W',1),(2843,10,19,201,'W',2),(2844,10,19,201,'M',3),(2845,10,19,201,'M',1),(2846,10,19,201,'M',2),(2847,10,19,201,'W',3),(2848,10,19,201,'W',1),(2849,10,19,201,'W',2),(2850,10,19,201,'M',1),(2851,10,19,201,'M',2),(2852,10,19,201,'W',3),(2853,10,19,201,'M',2),(2854,10,19,201,'M',1),(2855,10,19,201,'W',3),(2856,10,19,201,'W',3),(2857,10,19,201,'M',2),(2858,10,20,201,'M',2),(2859,10,18,195,'M',3),(2860,10,18,195,'M',1),(2861,10,7,220,'M',2),(2862,10,7,220,'M',1),(2863,10,7,220,'M',1),(2864,10,13,220,'M',1),(2865,10,13,220,'W',2),(2866,10,14,220,'M',2),(2867,10,18,220,'M',2),(2868,10,18,220,'M',2),(2869,10,1,182,'M',3),(2870,10,1,182,'M',3),(2871,10,6,182,'M',3),(2872,10,7,182,'M',1),(2873,10,7,182,'M',3),(2874,10,9,182,'X',3),(2875,10,10,182,'M',2),(2876,10,18,182,'M',3),(2877,10,18,182,'M',2),(2878,10,18,182,'M',1),(2879,10,18,182,'M',2),(2880,10,18,182,'M',2),(2881,10,18,182,'M',3),(2882,10,18,182,'M',1),(2883,10,18,182,'M',1),(2884,10,18,182,'M',1),(2885,10,27,182,'M',3),(2886,10,27,182,'M',1),(2887,10,30,182,'X',3),(2888,10,30,182,'X',2),(2889,10,1,179,'M',2),(2890,10,2,179,'M',3),(2891,10,2,179,'M',2),(2892,10,8,179,'M',3),(2893,10,8,179,'M',2),(2894,10,13,179,'M',3),(2895,10,13,179,'M',1),(2896,10,13,179,'M',2),(2897,10,13,179,'M',2),(2898,10,13,179,'M',2),(2899,10,13,179,'M',3),(2900,10,13,179,'M',2),(2901,10,13,179,'M',2),(2902,10,13,179,'M',2),(2903,10,15,179,'M',3),(2904,10,6,161,'M',2),(2905,10,9,160,'X',2),(2906,10,9,155,'X',3),(2907,10,1,154,'W',2),(2908,10,1,154,'W',2),(2909,10,1,154,'W',3),(2910,10,2,154,'M',3),(2911,10,9,154,'X',2),(2912,10,27,154,'M',3),(2913,10,1,150,'M',3),(2914,10,1,143,'M',1),(2915,10,6,141,'M',3),(2916,10,6,141,'M',2),(2917,10,11,141,'M',3),(2918,10,27,141,'M',1),(2919,10,30,141,'X',2),(2920,10,30,141,'X',2),(2921,10,1,137,'M',3),(2922,10,1,137,'M',3),(2923,10,7,137,'M',3),(2924,10,7,137,'M',3),(2925,10,7,137,'M',3),(2926,10,8,137,'M',1),(2927,10,8,137,'M',2),(2928,10,8,137,'M',2),(2929,10,9,137,'X',2),(2930,10,16,137,'M',3),(2931,10,19,137,'W',1),(2932,10,19,137,'W',2),(2933,10,19,137,'W',1),(2934,10,19,137,'W',1),(2935,10,19,137,'W',1),(2936,10,30,137,'X',1),(2937,10,30,137,'X',3),(2938,10,5,123,'M',3),(2939,10,6,123,'M',3),(2940,10,40,123,'M',3),(2941,10,1,108,'M',3),(2942,10,18,108,'M',2),(2943,10,1,98,'M',3),(2944,10,1,98,'M',3),(2945,10,1,98,'M',1),(2946,10,1,98,'M',3),(2947,10,1,98,'M',2),(2948,10,1,98,'M',1),(2949,10,1,98,'M',2),(2950,10,19,98,'M',3),(2951,10,19,98,'M',3),(2952,10,19,98,'M',2),(2953,10,19,98,'M',3),(2954,10,19,98,'M',1),(2955,10,19,98,'M',3),(2956,10,19,98,'M',1),(2957,10,19,98,'W',1),(2958,10,19,98,'M',3),(2959,10,19,98,'M',2),(2960,10,19,98,'M',1),(2961,10,1,94,'M',3),(2962,10,1,94,'M',2),(2963,10,1,94,'M',2),(2964,10,1,94,'W',1),(2965,10,1,94,'M',3),(2966,10,2,94,'M',2),(2967,10,2,94,'M',2),(2968,10,6,94,'M',2),(2969,10,6,94,'M',1),(2970,10,8,94,'M',2),(2971,10,10,94,'M',3),(2972,10,10,94,'M',1),(2973,10,10,94,'M',2),(2974,10,10,94,'M',1),(2975,10,10,94,'M',3),(2976,10,10,94,'M',1),(2977,10,10,94,'M',1),(2978,10,10,94,'M',2),(2979,10,10,94,'M',2),(2980,10,11,94,'M',1),(2981,10,20,94,'M',3),(2982,10,30,94,'X',1),(2983,10,16,87,'M',1),(2984,10,1,85,'W',1),(2985,10,6,85,'M',1),(2986,10,9,85,'X',3),(2987,10,10,85,'W',1),(2988,10,10,85,'M',3),(2989,10,10,85,'M',1),(2990,10,10,85,'M',1),(2991,10,13,85,'W',3),(2992,10,18,85,'M',1),(2993,10,18,85,'M',1),(2994,10,18,85,'M',1),(2995,10,18,85,'M',3),(2996,10,19,85,'M',1),(2997,10,19,85,'M',3),(2998,10,19,85,'M',1),(2999,10,27,85,'M',2),(3000,10,1,74,'W',3),(3001,10,1,74,'M',3),(3002,10,1,74,'M',3),(3003,10,1,74,'M',3),(3004,10,1,74,'W',2),(3005,10,1,74,'W',3),(3006,10,1,74,'W',1),(3007,10,1,74,'M',1),(3008,10,1,74,'M',2),(3009,10,1,74,'W',3),(3010,10,1,74,'M',1),(3011,10,1,74,'W',1),(3012,10,1,74,'W',2),(3013,10,1,74,'M',2),(3014,10,1,74,'M',3),(3015,10,1,74,'M',1),(3016,10,2,74,'M',1),(3017,10,2,74,'M',2),(3018,10,2,74,'M',3),(3019,10,2,74,'M',1),(3020,10,2,74,'M',1),(3021,10,2,74,'M',1),(3022,10,2,74,'M',1),(3023,10,6,74,'M',1),(3024,10,6,74,'M',1),(3025,10,6,74,'M',3),(3026,10,6,74,'M',2),(3027,10,6,74,'M',2),(3028,10,7,74,'M',3),(3029,10,7,74,'M',3),(3030,10,7,74,'M',2),(3031,10,7,74,'M',1),(3032,10,7,74,'M',2),(3033,10,7,74,'M',1),(3034,10,7,74,'M',2),(3035,10,8,74,'M',3),(3036,10,8,74,'M',1),(3037,10,8,74,'M',1),(3038,10,9,74,'X',1),(3039,10,9,74,'X',2),(3040,10,9,74,'X',1),(3041,10,9,74,'X',1),(3042,10,9,74,'X',1),(3043,10,9,74,'X',1),(3044,10,9,74,'X',1),(3045,10,10,74,'W',2),(3046,10,10,74,'M',3),(3047,10,10,74,'M',3),(3048,10,13,74,'M',3),(3049,10,13,74,'M',3),(3050,10,13,74,'M',2),(3051,10,13,74,'M',3),(3052,10,13,74,'M',1),(3053,10,13,74,'M',3),(3054,10,13,74,'M',1),(3055,10,13,74,'M',1),(3056,10,13,74,'M',3),(3057,10,13,74,'M',1),(3058,10,13,74,'W',1),(3059,10,13,74,'M',3),(3060,10,13,74,'M',1),(3061,10,14,74,'M',1),(3062,10,14,74,'M',3),(3063,10,14,74,'M',3),(3064,10,14,74,'M',2),(3065,10,14,74,'M',2),(3066,10,15,74,'M',1),(3067,10,16,74,'M',2),(3068,10,18,74,'M',3),(3069,10,18,74,'M',2),(3070,10,18,74,'M',3),(3071,10,18,74,'M',3),(3072,10,18,74,'M',3),(3073,10,18,74,'M',2),(3074,10,18,74,'M',2),(3075,10,19,74,'M',3),(3076,10,19,74,'W',3),(3077,10,19,74,'W',3),(3078,10,19,74,'M',2),(3079,10,19,74,'W',2),(3080,10,19,74,'W',2),(3081,10,19,74,'M',2),(3082,10,20,74,'M',1),(3083,10,27,74,'M',1),(3084,10,27,74,'M',2),(3085,10,27,74,'M',2),(3086,10,30,74,'X',3),(3087,10,30,74,'X',2),(3088,10,30,74,'X',1),(3089,10,1,70,'M',2),(3090,10,1,70,'M',2),(3091,10,1,70,'W',2),(3092,10,1,70,'M',1),(3093,10,1,70,'M',1),(3094,10,1,70,'W',2),(3095,10,1,70,'M',2),(3096,10,2,70,'M',1),(3097,10,2,70,'M',2),(3098,10,8,70,'M',3),(3099,10,9,70,'X',3),(3100,10,40,70,'M',2),(3101,10,30,70,'X',1),(3102,10,30,70,'X',3),(3103,10,2,66,'M',3),(3104,10,2,66,'M',3),(3105,10,6,66,'M',1),(3106,10,6,66,'M',1),(3107,10,7,66,'M',2),(3108,10,8,66,'M',1),(3109,10,8,66,'M',2),(3110,10,8,66,'M',1),(3111,10,8,66,'M',2),(3112,10,8,66,'M',3),(3113,10,8,66,'M',3),(3114,10,8,66,'M',1),(3115,10,9,66,'X',2),(3116,10,10,66,'M',3),(3117,10,10,66,'M',2),(3118,10,10,66,'M',2),(3119,10,14,66,'M',1),(3120,10,18,66,'M',1),(3121,10,27,66,'M',3),(3122,10,1,65,'M',3),(3123,10,1,65,'M',1),(3124,10,1,65,'M',2),(3125,10,1,65,'M',1),(3126,10,1,65,'M',2),(3127,10,1,65,'M',1),(3128,10,1,65,'M',2),(3129,10,1,65,'M',3),(3130,10,1,65,'M',2),(3131,10,1,65,'M',2),(3132,10,6,65,'M',1),(3133,10,13,65,'M',1),(3134,10,13,65,'M',3),(3135,10,18,65,'M',3),(3136,10,18,65,'M',1),(3137,10,18,65,'M',3),(3138,10,18,65,'M',2),(3139,10,18,65,'M',1),(3140,10,18,65,'M',3),(3141,10,6,62,'M',2),(3142,10,14,62,'M',3),(3143,10,18,62,'M',1),(3144,10,18,62,'M',2),(3145,10,18,62,'M',1),(3146,10,18,62,'M',3),(3147,10,18,62,'M',3),(3148,10,14,58,'M',3),(3149,10,14,58,'M',2),(3150,10,14,58,'M',1),(3151,10,14,58,'M',1),(3152,10,14,58,'M',3),(3153,10,2,53,'M',2),(3154,10,6,53,'M',3),(3155,10,9,53,'X',3),(3156,10,19,53,'W',3),(3157,10,19,53,'W',2),(3158,10,1,34,'M',2),(3159,10,1,34,'W',3),(3160,10,1,34,'M',3),(3161,10,1,34,'W',3),(3162,10,5,34,'M',2),(3163,10,7,34,'M',1),(3164,10,7,34,'M',2),(3165,10,7,34,'M',3),(3166,10,18,34,'M',3),(3167,10,8,18,'M',3),(3168,10,19,18,'M',3),(3169,10,2,12,'M',2),(3170,10,7,12,'M',3),(3171,10,7,12,'M',2),(3172,10,7,12,'M',1),(3173,10,7,12,'M',2),(3174,10,7,12,'M',1),(3175,10,7,12,'M',2),(3176,10,7,12,'M',1),(3177,10,9,12,'X',3),(3178,10,10,12,'W',3),(3179,10,11,12,'M',2),(3180,10,14,12,'M',1),(3181,10,15,12,'M',2),(3182,10,1,11,'M',3),(3183,10,2,7,'M',3),(3184,10,6,7,'M',2),(3185,10,6,7,'M',1),(3186,10,6,7,'M',3),(3187,10,6,7,'M',3),(3188,10,19,7,'W',2),(3189,10,40,7,'M',1),(3190,11,1,224,'M',2),(3191,11,11,224,'M',2),(3192,11,1,201,'M',1),(3193,11,1,201,'M',2),(3194,11,1,201,'M',3),(3195,11,1,201,'M',1),(3196,11,1,201,'M',2),(3197,11,1,201,'M',1),(3198,11,1,201,'M',2),(3199,11,1,201,'W',3),(3200,11,1,201,'M',3),(3201,11,1,201,'M',1),(3202,11,1,201,'M',1),(3203,11,1,201,'M',1),(3204,11,1,201,'M',1),(3205,11,1,201,'M',3),(3206,11,1,201,'M',1),(3207,11,1,201,'M',3),(3208,11,1,201,'M',3),(3209,11,1,201,'M',3),(3210,11,1,201,'W',1),(3211,11,1,201,'M',2),(3212,11,1,201,'M',3),(3213,11,1,201,'M',1),(3214,11,1,201,'M',3),(3215,11,1,201,'M',1),(3216,11,1,201,'M',3),(3217,11,1,201,'M',1),(3218,11,1,201,'M',2),(3219,11,2,201,'M',1),(3220,11,2,201,'M',3),(3221,11,2,201,'M',1),(3222,11,5,201,'M',1),(3223,11,6,201,'M',2),(3224,11,7,201,'M',2),(3225,11,7,201,'M',1),(3226,11,7,201,'M',2),(3227,11,9,201,'X',2),(3228,11,9,201,'X',2),(3229,11,9,201,'X',1),(3230,11,10,201,'M',3),(3231,11,13,201,'W',3),(3232,11,14,201,'M',3),(3233,11,14,201,'M',1),(3234,11,14,201,'M',1),(3235,11,14,201,'M',2),(3236,11,14,201,'M',1),(3237,11,14,201,'M',2),(3238,11,14,201,'M',1),(3239,11,14,201,'M',2),(3240,11,18,201,'M',2),(3241,11,18,201,'M',3),(3242,11,18,201,'M',1),(3243,11,18,201,'M',1),(3244,11,19,201,'M',1),(3245,11,19,201,'M',2),(3246,11,19,201,'W',1),(3247,11,19,201,'W',2),(3248,11,19,201,'M',3),(3249,11,19,201,'M',1),(3250,11,19,201,'M',2),(3251,11,19,201,'W',3),(3252,11,19,201,'W',1),(3253,11,19,201,'W',2),(3254,11,19,201,'M',1),(3255,11,19,201,'M',2),(3256,11,19,201,'W',2),(3257,11,19,201,'M',1),(3258,11,19,201,'M',2),(3259,11,19,201,'W',2),(3260,11,19,201,'M',1),(3261,11,19,201,'M',3),(3262,11,19,201,'M',1),(3263,11,19,201,'M',2),(3264,11,19,201,'M',1),(3265,11,19,201,'M',2),(3266,11,19,201,'W',1),(3267,11,19,201,'W',1),(3268,11,19,201,'M',1),(3269,11,20,201,'M',2),(3270,11,27,201,'M',1),(3271,11,27,201,'M',2),(3272,11,30,201,'X',1),(3273,11,30,201,'X',2),(3274,11,30,201,'X',3),(3275,11,30,201,'X',1),(3276,11,2,200,'M',3),(3277,11,2,200,'M',2),(3278,11,1,195,'M',3),(3279,11,18,195,'M',2),(3280,11,18,195,'M',1),(3281,11,18,195,'M',1),(3282,11,18,195,'M',1),(3283,11,18,195,'M',1),(3284,11,18,195,'M',2),(3285,11,18,195,'M',2),(3286,11,18,195,'M',1),(3287,11,18,195,'M',3),(3288,11,18,195,'M',1),(3289,11,18,195,'M',2),(3290,11,14,263,'M',2),(3291,11,1,220,'M',1),(3292,11,1,220,'M',2),(3293,11,6,220,'M',1),(3294,11,7,220,'M',1),(3295,11,7,220,'M',1),(3296,11,7,220,'M',2),(3297,11,7,220,'M',1),(3298,11,13,220,'M',3),(3299,11,13,220,'M',3),(3300,11,13,220,'W',1),(3301,11,13,220,'M',3),(3302,11,1,182,'M',3),(3303,11,1,182,'M',1),(3304,11,1,182,'M',2),(3305,11,1,182,'M',1),(3306,11,1,182,'M',2),(3307,11,1,182,'M',3),(3308,11,1,182,'M',1),(3309,11,1,182,'M',2),(3310,11,1,182,'M',3),(3311,11,1,182,'M',3),(3312,11,1,182,'M',1),(3313,11,1,182,'W',3),(3314,11,1,182,'M',1),(3315,11,6,182,'M',2),(3316,11,7,182,'M',1),(3317,11,7,182,'M',1),(3318,11,7,182,'M',1),(3319,11,7,182,'M',1),(3320,11,9,182,'X',3),(3321,11,9,182,'X',3),(3322,11,9,182,'X',2),(3323,11,10,182,'M',3),(3324,11,11,182,'M',1),(3325,11,14,182,'M',3),(3326,11,18,182,'M',3),(3327,11,18,182,'M',2),(3328,11,18,182,'M',2),(3329,11,18,182,'M',2),(3330,11,18,182,'M',3),(3331,11,18,182,'M',3),(3332,11,18,182,'M',2),(3333,11,18,182,'M',1),(3334,11,18,182,'M',2),(3335,11,18,182,'M',1),(3336,11,18,182,'M',1),(3337,11,18,182,'M',1),(3338,11,18,182,'M',1),(3339,11,20,182,'M',3),(3340,11,20,182,'M',1),(3341,11,27,182,'M',3),(3342,11,27,182,'M',3),(3343,11,27,182,'M',3),(3344,11,30,182,'X',3),(3345,11,30,182,'X',2),(3346,11,1,179,'M',3),(3347,11,1,179,'M',2),(3348,11,2,179,'M',2),(3349,11,2,179,'M',2),(3350,11,9,179,'X',1),(3351,11,10,179,'M',2),(3352,11,13,179,'M',1),(3353,11,13,179,'M',2),(3354,11,13,179,'M',2),(3355,11,13,179,'M',3),(3356,11,13,179,'M',1),(3357,11,13,179,'M',1),(3358,11,13,179,'M',2),(3359,11,13,179,'M',2),(3360,11,18,179,'M',3),(3361,11,18,179,'M',3),(3362,11,18,179,'M',2),(3363,11,27,179,'M',1),(3364,11,27,179,'M',2),(3365,11,1,175,'M',2),(3366,11,6,161,'M',3),(3367,11,6,161,'M',2),(3368,11,6,161,'M',1),(3369,11,6,161,'M',1),(3370,11,6,157,'M',3),(3371,11,9,155,'X',3),(3372,11,30,155,'X',2),(3373,11,6,154,'M',3),(3374,11,27,149,'M',1),(3375,11,1,147,'M',3),(3376,11,1,147,'M',3),(3377,11,1,141,'M',2),(3378,11,2,141,'M',3),(3379,11,7,141,'M',3),(3380,11,7,141,'M',2),(3381,11,18,141,'M',2),(3382,11,27,141,'M',3),(3383,11,30,141,'X',1),(3384,11,1,137,'W',1),(3385,11,1,137,'M',3),(3386,11,1,137,'W',1),(3387,11,1,137,'W',1),(3388,11,1,137,'M',3),(3389,11,1,137,'W',1),(3390,11,7,137,'W',2),(3391,11,8,137,'M',2),(3392,11,14,137,'M',3),(3393,11,16,137,'M',3),(3394,11,19,137,'W',3),(3395,11,19,137,'W',1),(3396,11,19,137,'W',3),(3397,11,19,137,'M',3),(3398,11,30,137,'X',3),(3399,11,30,137,'X',3),(3400,11,9,123,'X',3),(3401,11,9,123,'X',1),(3402,11,9,123,'X',2),(3403,11,9,123,'X',1),(3404,11,19,123,'M',3),(3405,11,6,104,'M',3),(3406,11,14,104,'M',3),(3407,11,1,96,'M',1),(3408,11,1,96,'M',2),(3409,11,1,96,'M',2),(3410,11,1,94,'M',3),(3411,11,1,94,'M',1),(3412,11,1,94,'M',2),(3413,11,1,94,'W',2),(3414,11,1,94,'W',2),(3415,11,2,94,'M',3),(3416,11,2,94,'M',1),(3417,11,2,94,'M',2),(3418,11,2,94,'M',3),(3419,11,6,94,'M',2),(3420,11,6,94,'M',2),(3421,11,6,94,'M',1),(3422,11,6,94,'M',3),(3423,11,6,94,'M',3),(3424,11,8,94,'M',1),(3425,11,8,94,'M',1),(3426,11,8,94,'M',2),(3427,11,10,94,'M',3),(3428,11,10,94,'M',1),(3429,11,10,94,'M',2),(3430,11,10,94,'M',2),(3431,11,10,94,'M',2),(3432,11,10,94,'M',2),(3433,11,18,94,'M',1),(3434,11,18,94,'M',3),(3435,11,18,94,'M',3),(3436,11,19,94,'M',1),(3437,11,14,88,'M',3),(3438,11,16,87,'M',1),(3439,11,1,85,'M',1),(3440,11,1,85,'M',3),(3441,11,1,85,'W',1),(3442,11,2,85,'M',3),(3443,11,6,85,'M',1),(3444,11,6,85,'M',1),(3445,11,10,85,'M',3),(3446,11,10,85,'W',1),(3447,11,10,85,'M',3),(3448,11,10,85,'M',1),(3449,11,10,85,'M',1),(3450,11,13,85,'M',1),(3451,11,13,85,'M',2),(3452,11,13,85,'M',3),(3453,11,13,85,'W',2),(3454,11,13,85,'M',3),(3455,11,18,85,'M',1),(3456,11,18,85,'M',3),(3457,11,18,85,'M',3),(3458,11,18,85,'M',2),(3459,11,19,85,'M',3),(3460,11,19,85,'M',3),(3461,11,19,85,'W',3),(3462,11,19,85,'M',2),(3463,11,19,85,'M',2),(3464,11,27,85,'M',1),(3465,11,1,70,'W',2),(3466,11,1,70,'W',2),(3467,11,1,70,'M',2),(3468,11,1,70,'M',3),(3469,11,1,70,'W',2),(3470,11,1,70,'W',2),(3471,11,1,70,'M',2),(3472,11,2,70,'M',1),(3473,11,2,70,'M',1),(3474,11,2,70,'M',2),(3475,11,6,70,'M',2),(3476,11,6,70,'M',2),(3477,11,8,70,'M',2),(3478,11,8,70,'M',3),(3479,11,8,70,'M',2),(3480,11,8,70,'M',2),(3481,11,8,70,'M',3),(3482,11,9,70,'X',3),(3483,11,14,70,'M',2),(3484,11,14,70,'M',3),(3485,11,16,70,'M',2),(3486,11,19,70,'W',3),(3487,11,30,70,'X',1),(3488,11,1,66,'M',2),(3489,11,1,66,'M',2),(3490,11,1,66,'M',3),(3491,11,1,66,'M',2),(3492,11,1,66,'W',3),(3493,11,1,66,'W',1),(3494,11,1,66,'W',3),(3495,11,1,66,'W',1),(3496,11,5,66,'M',2),(3497,11,7,66,'M',3),(3498,11,7,66,'M',3),(3499,11,7,66,'M',3),(3500,11,7,66,'M',3),(3501,11,8,66,'M',1),(3502,11,8,66,'M',3),(3503,11,8,66,'M',1),(3504,11,8,66,'M',3),(3505,11,8,66,'M',1),(3506,11,9,66,'X',2),(3507,11,9,66,'X',1),(3508,11,9,66,'X',1),(3509,11,9,66,'X',3),(3510,11,10,66,'M',1),(3511,11,10,66,'M',1),(3512,11,10,66,'M',2),(3513,11,10,66,'M',1),(3514,11,18,66,'M',3),(3515,11,19,66,'M',3),(3516,11,19,66,'M',3),(3517,11,1,65,'M',1),(3518,11,1,65,'W',2),(3519,11,1,65,'M',2),(3520,11,7,65,'M',2),(3521,11,7,65,'M',3),(3522,11,7,65,'M',3),(3523,11,13,65,'M',3),(3524,11,13,65,'M',3),(3525,11,13,65,'M',1),(3526,11,13,65,'M',2),(3527,11,13,65,'M',1),(3528,11,13,65,'M',1),(3529,11,13,65,'M',1),(3530,11,13,65,'M',2),(3531,11,18,65,'M',1),(3532,11,18,65,'M',3),(3533,11,18,65,'M',2),(3534,11,27,65,'M',2),(3535,11,9,61,'X',2),(3536,11,14,58,'M',1),(3537,11,14,58,'M',1),(3538,11,14,58,'M',2),(3539,11,18,58,'M',2),(3540,11,18,58,'M',3),(3541,11,1,53,'W',3),(3542,11,2,53,'M',2),(3543,11,2,53,'M',2),(3544,11,2,53,'M',3),(3545,11,2,53,'M',1),(3546,11,6,53,'M',3),(3547,11,7,53,'M',2),(3548,11,7,53,'W',1),(3549,11,7,53,'M',2),(3550,11,8,53,'M',3),(3551,11,10,53,'W',2),(3552,11,11,53,'M',3),(3553,11,18,53,'M',3),(3554,11,19,53,'W',3),(3555,11,19,53,'W',1),(3556,11,19,53,'W',1),(3557,11,19,53,'W',2),(3558,11,19,53,'W',2),(3559,11,30,53,'X',3),(3560,11,30,53,'X',1),(3561,11,30,50,'X',2),(3562,11,1,34,'W',3),(3563,11,7,34,'M',3),(3564,11,7,34,'M',2),(3565,11,5,27,'M',3),(3566,11,1,18,'M',1),(3567,11,1,18,'M',3),(3568,11,6,18,'M',2),(3569,11,8,18,'M',3),(3570,11,8,18,'M',1),(3571,11,8,18,'M',2),(3572,11,10,18,'M',3),(3573,11,1,12,'W',1),(3574,11,1,12,'W',3),(3575,11,7,12,'W',3),(3576,11,10,12,'W',3),(3577,11,1,11,'W',3),(3578,11,1,11,'W',2),(3579,11,1,11,'W',3),(3580,11,1,11,'M',1),(3581,11,1,11,'M',2),(3582,11,1,11,'M',2),(3583,11,2,11,'M',1),(3584,11,18,11,'M',3),(3585,11,18,11,'M',2),(3586,11,19,11,'W',3),(3587,11,19,11,'M',2),(3588,11,19,11,'W',2),(3589,11,19,11,'M',3),(3590,11,1,7,'W',2),(3591,11,1,7,'M',1),(3592,11,6,7,'M',1),(3593,11,6,7,'M',1),(3594,11,6,7,'M',3),(3595,11,27,7,'M',2),(3596,11,30,7,'X',2),(3597,12,2,224,'M',1),(3598,12,11,224,'M',2),(3599,12,19,224,'M',2),(3600,12,1,204,'M',3),(3601,12,1,201,'M',1),(3602,12,1,201,'M',3),(3603,12,1,201,'M',1),(3604,12,1,201,'M',2),(3605,12,1,201,'M',2),(3606,12,1,201,'M',3),(3607,12,1,201,'M',1),(3608,12,1,201,'M',2),(3609,12,1,201,'M',1),(3610,12,1,201,'M',3),(3611,12,1,201,'M',1),(3612,12,1,201,'M',1),(3613,12,1,201,'W',1),(3614,12,1,201,'M',2),(3615,12,1,201,'M',1),(3616,12,1,201,'M',3),(3617,12,1,201,'M',1),(3618,12,1,201,'M',2),(3619,12,1,201,'M',3),(3620,12,1,201,'M',1),(3621,12,1,201,'M',1),(3622,12,1,201,'M',2),(3623,12,1,201,'M',1),(3624,12,1,201,'M',2),(3625,12,1,201,'M',1),(3626,12,1,201,'M',2),(3627,12,1,201,'M',1),(3628,12,1,201,'M',2),(3629,12,1,201,'M',3),(3630,12,1,201,'M',1),(3631,12,1,201,'M',2),(3632,12,2,201,'M',1),(3633,12,2,201,'M',1),(3634,12,2,201,'M',3),(3635,12,5,201,'M',1),(3636,12,6,201,'M',1),(3637,12,6,201,'M',1),(3638,12,6,201,'M',1),(3639,12,6,201,'M',1),(3640,12,6,201,'M',1),(3641,12,7,201,'M',1),(3642,12,9,201,'X',3),(3643,12,9,201,'X',3),(3644,12,14,201,'M',1),(3645,12,14,201,'M',2),(3646,12,14,201,'M',1),(3647,12,14,201,'M',1),(3648,12,14,201,'M',2),(3649,12,14,201,'M',1),(3650,12,18,201,'M',3),(3651,12,18,201,'M',2),(3652,12,18,201,'M',1),(3653,12,18,201,'M',2),(3654,12,19,201,'M',1),(3655,12,19,201,'W',3),(3656,12,19,201,'W',1),(3657,12,19,201,'W',2),(3658,12,19,201,'M',3),(3659,12,19,201,'M',1),(3660,12,19,201,'M',2),(3661,12,19,201,'W',3),(3662,12,19,201,'W',1),(3663,12,19,201,'M',3),(3664,12,19,201,'M',1),(3665,12,19,201,'M',1),(3666,12,19,201,'M',1),(3667,12,19,201,'M',2),(3668,12,19,201,'M',2),(3669,12,19,201,'W',3),(3670,12,19,201,'W',3),(3671,12,19,201,'M',1),(3672,12,27,201,'M',1),(3673,12,27,201,'M',3),(3674,12,30,201,'X',1),(3675,12,30,201,'X',1),(3676,12,30,201,'X',1),(3677,12,30,201,'X',2),(3678,12,2,200,'M',3),(3679,12,5,200,'M',3),(3680,12,1,223,'M',3),(3681,12,1,223,'M',3),(3682,12,1,223,'W',3),(3683,12,1,223,'M',2),(3684,12,1,223,'M',2),(3685,12,1,223,'M',2),(3686,12,1,223,'W',2),(3687,12,1,223,'W',3),(3688,12,1,223,'W',1),(3689,12,1,223,'W',2),(3690,12,1,223,'W',3),(3691,12,1,223,'W',3),(3692,12,1,223,'W',2),(3693,12,1,223,'W',2),(3694,12,1,223,'W',3),(3695,12,1,223,'W',1),(3696,12,1,223,'M',2),(3697,12,2,223,'M',2),(3698,12,2,223,'M',2),(3699,12,2,223,'M',1),(3700,12,5,223,'M',2),(3701,12,6,223,'M',3),(3702,12,6,223,'M',3),(3703,12,6,223,'M',2),(3704,12,6,223,'M',2),(3705,12,6,223,'M',3),(3706,12,6,223,'M',3),(3707,12,7,223,'W',3),(3708,12,13,223,'W',1),(3709,12,13,223,'W',2),(3710,12,13,223,'W',2),(3711,12,13,223,'M',1),(3712,12,13,223,'M',2),(3713,12,13,223,'W',1),(3714,12,13,223,'W',2),(3715,12,13,223,'M',2),(3716,12,13,223,'M',1),(3717,12,13,223,'M',2),(3718,12,13,223,'M',3),(3719,12,13,223,'M',1),(3720,12,13,223,'M',2),(3721,12,13,223,'M',1),(3722,12,13,223,'W',1),(3723,12,13,223,'W',2),(3724,12,13,223,'W',2),(3725,12,13,223,'M',1),(3726,12,13,223,'W',3),(3727,12,13,223,'W',1),(3728,12,13,223,'W',2),(3729,12,14,223,'M',1),(3730,12,14,223,'M',1),(3731,12,14,223,'M',2),(3732,12,14,223,'M',2),(3733,12,14,223,'M',3),(3734,12,14,223,'M',1),(3735,12,14,223,'M',2),(3736,12,18,223,'M',1),(3737,12,18,223,'M',2),(3738,12,18,223,'M',1),(3739,12,18,223,'M',1),(3740,12,18,223,'M',1),(3741,12,18,223,'M',3),(3742,12,18,223,'M',1),(3743,12,18,223,'M',1),(3744,12,18,223,'M',3),(3745,12,18,223,'M',2),(3746,12,27,223,'M',3),(3747,12,27,223,'M',1),(3748,12,27,223,'M',3),(3749,12,27,223,'M',2),(3750,12,18,195,'M',1),(3751,12,18,195,'M',1),(3752,12,18,195,'M',3),(3753,12,14,263,'M',3),(3754,12,14,263,'M',3),(3755,12,1,220,'M',1),(3756,12,1,220,'M',1),(3757,12,1,220,'M',2),(3758,12,1,220,'W',1),(3759,12,1,220,'M',1),(3760,12,2,220,'M',1),(3761,12,6,220,'M',1),(3762,12,7,220,'M',3),(3763,12,7,220,'M',1),(3764,12,7,220,'M',2),(3765,12,13,220,'W',3),(3766,12,18,220,'M',2),(3767,12,18,220,'M',3),(3768,12,1,182,'M',1),(3769,12,1,182,'M',3),(3770,12,1,182,'M',3),(3771,12,6,182,'M',2),(3772,12,6,182,'M',3),(3773,12,7,182,'M',2),(3774,12,7,182,'M',1),(3775,12,7,182,'M',2),(3776,12,7,182,'M',2),(3777,12,9,182,'X',1),(3778,12,9,182,'X',1),(3779,12,9,182,'X',1),(3780,12,9,182,'X',1),(3781,12,10,182,'M',2),(3782,12,11,182,'M',3),(3783,12,13,182,'M',1),(3784,12,13,182,'W',1),(3785,12,18,182,'M',2),(3786,12,18,182,'M',1),(3787,12,18,182,'M',2),(3788,12,18,182,'M',1),(3789,12,18,182,'M',2),(3790,12,18,182,'M',2),(3791,12,18,182,'M',1),(3792,12,18,182,'M',3),(3793,12,19,182,'M',3),(3794,12,19,182,'M',3),(3795,12,20,182,'M',1),(3796,12,20,182,'M',2),(3797,12,27,182,'M',2),(3798,12,27,182,'M',3),(3799,12,27,182,'M',2),(3800,12,30,182,'X',3),(3801,12,30,182,'X',2),(3802,12,30,182,'M',3),(3803,12,1,179,'M',2),(3804,12,2,179,'M',3),(3805,12,2,179,'M',2),(3806,12,9,179,'X',2),(3807,12,10,179,'M',3),(3808,12,10,179,'M',3),(3809,12,13,179,'M',1),(3810,12,13,179,'M',2),(3811,12,13,179,'M',3),(3812,12,13,179,'M',3),(3813,12,13,179,'M',1),(3814,12,13,179,'M',3),(3815,12,13,179,'M',2),(3816,12,27,179,'M',2),(3817,12,1,161,'W',2),(3818,12,1,161,'W',1),(3819,12,6,161,'M',3),(3820,12,6,161,'M',3),(3821,12,6,161,'M',3),(3822,12,6,161,'M',2),(3823,12,8,161,'M',3),(3824,12,8,161,'M',2),(3825,12,8,161,'M',2),(3826,12,19,161,'W',1),(3827,12,6,160,'M',3),(3828,12,6,160,'M',2),(3829,12,27,160,'M',3),(3830,12,27,160,'M',1),(3831,12,30,155,'X',3),(3832,12,2,154,'M',3),(3833,12,6,154,'M',2),(3834,12,6,154,'M',1),(3835,12,13,154,'M',2),(3836,12,1,143,'M',3),(3837,12,1,143,'W',1),(3838,12,19,143,'W',3),(3839,12,27,141,'M',1),(3840,12,27,141,'M',1),(3841,12,30,141,'X',2),(3842,12,30,141,'X',2),(3843,12,30,141,'X',1),(3844,12,1,137,'W',2),(3845,12,16,137,'M',2),(3846,12,19,137,'W',2),(3847,12,19,137,'W',2),(3848,12,19,137,'W',2),(3849,12,19,123,'M',2),(3850,12,1,116,'M',1),(3851,12,18,110,'M',2),(3852,12,18,110,'M',3),(3853,12,6,104,'M',3),(3854,12,14,104,'M',3),(3855,12,13,98,'M',2),(3856,12,13,98,'M',3),(3857,12,13,98,'M',2),(3858,12,18,98,'M',2),(3859,12,18,98,'M',1),(3860,12,19,98,'M',2),(3861,12,19,98,'M',2),(3862,12,19,98,'M',2),(3863,12,1,96,'M',2),(3864,12,1,96,'M',1),(3865,12,1,96,'M',2),(3866,12,1,96,'M',1),(3867,12,1,96,'M',2),(3868,12,1,94,'M',1),(3869,12,1,94,'M',2),(3870,12,6,94,'M',2),(3871,12,6,94,'M',1),(3872,12,6,94,'M',3),(3873,12,8,94,'M',2),(3874,12,8,94,'M',2),(3875,12,8,94,'M',3),(3876,12,8,94,'M',1),(3877,12,8,94,'M',1),(3878,12,10,94,'M',1),(3879,12,10,94,'M',2),(3880,12,10,94,'M',1),(3881,12,10,94,'M',3),(3882,12,10,94,'M',2),(3883,12,10,94,'W',1),(3884,12,10,94,'M',2),(3885,12,10,94,'M',2),(3886,12,18,94,'M',2),(3887,12,19,94,'M',3),(3888,12,30,94,'X',1),(3889,12,6,89,'M',2),(3890,12,14,88,'M',3),(3891,12,14,88,'M',2),(3892,12,18,88,'M',3),(3893,12,18,88,'M',2),(3894,12,18,88,'M',3),(3895,12,18,88,'M',3),(3896,12,18,88,'M',2),(3897,12,16,87,'M',1),(3898,12,18,87,'M',3),(3899,12,1,85,'M',3),(3900,12,1,85,'M',3),(3901,12,1,85,'M',3),(3902,12,1,85,'M',1),(3903,12,1,85,'M',3),(3904,12,6,85,'M',1),(3905,12,7,85,'M',2),(3906,12,7,85,'M',2),(3907,12,7,85,'M',3),(3908,12,10,85,'W',2),(3909,12,10,85,'M',3),(3910,12,10,85,'M',3),(3911,12,10,85,'M',1),(3912,12,10,85,'M',2),(3913,12,10,85,'M',1),(3914,12,11,85,'M',1),(3915,12,13,85,'W',3),(3916,12,13,85,'W',3),(3917,12,13,85,'W',1),(3918,12,13,85,'W',3),(3919,12,13,85,'W',2),(3920,12,13,85,'W',3),(3921,12,13,85,'W',3),(3922,12,13,85,'W',1),(3923,12,18,85,'M',3),(3924,12,18,85,'M',1),(3925,12,18,85,'M',2),(3926,12,18,85,'M',1),(3927,12,19,85,'W',3),(3928,12,19,85,'W',1),(3929,12,19,85,'W',1),(3930,12,19,85,'W',2),(3931,12,19,85,'W',1),(3932,12,19,85,'W',2),(3933,12,19,85,'W',1),(3934,12,19,85,'M',1),(3935,12,20,85,'M',3),(3936,12,20,85,'M',2),(3937,12,20,85,'M',1),(3938,12,27,85,'M',1),(3939,12,27,85,'M',2),(3940,12,27,85,'M',3),(3941,12,1,74,'M',3),(3942,12,1,74,'W',2),(3943,12,1,74,'M',3),(3944,12,1,74,'M',3),(3945,12,1,74,'M',3),(3946,12,1,74,'W',3),(3947,12,1,74,'M',2),(3948,12,1,74,'W',2),(3949,12,2,74,'M',2),(3950,12,6,74,'M',2),(3951,12,6,74,'M',3),(3952,12,7,74,'M',3),(3953,12,7,74,'M',3),(3954,12,7,74,'M',3),(3955,12,8,74,'M',3),(3956,12,8,74,'M',3),(3957,12,9,74,'X',3),(3958,12,9,74,'X',3),(3959,12,9,74,'X',3),(3960,12,9,74,'X',2),(3961,12,9,74,'X',3),(3962,12,13,74,'M',2),(3963,12,19,74,'M',3),(3964,12,19,74,'M',3),(3965,12,30,74,'X',3),(3966,12,1,70,'M',3),(3967,12,1,70,'M',3),(3968,12,1,70,'W',3),(3969,12,1,70,'W',2),(3970,12,1,70,'W',3),(3971,12,8,70,'M',3),(3972,12,9,70,'X',1),(3973,12,16,70,'M',3),(3974,12,18,70,'M',3),(3975,12,19,70,'W',3),(3976,12,30,70,'M',2),(3977,12,1,66,'M',2),(3978,12,1,66,'M',2),(3979,12,2,66,'M',2),(3980,12,2,66,'M',1),(3981,12,6,66,'M',3),(3982,12,7,66,'M',1),(3983,12,7,66,'M',3),(3984,12,8,66,'M',3),(3985,12,9,66,'X',3),(3986,12,9,66,'X',2),(3987,12,9,66,'X',1),(3988,12,10,66,'M',1),(3989,12,10,66,'M',1),(3990,12,10,66,'M',3),(3991,12,19,66,'W',2),(3992,12,19,66,'M',2),(3993,12,19,66,'M',1),(3994,12,19,66,'M',3),(3995,12,1,65,'M',3),(3996,12,2,65,'M',3),(3997,12,6,65,'M',3),(3998,12,6,65,'M',1),(3999,12,6,65,'M',3),(4000,12,6,65,'M',3),(4001,12,6,65,'M',3),(4002,12,7,65,'M',3),(4003,12,7,65,'M',1),(4004,12,7,65,'M',2),(4005,12,7,65,'W',1),(4006,12,7,65,'M',1),(4007,12,7,65,'M',1),(4008,12,13,65,'M',3),(4009,12,18,65,'M',3),(4010,12,18,65,'M',3),(4011,12,18,65,'M',2),(4012,12,18,65,'M',1),(4013,12,20,65,'M',3),(4014,12,27,65,'M',3),(4015,12,27,65,'M',2),(4016,12,30,65,'X',3),(4017,12,27,61,'M',2),(4018,12,18,58,'M',3),(4019,12,2,53,'M',3),(4020,12,6,53,'M',3),(4021,12,7,53,'M',1),(4022,12,9,53,'X',2),(4023,12,10,53,'W',3),(4024,12,30,53,'M',1),(4025,12,9,38,'X',2),(4026,12,9,38,'X',2),(4027,12,7,34,'M',2),(4028,12,14,34,'M',2),(4029,12,27,34,'M',1),(4030,12,6,30,'M',3),(4031,12,1,27,'M',3),(4032,12,1,27,'M',1),(4033,12,19,27,'M',3),(4034,12,2,18,'M',2),(4035,12,8,18,'M',1),(4036,12,8,18,'M',2),(4037,12,8,18,'M',1),(4038,12,7,12,'W',2),(4039,12,7,12,'M',3),(4040,12,1,11,'W',3),(4041,12,1,11,'W',1),(4042,12,1,11,'W',1),(4043,12,1,11,'W',1),(4044,12,2,11,'M',3),(4045,12,2,11,'M',2),(4046,12,8,11,'M',1),(4047,12,8,11,'M',1),(4048,12,8,11,'M',2),(4049,12,14,11,'M',3),(4050,12,19,11,'M',1),(4051,12,1,7,'M',2),(4052,12,2,7,'M',1),(4053,12,6,7,'M',3),(4054,12,6,7,'M',2),(4055,12,14,7,'M',3),(4056,13,1,224,'M',2),(4057,13,11,224,'M',2),(4058,13,19,224,'M',2),(4059,13,1,201,'M',1),(4060,13,1,201,'M',2),(4061,13,1,201,'M',3),(4062,13,1,201,'M',1),(4063,13,1,201,'M',2),(4064,13,1,201,'M',3),(4065,13,1,201,'M',1),(4066,13,1,201,'M',2),(4067,13,1,201,'M',1),(4068,13,1,201,'M',3),(4069,13,1,201,'M',1),(4070,13,1,201,'M',2),(4071,13,1,201,'M',1),(4072,13,1,201,'W',3),(4073,13,1,201,'M',1),(4074,13,1,201,'M',1),(4075,13,1,201,'M',1),(4076,13,1,201,'M',2),(4077,13,1,201,'M',3),(4078,13,1,201,'M',1),(4079,13,1,201,'M',2),(4080,13,1,201,'M',1),(4081,13,1,201,'M',1),(4082,13,1,201,'W',1),(4083,13,1,201,'M',1),(4084,13,1,201,'M',2),(4085,13,1,201,'W',2),(4086,13,1,201,'M',1),(4087,13,1,201,'M',2),(4088,13,1,201,'M',1),(4089,13,1,201,'M',2),(4090,13,2,201,'M',1),(4091,13,2,201,'M',2),(4092,13,2,201,'M',1),(4093,13,2,201,'M',2),(4094,13,2,201,'M',1),(4095,13,2,201,'M',3),(4096,13,5,201,'M',1),(4097,13,6,201,'M',1),(4098,13,6,201,'M',2),(4099,13,6,201,'M',1),(4100,13,14,201,'M',1),(4101,13,14,201,'M',1),(4102,13,14,201,'M',1),(4103,13,14,201,'M',2),(4104,13,14,201,'M',3),(4105,13,14,201,'M',1),(4106,13,14,201,'M',2),(4107,13,18,201,'M',2),(4108,13,18,201,'M',3),(4109,13,19,201,'M',3),(4110,13,19,201,'M',2),(4111,13,19,201,'W',3),(4112,13,19,201,'W',1),(4113,13,19,201,'W',2),(4114,13,19,201,'M',1),(4115,13,19,201,'M',2),(4116,13,19,201,'W',1),(4117,13,19,201,'W',2),(4118,13,19,201,'M',3),(4119,13,19,201,'W',2),(4120,13,19,201,'W',3),(4121,13,19,201,'W',1),(4122,13,19,201,'W',2),(4123,13,19,201,'M',3),(4124,13,19,201,'M',1),(4125,13,19,201,'M',3),(4126,13,19,201,'W',3),(4127,13,19,201,'W',2),(4128,13,19,201,'M',2),(4129,13,20,201,'M',2),(4130,13,27,201,'M',3),(4131,13,30,201,'M',3),(4132,13,30,201,'X',1),(4133,13,5,200,'M',3),(4134,13,1,223,'M',1),(4135,13,1,223,'M',3),(4136,13,1,223,'M',1),(4137,13,1,223,'M',2),(4138,13,1,223,'M',3),(4139,13,1,223,'M',2),(4140,13,1,223,'M',1),(4141,13,1,223,'M',2),(4142,13,1,223,'M',3),(4143,13,1,223,'W',3),(4144,13,1,223,'W',2),(4145,13,1,223,'M',3),(4146,13,1,223,'M',2),(4147,13,1,223,'M',3),(4148,13,1,223,'W',2),(4149,13,1,223,'M',3),(4150,13,1,223,'W',3),(4151,13,1,223,'W',1),(4152,13,1,223,'W',3),(4153,13,1,223,'W',1),(4154,13,1,223,'W',2),(4155,13,1,223,'M',3),(4156,13,2,223,'M',2),(4157,13,2,223,'M',1),(4158,13,2,223,'M',3),(4159,13,2,223,'M',1),(4160,13,5,223,'M',2),(4161,13,6,223,'M',2),(4162,13,6,223,'M',1),(4163,13,6,223,'M',3),(4164,13,6,223,'M',1),(4165,13,6,223,'M',1),(4166,13,6,223,'M',3),(4167,13,7,223,'M',3),(4168,13,7,223,'M',3),(4169,13,7,223,'M',1),(4170,13,7,223,'M',2),(4171,13,7,223,'M',2),(4172,13,7,223,'W',1),(4173,13,7,223,'M',2),(4174,13,10,223,'M',3),(4175,13,10,223,'M',3),(4176,13,11,223,'M',1),(4177,13,13,223,'W',2),(4178,13,13,223,'M',1),(4179,13,13,223,'M',2),(4180,13,13,223,'W',1),(4181,13,13,223,'M',2),(4182,13,13,223,'M',3),(4183,13,13,223,'M',1),(4184,13,13,223,'W',3),(4185,13,13,223,'W',1),(4186,13,13,223,'M',1),(4187,13,13,223,'M',3),(4188,13,13,223,'M',1),(4189,13,13,223,'M',1),(4190,13,13,223,'M',2),(4191,13,13,223,'M',1),(4192,13,13,223,'W',1),(4193,13,13,223,'W',3),(4194,13,13,223,'W',3),(4195,13,13,223,'W',3),(4196,13,13,223,'W',3),(4197,13,13,223,'W',2),(4198,13,13,223,'M',3),(4199,13,13,223,'M',1),(4200,13,13,223,'W',1),(4201,13,13,223,'W',2),(4202,13,14,223,'M',2),(4203,13,14,223,'M',2),(4204,13,14,223,'M',1),(4205,13,14,223,'M',2),(4206,13,14,223,'M',1),(4207,13,14,223,'M',2),(4208,13,14,223,'M',1),(4209,13,18,223,'M',1),(4210,13,18,223,'M',3),(4211,13,18,223,'M',3),(4212,13,18,223,'M',3),(4213,13,18,223,'M',3),(4214,13,18,223,'M',2),(4215,13,18,223,'M',1),(4216,13,18,223,'M',1),(4217,13,18,223,'M',1),(4218,13,18,223,'M',3),(4219,13,18,223,'M',2),(4220,13,18,223,'M',1),(4221,13,18,223,'M',1),(4222,13,19,223,'M',3),(4223,13,19,223,'M',3),(4224,13,19,223,'M',3),(4225,13,20,223,'M',1),(4226,13,27,223,'M',3),(4227,13,27,223,'M',1),(4228,13,27,223,'M',2),(4229,13,27,223,'M',1),(4230,13,27,223,'M',2),(4231,13,27,223,'M',2),(4232,13,27,223,'M',1),(4233,13,27,223,'M',2),(4234,13,18,195,'M',3),(4235,13,18,195,'M',1),(4236,13,18,195,'M',1),(4237,13,18,195,'M',2),(4238,13,18,195,'M',3),(4239,13,18,195,'M',2),(4240,13,18,195,'M',1),(4241,13,1,220,'W',1),(4242,13,1,220,'M',3),(4243,13,8,220,'M',2),(4244,13,8,220,'M',2),(4245,13,13,220,'W',2),(4246,13,27,220,'M',2),(4247,13,1,182,'M',3),(4248,13,2,182,'M',2),(4249,13,7,182,'M',1),(4250,13,7,182,'M',1),(4251,13,9,182,'X',1),(4252,13,9,182,'X',1),(4253,13,9,182,'X',1),(4254,13,13,182,'M',2),(4255,13,13,182,'W',2),(4256,13,13,182,'W',3),(4257,13,18,182,'M',2),(4258,13,18,182,'M',3),(4259,13,18,182,'M',3),(4260,13,18,182,'M',3),(4261,13,20,182,'M',1),(4262,13,27,182,'M',2),(4263,13,27,182,'M',3),(4264,13,30,182,'X',1),(4265,13,30,182,'X',1),(4266,13,9,179,'X',3),(4267,13,6,161,'M',3),(4268,13,6,161,'M',3),(4269,13,8,161,'M',3),(4270,13,19,161,'W',3),(4271,13,6,160,'M',2),(4272,13,6,160,'M',3),(4273,13,6,160,'M',1),(4274,13,6,160,'M',2),(4275,13,7,160,'M',1),(4276,13,7,160,'M',1),(4277,13,7,160,'M',1),(4278,13,10,160,'W',2),(4279,13,13,160,'W',3),(4280,13,13,160,'W',3),(4281,13,18,160,'M',3),(4282,13,27,160,'M',3),(4283,13,27,160,'M',1),(4284,13,1,154,'M',2),(4285,13,1,154,'W',1),(4286,13,6,154,'M',3),(4287,13,6,154,'M',3),(4288,13,10,154,'M',2),(4289,13,10,154,'M',2),(4290,13,13,154,'W',3),(4291,13,13,154,'W',3),(4292,13,13,154,'W',3),(4293,13,14,154,'M',3),(4294,13,27,154,'M',2),(4295,13,16,146,'M',2),(4296,13,1,143,'M',1),(4297,13,30,143,'X',1),(4298,13,1,141,'M',3),(4299,13,1,141,'M',3),(4300,13,1,141,'M',1),(4301,13,19,123,'M',1),(4302,13,19,123,'M',3),(4303,13,6,104,'M',2),(4304,13,14,104,'M',3),(4305,13,13,98,'M',2),(4306,13,13,98,'M',3),(4307,13,13,98,'M',1),(4308,13,13,98,'M',2),(4309,13,13,98,'M',3),(4310,13,13,98,'M',2),(4311,13,13,98,'M',2),(4312,13,13,98,'M',3),(4313,13,13,98,'M',2),(4314,13,18,98,'M',1),(4315,13,18,98,'M',2),(4316,13,18,98,'M',1),(4317,13,19,98,'M',2),(4318,13,19,98,'M',1),(4319,13,19,98,'M',2),(4320,13,19,98,'M',2),(4321,13,19,98,'M',2),(4322,13,2,94,'M',1),(4323,13,6,94,'M',3),(4324,13,6,94,'M',2),(4325,13,8,94,'M',1),(4326,13,8,94,'M',1),(4327,13,8,94,'M',3),(4328,13,8,94,'M',2),(4329,13,8,94,'M',1),(4330,13,9,94,'X',3),(4331,13,9,94,'X',2),(4332,13,9,94,'X',2),(4333,13,10,94,'M',3),(4334,13,10,94,'M',1),(4335,13,10,94,'M',2),(4336,13,10,94,'M',1),(4337,13,10,94,'M',3),(4338,13,10,94,'M',2),(4339,13,10,94,'M',1),(4340,13,14,94,'M',3),(4341,13,14,94,'M',3),(4342,13,18,94,'M',2),(4343,13,18,94,'M',3),(4344,13,27,94,'M',3),(4345,13,27,94,'M',1),(4346,13,30,94,'X',2),(4347,13,1,91,'M',2),(4348,13,1,89,'M',1),(4349,13,6,89,'M',3),(4350,13,6,89,'M',3),(4351,13,6,89,'M',3),(4352,13,6,89,'M',2),(4353,13,14,88,'M',3),(4354,13,18,88,'M',2),(4355,13,18,88,'M',2),(4356,13,18,88,'M',1),(4357,13,18,88,'M',1),(4358,13,16,87,'M',1),(4359,13,1,85,'M',2),(4360,13,1,85,'M',2),(4361,13,6,85,'M',1),(4362,13,7,85,'M',2),(4363,13,7,85,'M',2),(4364,13,7,85,'M',3),(4365,13,7,85,'M',3),(4366,13,7,85,'M',2),(4367,13,7,85,'M',3),(4368,13,7,85,'M',1),(4369,13,10,85,'M',2),(4370,13,10,85,'M',3),(4371,13,10,85,'M',1),(4372,13,10,85,'M',1),(4373,13,13,85,'W',1),(4374,13,13,85,'W',1),(4375,13,13,85,'W',2),(4376,13,13,85,'W',2),(4377,13,13,85,'W',1),(4378,13,13,85,'W',1),(4379,13,13,85,'W',3),(4380,13,18,85,'M',2),(4381,13,18,85,'M',3),(4382,13,19,85,'W',2),(4383,13,19,85,'M',3),(4384,13,19,85,'M',1),(4385,13,1,76,'M',3),(4386,13,1,70,'M',1),(4387,13,1,70,'W',2),(4388,13,1,70,'M',3),(4389,13,1,70,'M',3),(4390,13,1,70,'M',2),(4391,13,1,70,'M',2),(4392,13,1,70,'W',2),(4393,13,6,70,'M',1),(4394,13,6,70,'M',2),(4395,13,6,70,'M',1),(4396,13,6,70,'M',3),(4397,13,6,70,'M',3),(4398,13,8,70,'M',3),(4399,13,8,70,'M',2),(4400,13,8,70,'M',3),(4401,13,9,70,'X',3),(4402,13,9,70,'X',1),(4403,13,9,70,'X',3),(4404,13,9,70,'X',3),(4405,13,10,70,'W',1),(4406,13,19,70,'W',3),(4407,13,19,70,'W',1),(4408,13,30,70,'X',2),(4409,13,30,70,'X',3),(4410,13,30,70,'X',3),(4411,13,1,66,'M',1),(4412,13,2,66,'M',3),(4413,13,6,66,'M',3),(4414,13,6,66,'M',3),(4415,13,7,66,'M',2),(4416,13,8,66,'M',2),(4417,13,8,66,'M',1),(4418,13,8,66,'M',1),(4419,13,8,66,'M',2),(4420,13,10,66,'M',3),(4421,13,10,66,'M',1),(4422,13,10,66,'W',3),(4423,13,10,66,'M',2),(4424,13,14,66,'M',3),(4425,13,1,65,'M',3),(4426,13,1,65,'M',3),(4427,13,1,65,'M',3),(4428,13,2,65,'M',3),(4429,13,6,65,'M',3),(4430,13,13,65,'M',3),(4431,13,18,65,'M',3),(4432,13,18,65,'M',3),(4433,13,18,65,'M',1),(4434,13,18,65,'M',1),(4435,13,20,65,'M',3),(4436,13,20,65,'M',2),(4437,13,20,65,'M',3),(4438,13,27,65,'M',3),(4439,13,27,65,'M',1),(4440,13,1,214,'W',2),(4441,13,1,214,'M',2),(4442,13,1,214,'W',2),(4443,13,1,214,'M',2),(4444,13,1,214,'M',3),(4445,13,1,214,'W',2),(4446,13,1,214,'W',3),(4447,13,2,214,'M',2),(4448,13,6,214,'M',1),(4449,13,6,214,'M',2),(4450,13,7,214,'M',3),(4451,13,7,214,'W',2),(4452,13,7,214,'M',2),(4453,13,7,214,'M',1),(4454,13,8,214,'M',3),(4455,13,9,214,'X',3),(4456,13,9,214,'X',2),(4457,13,9,214,'X',2),(4458,13,9,214,'X',2),(4459,13,9,214,'X',1),(4460,13,9,214,'X',1),(4461,13,9,214,'X',1),(4462,13,9,214,'X',1),(4463,13,13,214,'M',1),(4464,13,16,214,'M',3),(4465,13,18,214,'M',2),(4466,13,19,214,'W',3),(4467,13,19,214,'W',1),(4468,13,7,53,'W',3),(4469,13,9,53,'X',2),(4470,13,30,53,'X',2),(4471,13,30,53,'M',1),(4472,13,1,38,'W',2),(4473,13,6,38,'M',3),(4474,13,6,38,'M',2),(4475,13,6,38,'M',3),(4476,13,2,34,'M',2),(4477,13,2,34,'M',1),(4478,13,9,34,'X',3),(4479,13,19,34,'W',3),(4480,13,27,34,'M',3),(4481,13,27,34,'M',1),(4482,13,11,30,'M',3),(4483,13,18,30,'M',2),(4484,13,18,30,'M',1),(4485,13,18,30,'M',2),(4486,13,18,30,'M',2),(4487,13,1,27,'M',1),(4488,13,18,18,'M',2),(4489,13,30,18,'M',2),(4490,13,30,14,'X',3),(4491,13,2,12,'M',3),(4492,13,7,12,'M',3),(4493,13,1,11,'M',3),(4494,13,1,11,'M',3),(4495,13,1,11,'W',3),(4496,13,1,11,'W',1),(4497,13,1,11,'M',3),(4498,13,1,11,'W',3),(4499,13,1,11,'W',1),(4500,13,1,11,'W',1),(4501,13,1,11,'M',2),(4502,13,1,11,'W',3),(4503,13,1,11,'W',1),(4504,13,1,11,'M',2),(4505,13,2,11,'M',3),(4506,13,2,11,'M',3),(4507,13,2,11,'M',2),(4508,13,6,11,'M',3),(4509,13,7,11,'M',3),(4510,13,8,11,'M',1),(4511,13,8,11,'M',3),(4512,13,19,11,'M',1),(4513,13,19,11,'M',2),(4514,13,19,11,'M',3),(4515,13,19,11,'M',1),(4516,13,19,11,'M',2),(4517,13,19,11,'W',3),(4518,13,19,11,'W',1),(4519,13,19,11,'W',2),(4520,13,19,11,'M',1),(4521,13,19,11,'M',1),(4522,13,19,11,'W',1),(4523,13,19,11,'W',2),(4524,13,19,11,'W',1),(4525,13,19,11,'M',1),(4526,13,30,11,'X',3),(4527,13,30,11,'X',2),(4528,13,6,7,'M',3),(4529,13,14,7,'M',2),(4530,14,11,224,'M',1),(4531,14,18,224,'M',2),(4532,14,27,204,'M',3),(4533,14,1,201,'M',2),(4534,14,1,201,'W',1),(4535,14,1,201,'M',3),(4536,14,1,201,'M',1),(4537,14,1,201,'M',2),(4538,14,1,201,'M',2),(4539,14,1,201,'W',1),(4540,14,1,201,'M',1),(4541,14,1,201,'M',3),(4542,14,1,201,'M',1),(4543,14,1,201,'M',2),(4544,14,1,201,'W',1),(4545,14,1,201,'M',1),(4546,14,1,201,'M',1),(4547,14,1,201,'M',3),(4548,14,1,201,'M',1),(4549,14,1,201,'M',2),(4550,14,1,201,'M',3),(4551,14,1,201,'M',1),(4552,14,1,201,'M',2),(4553,14,1,201,'M',1),(4554,14,1,201,'M',2),(4555,14,1,201,'M',3),(4556,14,1,201,'M',1),(4557,14,1,201,'M',2),(4558,14,1,201,'W',3),(4559,14,2,201,'M',1),(4560,14,2,201,'M',3),(4561,14,5,201,'M',1),(4562,14,6,201,'M',3),(4563,14,6,201,'M',1),(4564,14,6,201,'M',1),(4565,14,6,201,'M',1),(4566,14,9,201,'X',2),(4567,14,10,201,'M',3),(4568,14,14,201,'M',1),(4569,14,14,201,'M',3),(4570,14,14,201,'M',2),(4571,14,14,201,'M',2),(4572,14,14,201,'M',2),(4573,14,14,201,'M',2),(4574,14,18,201,'M',1),(4575,14,18,201,'M',1),(4576,14,18,201,'M',1),(4577,14,19,201,'M',1),(4578,14,19,201,'M',2),(4579,14,19,201,'W',2),(4580,14,19,201,'M',1),(4581,14,19,201,'M',2),(4582,14,19,201,'W',2),(4583,14,19,201,'M',3),(4584,14,19,201,'M',2),(4585,14,19,201,'W',1),(4586,14,19,201,'W',1),(4587,14,19,201,'M',2),(4588,14,19,201,'W',2),(4589,14,19,201,'M',3),(4590,14,19,201,'M',1),(4591,14,19,201,'M',3),(4592,14,19,201,'M',1),(4593,14,19,201,'W',1),(4594,14,19,201,'W',1),(4595,14,19,201,'M',1),(4596,14,19,201,'W',1),(4597,14,19,201,'M',1),(4598,14,20,201,'M',3),(4599,14,20,201,'M',3),(4600,14,27,201,'M',1),(4601,14,27,201,'M',2),(4602,14,30,201,'X',1),(4603,14,30,201,'X',3),(4604,14,1,223,'M',1),(4605,14,1,223,'M',1),(4606,14,1,223,'M',3),(4607,14,1,223,'M',2),(4608,14,1,223,'M',2),(4609,14,1,223,'W',1),(4610,14,1,223,'W',1),(4611,14,1,223,'M',3),(4612,14,1,223,'W',1),(4613,14,1,223,'W',2),(4614,14,1,223,'M',1),(4615,14,1,223,'M',1),(4616,14,1,223,'M',2),(4617,14,1,223,'M',1),(4618,14,1,223,'W',3),(4619,14,1,223,'W',1),(4620,14,1,223,'M',3),(4621,14,1,223,'W',1),(4622,14,1,223,'W',1),(4623,14,1,223,'M',3),(4624,14,1,223,'M',2),(4625,14,2,223,'M',1),(4626,14,2,223,'M',2),(4627,14,2,223,'M',3),(4628,14,2,223,'M',2),(4629,14,2,223,'M',1),(4630,14,5,223,'M',2),(4631,14,6,223,'M',2),(4632,14,6,223,'M',1),(4633,14,6,223,'M',2),(4634,14,6,223,'M',3),(4635,14,6,223,'M',3),(4636,14,7,223,'M',2),(4637,14,7,223,'M',1),(4638,14,7,223,'W',1),(4639,14,7,223,'W',1),(4640,14,8,223,'M',1),(4641,14,8,223,'M',3),(4642,14,8,223,'M',3),(4643,14,8,223,'M',3),(4644,14,8,223,'M',3),(4645,14,9,223,'X',1),(4646,14,10,223,'M',3),(4647,14,10,223,'M',3),(4648,14,10,223,'M',1),(4649,14,10,223,'M',2),(4650,14,10,223,'W',2),(4651,14,10,223,'M',1),(4652,14,10,223,'W',1),(4653,14,13,223,'W',3),(4654,14,13,223,'W',2),(4655,14,13,223,'M',2),(4656,14,13,223,'W',3),(4657,14,13,223,'W',1),(4658,14,13,223,'W',2),(4659,14,13,223,'M',3),(4660,14,13,223,'M',3),(4661,14,13,223,'M',1),(4662,14,13,223,'W',3),(4663,14,13,223,'W',1),(4664,14,13,223,'W',2),(4665,14,13,223,'M',1),(4666,14,13,223,'M',1),(4667,14,13,223,'M',1),(4668,14,13,223,'M',2),(4669,14,13,223,'M',2),(4670,14,13,223,'W',1),(4671,14,13,223,'W',3),(4672,14,13,223,'W',1),(4673,14,13,223,'W',2),(4674,14,13,223,'M',3),(4675,14,13,223,'M',1),(4676,14,13,223,'W',3),(4677,14,13,223,'W',1),(4678,14,13,223,'W',2),(4679,14,14,223,'M',1),(4680,14,14,223,'M',1),(4681,14,14,223,'M',1),(4682,14,14,223,'M',1),(4683,14,14,223,'M',1),(4684,14,14,223,'M',2),(4685,14,18,223,'M',3),(4686,14,18,223,'M',3),(4687,14,18,223,'M',2),(4688,14,18,223,'M',2),(4689,14,18,223,'M',3),(4690,14,18,223,'M',1),(4691,14,18,223,'M',1),(4692,14,18,223,'M',3),(4693,14,18,223,'M',1),(4694,14,18,223,'M',3),(4695,14,19,223,'W',3),(4696,14,19,223,'M',2),(4697,14,20,223,'M',2),(4698,14,27,223,'M',3),(4699,14,27,223,'M',3),(4700,14,27,223,'M',1),(4701,14,27,223,'M',2),(4702,14,27,223,'M',1),(4703,14,27,223,'M',2),(4704,14,27,223,'M',3),(4705,14,30,223,'M',2),(4706,14,30,223,'X',1),(4707,14,18,195,'M',1),(4708,14,18,195,'M',2),(4709,14,18,195,'M',1),(4710,14,18,195,'M',2),(4711,14,18,195,'M',1),(4712,14,18,195,'M',1),(4713,14,18,195,'M',1),(4714,14,18,195,'M',1),(4715,14,18,195,'M',1),(4716,14,1,192,'M',2),(4717,14,1,220,'W',2),(4718,14,2,220,'M',1),(4719,14,2,220,'M',3),(4720,14,6,220,'M',3),(4721,14,6,220,'M',1),(4722,14,13,220,'W',1),(4723,14,13,220,'W',2),(4724,14,18,220,'M',3),(4725,14,1,182,'M',2),(4726,14,7,182,'M',3),(4727,14,7,182,'M',1),(4728,14,18,182,'M',3),(4729,14,18,182,'M',3),(4730,14,19,182,'W',2),(4731,14,2,179,'M',3),(4732,14,9,179,'X',2),(4733,14,9,179,'X',3),(4734,14,9,179,'X',2),(4735,14,27,179,'M',2),(4736,14,30,179,'X',3),(4737,14,14,167,'M',2),(4738,14,1,161,'M',3),(4739,14,6,161,'M',2),(4740,14,6,161,'M',3),(4741,14,1,160,'W',3),(4742,14,1,160,'W',1),(4743,14,6,160,'M',3),(4744,14,7,160,'M',3),(4745,14,10,160,'W',3),(4746,14,13,160,'W',3),(4747,14,18,160,'M',1),(4748,14,18,160,'M',2),(4749,14,18,160,'M',3),(4750,14,27,160,'M',1),(4751,14,30,155,'X',2),(4752,14,1,154,'M',1),(4753,14,1,154,'W',3),(4754,14,1,154,'M',3),(4755,14,1,154,'M',3),(4756,14,1,154,'W',2),(4757,14,1,154,'W',2),(4758,14,1,154,'M',1),(4759,14,2,154,'M',3),(4760,14,6,154,'M',3),(4761,14,6,154,'M',2),(4762,14,6,154,'M',1),(4763,14,6,154,'M',3),(4764,14,6,154,'M',3),(4765,14,6,154,'M',2),(4766,14,6,154,'M',2),(4767,14,7,154,'W',3),(4768,14,7,154,'M',3),(4769,14,10,154,'M',2),(4770,14,14,154,'M',3),(4771,14,14,154,'M',1),(4772,14,18,154,'M',3),(4773,14,16,146,'M',1),(4774,14,18,146,'M',3),(4775,14,1,143,'M',1),(4776,14,1,143,'M',1),(4777,14,1,143,'M',3),(4778,14,30,141,'X',1),(4779,14,19,137,'W',2),(4780,14,19,137,'M',3),(4781,14,19,137,'W',3),(4782,14,19,123,'M',3),(4783,14,1,118,'M',2),(4784,14,6,98,'M',3),(4785,14,13,98,'M',1),(4786,14,13,98,'M',1),(4787,14,13,98,'M',2),(4788,14,13,98,'M',2),(4789,14,13,98,'M',3),(4790,14,13,98,'M',3),(4791,14,13,98,'M',3),(4792,14,13,98,'M',1),(4793,14,13,98,'M',1),(4794,14,14,98,'M',2),(4795,14,18,98,'M',2),(4796,14,19,98,'W',3),(4797,14,19,98,'M',2),(4798,14,19,98,'M',2),(4799,14,19,98,'M',3),(4800,14,19,98,'M',2),(4801,14,27,98,'M',3),(4802,14,1,94,'W',3),(4803,14,1,94,'M',1),(4804,14,1,94,'M',3),(4805,14,2,94,'M',2),(4806,14,2,94,'M',3),(4807,14,6,94,'M',1),(4808,14,6,94,'M',2),(4809,14,6,94,'M',1),(4810,14,6,94,'M',2),(4811,14,6,94,'M',1),(4812,14,6,94,'M',2),(4813,14,6,94,'M',3),(4814,14,7,94,'M',2),(4815,14,8,94,'M',2),(4816,14,8,94,'M',1),(4817,14,8,94,'M',1),(4818,14,8,94,'M',1),(4819,14,8,94,'M',3),(4820,14,8,94,'M',1),(4821,14,8,94,'M',1),(4822,14,9,94,'X',1),(4823,14,9,94,'X',2),(4824,14,9,94,'X',3),(4825,14,10,94,'M',1),(4826,14,10,94,'M',1),(4827,14,10,94,'M',2),(4828,14,10,94,'W',3),(4829,14,10,94,'M',3),(4830,14,10,94,'M',3),(4831,14,13,94,'M',3),(4832,14,13,94,'M',2),(4833,14,13,94,'M',3),(4834,14,14,94,'M',3),(4835,14,19,94,'M',1),(4836,14,27,94,'M',2),(4837,14,30,94,'X',3),(4838,14,14,90,'M',3),(4839,14,14,88,'M',3),(4840,14,18,88,'M',3),(4841,14,18,88,'M',2),(4842,14,18,88,'M',3),(4843,14,16,87,'M',2),(4844,14,1,85,'M',3),(4845,14,1,85,'M',2),(4846,14,1,85,'M',3),(4847,14,6,85,'M',1),(4848,14,7,85,'M',1),(4849,14,7,85,'M',3),(4850,14,7,85,'M',2),(4851,14,7,85,'M',2),(4852,14,7,85,'M',2),(4853,14,7,85,'W',3),(4854,14,10,85,'W',2),(4855,14,10,85,'M',1),(4856,14,10,85,'M',2),(4857,14,10,85,'M',1),(4858,14,11,85,'M',3),(4859,14,14,85,'M',3),(4860,14,18,85,'M',2),(4861,14,19,85,'M',3),(4862,14,20,85,'M',1),(4863,14,20,85,'M',2),(4864,14,20,85,'M',1),(4865,14,30,76,'X',1),(4866,14,6,75,'M',2),(4867,14,1,70,'M',3),(4868,14,1,70,'W',2),(4869,14,1,70,'W',3),(4870,14,1,70,'M',3),(4871,14,1,70,'M',3),(4872,14,1,70,'M',1),(4873,14,1,70,'W',2),(4874,14,1,70,'W',2),(4875,14,6,70,'M',3),(4876,14,6,70,'M',3),(4877,14,6,70,'M',3),(4878,14,9,70,'X',3),(4879,14,10,70,'M',2),(4880,14,10,70,'M',2),(4881,14,14,70,'M',3),(4882,14,19,70,'M',3),(4883,14,19,70,'W',3),(4884,14,19,70,'W',2),(4885,14,19,70,'W',3),(4886,14,19,70,'W',1),(4887,14,1,66,'M',2),(4888,14,1,66,'M',3),(4889,14,2,66,'M',2),(4890,14,9,66,'X',3),(4891,14,18,66,'M',3),(4892,14,1,65,'M',3),(4893,14,2,65,'M',3),(4894,14,6,65,'M',3),(4895,14,13,65,'M',1),(4896,14,27,65,'M',2),(4897,14,1,214,'M',2),(4898,14,1,214,'M',1),(4899,14,1,214,'W',2),(4900,14,1,214,'M',2),(4901,14,1,214,'M',1),(4902,14,1,214,'W',2),(4903,14,1,214,'M',2),(4904,14,1,214,'M',2),(4905,14,1,214,'W',3),(4906,14,1,214,'W',3),(4907,14,1,214,'M',2),(4908,14,1,214,'W',3),(4909,14,1,214,'W',2),(4910,14,2,214,'M',1),(4911,14,2,214,'M',1),(4912,14,2,214,'M',1),(4913,14,2,214,'M',2),(4914,14,6,214,'M',3),(4915,14,7,214,'M',1),(4916,14,7,214,'W',2),(4917,14,7,214,'W',2),(4918,14,8,214,'M',2),(4919,14,8,214,'M',2),(4920,14,8,214,'M',2),(4921,14,8,214,'M',2),(4922,14,9,214,'X',3),(4923,14,9,214,'X',1),(4924,14,10,214,'W',1),(4925,14,10,214,'M',3),(4926,14,18,214,'M',1),(4927,14,18,214,'M',2),(4928,14,18,214,'M',2),(4929,14,18,214,'M',2),(4930,14,19,214,'W',1),(4931,14,19,214,'W',1),(4932,14,19,214,'W',3),(4933,14,19,214,'W',2),(4934,14,19,214,'W',3),(4935,14,19,214,'W',3),(4936,14,27,214,'M',3),(4937,14,27,214,'M',1),(4938,14,30,214,'X',3),(4939,14,1,63,'M',1),(4940,14,16,61,'M',3),(4941,14,6,58,'M',3),(4942,14,18,58,'M',2),(4943,14,7,53,'M',1),(4944,14,7,53,'M',3),(4945,14,11,53,'M',2),(4946,14,30,53,'X',2),(4947,14,30,53,'X',2),(4948,14,30,53,'M',1),(4949,14,2,34,'M',2),(4950,14,1,87,'M',3),(4951,14,1,87,'M',3),(4952,14,13,30,'M',3),(4953,14,18,30,'M',2),(4954,14,18,30,'M',2),(4955,14,18,30,'M',3),(4956,14,18,30,'M',3),(4957,14,18,30,'M',1),(4958,14,18,30,'M',2),(4959,14,5,27,'M',3),(4960,14,19,27,'M',3),(4961,14,1,18,'M',2),(4962,14,8,18,'M',3),(4963,14,8,18,'M',2),(4964,14,30,18,'M',3),(4965,14,2,12,'M',2),(4966,14,27,12,'M',1),(4967,14,1,11,'M',3),(4968,14,1,11,'M',1),(4969,14,1,11,'M',2),(4970,14,1,11,'W',2),(4971,14,6,11,'M',3),(4972,14,6,11,'M',3),(4973,14,9,11,'X',1),(4974,14,9,11,'X',2),(4975,14,9,11,'X',1),(4976,14,19,11,'M',1),(4977,14,19,11,'W',3),(4978,14,19,11,'M',1),(4979,14,19,11,'W',1),(4980,14,19,11,'M',1),(4981,14,19,11,'M',2),(4982,14,19,11,'M',2),(4983,14,19,11,'M',3),(4984,14,19,11,'M',1),(4985,14,19,11,'W',2),(4986,14,19,11,'M',2),(4987,14,19,11,'W',2),(4988,14,19,11,'M',3),(4989,14,6,7,'M',3),(4990,14,30,7,'X',2),(4991,15,13,224,'M',3),(4992,15,13,224,'M',1),(4993,15,18,224,'M',3),(4994,15,18,224,'M',1),(4995,15,19,224,'M',2),(4996,15,1,201,'M',1),(4997,15,1,201,'M',1),(4998,15,1,201,'W',1),(4999,15,1,201,'W',2),(5000,15,1,201,'M',1),(5001,15,1,201,'M',2),(5002,15,1,201,'M',1),(5003,15,1,201,'M',2),(5004,15,1,201,'W',1),(5005,15,1,201,'M',1),(5006,15,1,201,'M',1),(5007,15,1,201,'M',1),(5008,15,1,201,'W',2),(5009,15,1,201,'M',1),(5010,15,1,201,'M',3),(5011,15,1,201,'M',1),(5012,15,1,201,'M',3),(5013,15,1,201,'M',1),(5014,15,1,201,'M',3),(5015,15,1,201,'M',2),(5016,15,1,201,'M',2),(5017,15,1,201,'M',1),(5018,15,1,201,'M',1),(5019,15,1,201,'M',2),(5020,15,2,201,'M',2),(5021,15,2,201,'M',1),(5022,15,2,201,'M',3),(5023,15,2,201,'M',1),(5024,15,5,201,'M',1),(5025,15,6,201,'M',3),(5026,15,6,201,'M',1),(5027,15,6,201,'M',3),(5028,15,6,201,'M',3),(5029,15,7,201,'W',3),(5030,15,7,201,'W',2),(5031,15,9,201,'X',2),(5032,15,14,201,'M',3),(5033,15,14,201,'M',2),(5034,15,17,201,'M',3),(5035,15,18,201,'M',3),(5036,15,19,201,'M',3),(5037,15,19,201,'M',1),(5038,15,19,201,'W',1),(5039,15,19,201,'M',3),(5040,15,19,201,'M',1),(5041,15,19,201,'M',2),(5042,15,19,201,'W',3),(5043,15,19,201,'W',2),(5044,15,19,201,'W',3),(5045,15,19,201,'W',1),(5046,15,19,201,'W',3),(5047,15,19,201,'W',1),(5048,15,19,201,'M',1),(5049,15,19,201,'W',3),(5050,15,19,201,'W',2),(5051,15,19,201,'M',2),(5052,15,19,201,'M',3),(5053,15,19,201,'M',1),(5054,15,19,201,'M',2),(5055,15,19,201,'M',3),(5056,15,19,201,'W',2),(5057,15,19,201,'M',3),(5058,15,19,201,'M',2),(5059,15,19,201,'M',1),(5060,15,19,201,'W',3),(5061,15,19,201,'W',1),(5062,15,19,201,'W',2),(5063,15,19,201,'M',1),(5064,15,19,201,'M',2),(5065,15,19,201,'W',3),(5066,15,19,201,'W',1),(5067,15,19,201,'W',2),(5068,15,19,201,'M',1),(5069,15,19,201,'W',1),(5070,15,19,201,'M',1),(5071,15,19,201,'W',1),(5072,15,19,201,'M',1),(5073,15,20,201,'M',2),(5074,15,27,201,'M',3),(5075,15,27,201,'M',1),(5076,15,27,201,'M',2),(5077,15,27,201,'M',1),(5078,15,27,201,'M',3),(5079,15,27,201,'M',2),(5080,15,27,201,'M',3),(5081,15,30,201,'X',3),(5082,15,30,201,'X',3),(5083,15,30,201,'X',3),(5084,15,30,201,'M',2),(5085,15,30,201,'X',2),(5086,15,6,200,'M',3),(5087,15,1,223,'M',3),(5088,15,1,223,'M',3),(5089,15,1,223,'M',3),(5090,15,1,223,'M',2),(5091,15,1,223,'W',1),(5092,15,1,223,'M',1),(5093,15,1,223,'M',1),(5094,15,1,223,'W',3),(5095,15,1,223,'M',3),(5096,15,1,223,'W',3),(5097,15,1,223,'M',3),(5098,15,1,223,'W',3),(5099,15,1,223,'W',3),(5100,15,1,223,'W',1),(5101,15,1,223,'W',3),(5102,15,1,223,'W',1),(5103,15,1,223,'M',3),(5104,15,1,223,'M',2),(5105,15,2,223,'M',1),(5106,15,2,223,'M',1),(5107,15,5,223,'M',2),(5108,15,6,223,'M',3),(5109,15,6,223,'M',3),(5110,15,6,223,'M',1),(5111,15,6,223,'M',2),(5112,15,6,223,'M',2),(5113,15,6,223,'M',2),(5114,15,6,223,'M',1),(5115,15,6,223,'M',1),(5116,15,6,223,'M',2),(5117,15,7,223,'M',3),(5118,15,7,223,'M',1),(5119,15,7,223,'W',1),(5120,15,7,223,'M',1),(5121,15,8,223,'M',2),(5122,15,9,223,'X',3),(5123,15,9,223,'X',3),(5124,15,10,223,'M',3),(5125,15,10,223,'M',1),(5126,15,10,223,'M',1),(5127,15,10,223,'W',2),(5128,15,10,223,'M',3),(5129,15,10,223,'M',1),(5130,15,13,223,'W',3),(5131,15,13,223,'W',2),(5132,15,13,223,'M',2),(5133,15,13,223,'W',1),(5134,15,13,223,'W',2),(5135,15,13,223,'M',1),(5136,15,13,223,'M',2),(5137,15,13,223,'M',2),(5138,15,13,223,'W',3),(5139,15,13,223,'W',2),(5140,15,13,223,'M',3),(5141,15,13,223,'M',3),(5142,15,13,223,'M',2),(5143,15,13,223,'W',1),(5144,15,13,223,'W',3),(5145,15,13,223,'W',1),(5146,15,13,223,'M',2),(5147,15,13,223,'W',2),(5148,15,14,223,'M',1),(5149,15,14,223,'M',1),(5150,15,14,223,'M',2),(5151,15,14,223,'M',2),(5152,15,14,223,'M',2),(5153,15,14,223,'M',1),(5154,15,14,223,'M',1),(5155,15,17,223,'M',3),(5156,15,17,223,'M',3),(5157,15,18,223,'M',1),(5158,15,18,223,'M',3),(5159,15,18,223,'M',3),(5160,15,18,223,'M',2),(5161,15,18,223,'M',1),(5162,15,18,223,'M',2),(5163,15,18,223,'M',2),(5164,15,18,223,'M',2),(5165,15,18,223,'M',3),(5166,15,18,223,'M',1),(5167,15,19,223,'W',3),(5168,15,19,223,'M',2),(5169,15,19,223,'W',3),(5170,15,19,223,'W',1),(5171,15,19,223,'W',3),(5172,15,19,223,'M',3),(5173,15,20,223,'M',3),(5174,15,20,223,'M',2),(5175,15,20,223,'M',1),(5176,15,27,223,'M',2),(5177,15,27,223,'M',2),(5178,15,29,223,'M',1),(5179,15,29,223,'W',2),(5180,15,18,195,'M',3),(5181,15,18,195,'M',2),(5182,15,18,195,'M',1),(5183,15,18,195,'M',2),(5184,15,18,195,'M',2),(5185,15,18,195,'M',1),(5186,15,1,194,'M',2),(5187,15,6,194,'M',3),(5188,15,1,263,'M',3),(5189,15,1,263,'M',2),(5190,15,1,263,'M',3),(5191,15,1,220,'M',2),(5192,15,1,220,'M',2),(5193,15,2,220,'M',3),(5194,15,2,220,'M',3),(5195,15,8,220,'M',1),(5196,15,11,220,'M',2),(5197,15,13,220,'W',1),(5198,15,13,220,'W',1),(5199,15,13,220,'W',2),(5200,15,13,220,'W',1),(5201,15,14,220,'M',1),(5202,15,18,220,'M',2),(5203,15,27,220,'M',3),(5204,15,29,220,'M',2),(5205,15,1,182,'M',3),(5206,15,7,182,'M',1),(5207,15,7,182,'M',1),(5208,15,8,182,'M',3),(5209,15,18,182,'M',3),(5210,15,18,182,'M',2),(5211,15,30,182,'X',2),(5212,15,30,182,'X',3),(5213,15,2,179,'M',3),(5214,15,9,179,'X',1),(5215,15,9,179,'X',2),(5216,15,17,179,'M',2),(5217,15,1,160,'W',3),(5218,15,1,160,'W',1),(5219,15,1,160,'W',1),(5220,15,7,160,'M',2),(5221,15,7,160,'M',3),(5222,15,7,160,'W',2),(5223,15,7,160,'W',3),(5224,15,7,160,'M',3),(5225,15,18,160,'M',3),(5226,15,18,160,'M',3),(5227,15,18,160,'M',2),(5228,15,27,160,'M',2),(5229,15,1,154,'W',3),(5230,15,1,154,'W',2),(5231,15,1,154,'M',3),(5232,15,1,154,'M',2),(5233,15,1,154,'W',1),(5234,15,1,154,'W',2),(5235,15,1,154,'W',2),(5236,15,1,154,'M',1),(5237,15,6,154,'M',2),(5238,15,6,154,'M',1),(5239,15,6,154,'M',1),(5240,15,6,154,'M',1),(5241,15,6,154,'M',3),(5242,15,6,154,'M',3),(5243,15,6,154,'M',3),(5244,15,10,154,'M',1),(5245,15,10,154,'M',2),(5246,15,10,154,'M',3),(5247,15,14,154,'M',3),(5248,15,14,154,'M',3),(5249,15,14,154,'M',1),(5250,15,14,154,'M',3),(5251,15,29,154,'W',3),(5252,15,6,150,'M',2),(5253,15,16,146,'M',2),(5254,15,1,143,'M',3),(5255,15,1,143,'M',1),(5256,15,1,143,'M',1),(5257,15,1,143,'W',3),(5258,15,30,143,'X',1),(5259,15,6,139,'M',3),(5260,15,2,137,'M',2),(5261,15,2,137,'M',3),(5262,15,2,137,'M',3),(5263,15,7,137,'M',2),(5264,15,8,137,'M',1),(5265,15,8,137,'M',3),(5266,15,17,137,'M',1),(5267,15,19,137,'W',2),(5268,15,19,137,'W',3),(5269,15,19,137,'W',2),(5270,15,6,123,'M',3),(5271,15,6,104,'M',2),(5272,15,17,104,'M',3),(5273,15,18,104,'M',2),(5274,15,1,100,'M',3),(5275,15,1,98,'M',3),(5276,15,6,98,'M',1),(5277,15,13,98,'M',2),(5278,15,13,98,'M',1),(5279,15,13,98,'M',2),(5280,15,13,98,'M',1),(5281,15,13,98,'M',2),(5282,15,13,98,'M',2),(5283,15,13,98,'M',1),(5284,15,13,98,'M',1),(5285,15,13,98,'W',3),(5286,15,13,98,'M',1),(5287,15,14,98,'M',3),(5288,15,14,98,'M',1),(5289,15,14,98,'M',3),(5290,15,17,98,'M',1),(5291,15,17,98,'M',1),(5292,15,17,98,'M',1),(5293,15,17,98,'M',2),(5294,15,18,98,'M',1),(5295,15,18,98,'M',1),(5296,15,18,98,'M',1),(5297,15,18,98,'M',3),(5298,15,18,98,'M',1),(5299,15,18,98,'M',1),(5300,15,19,98,'M',3),(5301,15,27,98,'M',3),(5302,15,29,98,'M',3),(5303,15,29,98,'W',1),(5304,15,1,94,'M',3),(5305,15,1,94,'M',1),(5306,15,2,94,'M',2),(5307,15,6,94,'M',1),(5308,15,6,94,'M',3),(5309,15,6,94,'M',3),(5310,15,6,94,'M',3),(5311,15,6,94,'M',1),(5312,15,8,94,'M',1),(5313,15,8,94,'M',2),(5314,15,8,94,'M',2),(5315,15,8,94,'M',1),(5316,15,8,94,'M',2),(5317,15,8,94,'M',1),(5318,15,8,94,'M',2),(5319,15,8,94,'M',2),(5320,15,9,94,'X',1),(5321,15,9,94,'X',1),(5322,15,9,94,'X',3),(5323,15,10,94,'M',2),(5324,15,10,94,'W',3),(5325,15,10,94,'M',2),(5326,15,13,94,'M',1),(5327,15,13,94,'M',3),(5328,15,13,94,'M',2),(5329,15,19,94,'M',2),(5330,15,27,94,'M',1),(5331,15,6,89,'M',3),(5332,15,18,88,'M',3),(5333,15,18,88,'M',3),(5334,15,16,87,'M',1),(5335,15,1,85,'M',2),(5336,15,1,85,'M',2),(5337,15,1,85,'W',2),(5338,15,1,85,'M',3),(5339,15,7,85,'M',2),(5340,15,10,85,'M',1),(5341,15,10,85,'W',1),(5342,15,10,85,'W',1),(5343,15,10,85,'M',1),(5344,15,11,85,'M',1),(5345,15,13,85,'W',3),(5346,15,13,85,'W',2),(5347,15,14,85,'M',2),(5348,15,14,85,'M',3),(5349,15,14,85,'M',2),(5350,15,18,85,'M',1),(5351,15,18,85,'M',1),(5352,15,19,85,'M',1),(5353,15,20,85,'M',1),(5354,15,20,85,'M',3),(5355,15,27,85,'M',3),(5356,15,27,85,'M',1),(5357,15,6,75,'M',3),(5358,15,1,70,'M',1),(5359,15,1,70,'M',2),(5360,15,1,70,'W',2),(5361,15,1,70,'M',2),(5362,15,1,70,'W',3),(5363,15,1,70,'M',2),(5364,15,1,70,'M',2),(5365,15,1,70,'W',1),(5366,15,1,70,'M',1),(5367,15,1,70,'W',1),(5368,15,1,70,'M',2),(5369,15,1,70,'W',2),(5370,15,2,70,'M',2),(5371,15,9,70,'X',3),(5372,15,10,70,'M',2),(5373,15,14,70,'M',2),(5374,15,19,70,'M',2),(5375,15,30,70,'X',2),(5376,15,1,66,'M',3),(5377,15,1,66,'W',2),(5378,15,2,66,'M',2),(5379,15,6,66,'M',2),(5380,15,7,66,'M',2),(5381,15,8,66,'M',3),(5382,15,8,66,'M',3),(5383,15,9,66,'X',1),(5384,15,9,66,'X',2),(5385,15,10,66,'M',3),(5386,15,10,66,'M',3),(5387,15,10,66,'M',2),(5388,15,10,66,'M',3),(5389,15,10,66,'M',2),(5390,15,19,66,'W',2),(5391,15,1,65,'M',1),(5392,15,6,65,'M',3),(5393,15,13,65,'M',3),(5394,15,27,65,'M',1),(5395,15,27,65,'M',1),(5396,15,1,214,'M',2),(5397,15,1,214,'M',2),(5398,15,1,214,'W',1),(5399,15,1,214,'M',3),(5400,15,1,214,'M',1),(5401,15,1,214,'W',2),(5402,15,1,214,'M',3),(5403,15,1,214,'M',3),(5404,15,1,214,'M',2),(5405,15,1,214,'W',2),(5406,15,2,214,'M',3),(5407,15,2,214,'M',2),(5408,15,2,214,'M',1),(5409,15,2,214,'M',2),(5410,15,6,214,'M',2),(5411,15,6,214,'M',3),(5412,15,6,214,'M',2),(5413,15,7,214,'M',1),(5414,15,7,214,'M',3),(5415,15,7,214,'W',1),(5416,15,7,214,'M',2),(5417,15,8,214,'M',3),(5418,15,8,214,'M',1),(5419,15,9,214,'X',2),(5420,15,9,214,'X',1),(5421,15,9,214,'X',3),(5422,15,9,214,'X',3),(5423,15,9,214,'X',2),(5424,15,9,214,'X',1),(5425,15,10,214,'W',2),(5426,15,10,214,'W',3),(5427,15,11,214,'M',3),(5428,15,13,214,'M',3),(5429,15,13,214,'W',2),(5430,15,17,214,'M',2),(5431,15,17,214,'M',3),(5432,15,18,214,'M',2),(5433,15,18,214,'M',3),(5434,15,18,214,'M',3),(5435,15,18,214,'M',3),(5436,15,19,214,'W',2),(5437,15,19,214,'W',1),(5438,15,19,214,'M',3),(5439,15,19,214,'M',2),(5440,15,19,214,'M',3),(5441,15,19,214,'M',2),(5442,15,19,214,'M',2),(5443,15,19,214,'M',2),(5444,15,30,214,'X',2),(5445,15,30,214,'M',1),(5446,15,1,63,'M',1),(5447,15,2,53,'M',1),(5448,15,7,53,'M',3),(5449,15,8,53,'M',2),(5450,15,8,53,'M',3),(5451,15,30,53,'X',1),(5452,15,30,53,'M',3),(5453,15,1,50,'M',2),(5454,15,1,34,'M',3),(5455,15,1,34,'M',2),(5456,15,2,34,'M',1),(5457,15,17,34,'M',2),(5458,15,6,30,'M',3),(5459,15,18,30,'M',2),(5460,15,18,30,'M',2),(5461,15,18,30,'M',1),(5462,15,18,30,'M',1),(5463,15,18,30,'M',3),(5464,15,18,30,'M',2),(5465,15,18,30,'M',2),(5466,15,18,30,'M',1),(5467,15,27,30,'M',2),(5468,15,5,27,'M',3),(5469,15,1,18,'M',1),(5470,15,8,18,'M',3),(5471,15,8,18,'M',1),(5472,15,30,14,'X',1),(5473,15,1,11,'M',3),(5474,15,1,11,'W',3),(5475,15,1,11,'W',3),(5476,15,1,11,'W',1),(5477,15,1,11,'W',3),(5478,15,1,11,'W',2),(5479,15,16,11,'M',3),(5480,15,17,11,'M',3),(5481,15,19,11,'W',1),(5482,15,19,11,'M',3),(5483,15,19,11,'M',1),(5484,15,19,11,'M',1),(5485,15,19,11,'M',1),(5486,15,19,11,'M',3),(5487,15,19,11,'M',3),(5488,15,19,11,'W',2),(5489,15,19,11,'M',3),(5490,15,30,11,'X',1),(5491,15,9,7,'X',2),(5492,16,5,224,'M',2),(5493,16,6,224,'M',3),(5494,16,13,224,'M',1),(5495,16,18,224,'M',2),(5496,16,18,224,'M',3),(5497,16,19,224,'W',1),(5498,16,19,224,'W',2),(5499,16,19,224,'M',1),(5500,16,6,204,'M',1),(5501,16,1,201,'M',3),(5502,16,1,201,'M',1),(5503,16,1,201,'W',1),(5504,16,1,201,'W',2),(5505,16,1,201,'M',1),(5506,16,1,201,'M',2),(5507,16,1,201,'M',2),(5508,16,1,201,'M',3),(5509,16,1,201,'M',1),(5510,16,1,201,'M',3),(5511,16,1,201,'M',3),(5512,16,1,201,'M',1),(5513,16,1,201,'M',2),(5514,16,1,201,'M',1),(5515,16,1,201,'W',1),(5516,16,1,201,'M',1),(5517,16,1,201,'M',3),(5518,16,1,201,'M',3),(5519,16,1,201,'W',1),(5520,16,1,201,'M',1),(5521,16,1,201,'M',1),(5522,16,1,201,'M',1),(5523,16,1,201,'M',2),(5524,16,1,201,'M',3),(5525,16,1,201,'M',1),(5526,16,1,201,'M',1),(5527,16,1,201,'M',1),(5528,16,1,201,'M',2),(5529,16,2,201,'M',2),(5530,16,2,201,'M',3),(5531,16,5,201,'M',1),(5532,16,6,201,'M',3),(5533,16,6,201,'M',1),(5534,16,6,201,'M',2),(5535,16,6,201,'M',1),(5536,16,6,201,'M',3),(5537,16,6,201,'M',3),(5538,16,6,201,'M',3),(5539,16,9,201,'X',3),(5540,16,9,201,'X',2),(5541,16,9,201,'X',1),(5542,16,14,201,'M',3),(5543,16,18,201,'M',2),(5544,16,18,201,'M',2),(5545,16,19,201,'M',3),(5546,16,19,201,'W',3),(5547,16,19,201,'M',3),(5548,16,19,201,'M',1),(5549,16,19,201,'W',3),(5550,16,19,201,'W',1),(5551,16,19,201,'M',3),(5552,16,19,201,'M',2),(5553,16,19,201,'W',3),(5554,16,19,201,'W',1),(5555,16,19,201,'M',1),(5556,16,19,201,'W',3),(5557,16,19,201,'M',3),(5558,16,19,201,'M',1),(5559,16,19,201,'M',2),(5560,16,19,201,'W',3),(5561,16,19,201,'W',2),(5562,16,19,201,'M',3),(5563,16,19,201,'M',2),(5564,16,19,201,'W',3),(5565,16,19,201,'W',1),(5566,16,19,201,'W',2),(5567,16,19,201,'M',1),(5568,16,19,201,'M',2),(5569,16,19,201,'M',3),(5570,16,19,201,'M',2),(5571,16,19,201,'W',3),(5572,16,19,201,'W',1),(5573,16,19,201,'M',3),(5574,16,19,201,'W',1),(5575,16,19,201,'M',3),(5576,16,19,201,'M',1),(5577,16,19,201,'W',3),(5578,16,19,201,'M',3),(5579,16,19,201,'M',2),(5580,16,19,201,'W',3),(5581,16,19,201,'W',1),(5582,16,19,201,'W',2),(5583,16,19,201,'M',3),(5584,16,19,201,'M',1),(5585,16,19,201,'M',2),(5586,16,19,201,'W',3),(5587,16,19,201,'W',1),(5588,16,19,201,'W',2),(5589,16,19,201,'M',1),(5590,16,19,201,'W',1),(5591,16,19,201,'W',2),(5592,16,19,201,'M',1),(5593,16,19,201,'M',2),(5594,16,19,201,'W',1),(5595,16,19,201,'W',2),(5596,16,19,201,'M',1),(5597,16,19,201,'W',1),(5598,16,19,201,'M',1),(5599,16,19,201,'W',1),(5600,16,19,201,'M',1),(5601,16,19,201,'W',1),(5602,16,19,201,'W',2),(5603,16,27,201,'M',1),(5604,16,27,201,'M',2),(5605,16,27,201,'M',2),(5606,16,30,201,'X',1),(5607,16,30,201,'X',1),(5608,16,1,223,'M',3),(5609,16,1,223,'M',1),(5610,16,1,223,'W',3),(5611,16,1,223,'W',3),(5612,16,1,223,'M',2),(5613,16,1,223,'M',3),(5614,16,1,223,'W',3),(5615,16,1,223,'W',2),(5616,16,1,223,'M',1),(5617,16,1,223,'W',3),(5618,16,1,223,'M',3),(5619,16,1,223,'W',3),(5620,16,1,223,'M',1),(5621,16,2,223,'M',1),(5622,16,2,223,'M',3),(5623,16,5,223,'M',3),(5624,16,6,223,'M',2),(5625,16,6,223,'M',1),(5626,16,6,223,'M',3),(5627,16,6,223,'M',1),(5628,16,6,223,'M',2),(5629,16,6,223,'M',1),(5630,16,7,223,'M',3),(5631,16,7,223,'M',3),(5632,16,7,223,'M',2),(5633,16,7,223,'W',1),(5634,16,7,223,'M',1),(5635,16,7,223,'W',3),(5636,16,9,223,'X',1),(5637,16,9,223,'X',2),(5638,16,9,223,'X',2),(5639,16,10,223,'M',2),(5640,16,10,223,'M',2),(5641,16,10,223,'W',1),(5642,16,10,223,'M',2),(5643,16,10,223,'W',1),(5644,16,10,223,'M',2),(5645,16,10,223,'M',1),(5646,16,13,223,'W',3),(5647,16,13,223,'W',1),(5648,16,13,223,'W',3),(5649,16,13,223,'W',1),(5650,16,13,223,'M',1),(5651,16,13,223,'M',2),(5652,16,13,223,'W',3),(5653,16,13,223,'W',2),(5654,16,13,223,'M',3),(5655,16,13,223,'M',2),(5656,16,13,223,'M',3),(5657,16,13,223,'M',2),(5658,16,13,223,'M',2),(5659,16,13,223,'W',1),(5660,16,13,223,'W',3),(5661,16,13,223,'M',3),(5662,16,13,223,'M',1),(5663,16,13,223,'W',3),(5664,16,14,223,'M',1),(5665,16,14,223,'M',2),(5666,16,14,223,'M',1),(5667,16,14,223,'M',1),(5668,16,14,223,'M',2),(5669,16,14,223,'M',2),(5670,16,18,223,'M',1),(5671,16,18,223,'M',1),(5672,16,18,223,'M',2),(5673,16,18,223,'M',2),(5674,16,18,223,'M',2),(5675,16,18,223,'M',3),(5676,16,18,223,'M',1),(5677,16,18,223,'M',2),(5678,16,18,223,'M',2),(5679,16,19,223,'W',2),(5680,16,19,223,'W',2),(5681,16,19,223,'M',3),(5682,16,19,223,'M',2),(5683,16,19,223,'W',2),(5684,16,19,223,'M',2),(5685,16,19,223,'W',3),(5686,16,19,223,'M',2),(5687,16,19,223,'M',3),(5688,16,19,223,'M',3),(5689,16,19,223,'M',2),(5690,16,20,223,'M',3),(5691,16,20,223,'M',2),(5692,16,27,223,'M',3),(5693,16,27,223,'M',2),(5694,16,27,223,'M',1),(5695,16,27,223,'M',3),(5696,16,27,223,'M',1),(5697,16,30,223,'M',1),(5698,16,29,223,'M',1),(5699,16,29,223,'W',1),(5700,16,6,198,'M',3),(5701,16,6,198,'M',2),(5702,16,18,195,'M',1),(5703,16,18,195,'M',1),(5704,16,1,194,'M',3),(5705,16,1,194,'M',1),(5706,16,1,192,'W',3),(5707,16,1,220,'M',3),(5708,16,1,220,'W',1),(5709,16,13,220,'W',2),(5710,16,13,220,'W',1),(5711,16,13,220,'W',1),(5712,16,13,220,'W',2),(5713,16,13,220,'W',1),(5714,16,13,220,'W',1),(5715,16,18,220,'M',3),(5716,16,18,220,'M',3),(5717,16,19,220,'W',1),(5718,16,27,220,'M',1),(5719,16,29,220,'M',3),(5720,16,8,182,'M',3),(5721,16,8,182,'M',2),(5722,16,20,182,'M',1),(5723,16,30,182,'X',1),(5724,16,2,179,'M',3),(5725,16,8,179,'M',3),(5726,16,9,179,'X',3),(5727,16,9,179,'X',3),(5728,16,27,179,'M',3),(5729,16,30,179,'X',2),(5730,16,1,160,'W',2),(5731,16,1,160,'W',1),(5732,16,1,160,'W',2),(5733,16,1,160,'W',1),(5734,16,6,160,'M',3),(5735,16,6,160,'M',2),(5736,16,7,160,'M',1),(5737,16,7,160,'W',3),(5738,16,7,160,'M',2),(5739,16,10,160,'M',1),(5740,16,10,160,'W',3),(5741,16,18,160,'M',2),(5742,16,18,160,'M',3),(5743,16,18,160,'M',3),(5744,16,27,160,'M',2),(5745,16,1,154,'W',3),(5746,16,1,154,'W',1),(5747,16,6,154,'M',3),(5748,16,6,154,'M',2),(5749,16,6,154,'M',2),(5750,16,6,154,'M',1),(5751,16,6,154,'M',3),(5752,16,8,154,'M',3),(5753,16,10,154,'M',3),(5754,16,10,154,'M',3),(5755,16,10,154,'M',1),(5756,16,14,154,'M',3),(5757,16,14,154,'M',3),(5758,16,14,154,'M',1),(5759,16,14,154,'M',3),(5760,16,14,154,'M',3),(5761,16,27,154,'M',1),(5762,16,29,154,'W',3),(5763,16,16,146,'M',1),(5764,16,1,143,'M',3),(5765,16,2,143,'M',1),(5766,16,27,143,'M',3),(5767,16,7,141,'M',1),(5768,16,30,141,'X',2),(5769,16,1,137,'W',3),(5770,16,2,137,'M',2),(5771,16,2,137,'M',2),(5772,16,2,137,'M',1),(5773,16,8,137,'M',1),(5774,16,8,137,'M',2),(5775,16,19,137,'W',1),(5776,16,18,124,'M',3),(5777,16,18,124,'M',3),(5778,16,18,124,'M',3),(5779,16,18,124,'M',2),(5780,16,1,123,'M',2),(5781,16,6,123,'M',3),(5782,16,6,123,'M',1),(5783,16,6,123,'M',1),(5784,16,6,123,'M',3),(5785,16,10,123,'W',2),(5786,16,19,123,'M',2),(5787,16,19,123,'M',1),(5788,16,19,123,'W',3),(5789,16,6,104,'M',2),(5790,16,6,104,'M',3),(5791,16,1,100,'M',1),(5792,16,1,100,'M',1),(5793,16,1,100,'M',1),(5794,16,1,100,'M',2),(5795,16,1,100,'M',2),(5796,16,1,100,'M',3),(5797,16,1,100,'M',2),(5798,16,1,100,'M',2),(5799,16,6,100,'M',3),(5800,16,1,98,'M',2),(5801,16,6,98,'M',3),(5802,16,11,98,'M',3),(5803,16,13,98,'M',3),(5804,16,13,98,'M',1),(5805,16,13,98,'M',2),(5806,16,13,98,'M',3),(5807,16,13,98,'M',1),(5808,16,13,98,'M',3),(5809,16,13,98,'M',1),(5810,16,13,98,'M',1),(5811,16,13,98,'M',3),(5812,16,13,98,'M',1),(5813,16,13,98,'M',1),(5814,16,13,98,'M',2),(5815,16,14,98,'M',3),(5816,16,14,98,'M',1),(5817,16,14,98,'M',2),(5818,16,18,98,'M',1),(5819,16,18,98,'M',1),(5820,16,18,98,'M',1),(5821,16,18,98,'M',2),(5822,16,18,98,'M',1),(5823,16,29,98,'M',2),(5824,16,29,98,'W',2),(5825,16,1,96,'M',2),(5826,16,1,94,'M',3),(5827,16,1,94,'M',3),(5828,16,2,94,'M',3),(5829,16,2,94,'M',1),(5830,16,6,94,'M',3),(5831,16,8,94,'M',1),(5832,16,8,94,'M',3),(5833,16,8,94,'M',2),(5834,16,8,94,'M',3),(5835,16,10,94,'M',3),(5836,16,10,94,'M',2),(5837,16,19,94,'M',1),(5838,16,19,94,'M',2),(5839,16,27,94,'M',2),(5840,16,30,94,'M',3),(5841,16,30,94,'X',3),(5842,16,14,88,'M',1),(5843,16,14,88,'M',2),(5844,16,18,88,'M',3),(5845,16,18,88,'M',3),(5846,16,18,88,'M',1),(5847,16,16,87,'M',3),(5848,16,1,85,'M',2),(5849,16,1,85,'W',3),(5850,16,1,85,'M',3),(5851,16,1,85,'M',1),(5852,16,1,85,'M',3),(5853,16,1,85,'W',1),(5854,16,1,85,'W',3),(5855,16,2,85,'M',2),(5856,16,7,85,'M',1),(5857,16,7,85,'M',2),(5858,16,7,85,'M',1),(5859,16,7,85,'M',2),(5860,16,7,85,'W',2),(5861,16,7,85,'M',3),(5862,16,10,85,'M',1),(5863,16,10,85,'M',1),(5864,16,10,85,'M',2),(5865,16,10,85,'W',3),(5866,16,10,85,'W',2),(5867,16,10,85,'M',3),(5868,16,10,85,'M',3),(5869,16,11,85,'M',1),(5870,16,14,85,'M',2),(5871,16,14,85,'M',3),(5872,16,18,85,'M',3),(5873,16,18,85,'M',1),(5874,16,18,85,'M',1),(5875,16,18,85,'M',3),(5876,16,19,85,'M',3),(5877,16,20,85,'M',2),(5878,16,20,85,'M',1),(5879,16,27,85,'M',2),(5880,16,18,76,'M',3),(5881,16,1,217,'M',1),(5882,16,1,217,'M',2),(5883,16,1,217,'M',2),(5884,16,1,217,'M',3),(5885,16,1,217,'W',1),(5886,16,1,217,'W',2),(5887,16,2,217,'M',1),(5888,16,2,217,'M',1),(5889,16,2,217,'M',2),(5890,16,6,217,'M',1),(5891,16,13,217,'M',3),(5892,16,13,217,'W',3),(5893,16,13,217,'W',2),(5894,16,13,217,'W',2),(5895,16,18,217,'M',1),(5896,16,18,217,'M',1),(5897,16,19,217,'M',1),(5898,16,19,217,'M',1),(5899,16,19,217,'W',2),(5900,16,19,217,'W',3),(5901,16,19,217,'W',2),(5902,16,19,217,'M',2),(5903,16,27,217,'M',3),(5904,16,27,217,'M',3),(5905,16,30,217,'X',3),(5906,16,1,70,'W',2),(5907,16,1,70,'M',3),(5908,16,1,70,'M',1),(5909,16,1,70,'W',2),(5910,16,6,70,'M',1),(5911,16,9,70,'X',2),(5912,16,9,70,'X',1),(5913,16,9,70,'X',3),(5914,16,9,70,'X',2),(5915,16,19,70,'M',2),(5916,16,27,70,'M',1),(5917,16,30,70,'X',3),(5918,16,30,70,'X',1),(5919,16,1,216,'M',3),(5920,16,1,216,'M',2),(5921,16,1,216,'M',3),(5922,16,1,216,'M',3),(5923,16,1,216,'M',2),(5924,16,1,216,'W',2),(5925,16,1,216,'W',1),(5926,16,1,216,'M',2),(5927,16,2,216,'M',1),(5928,16,2,216,'M',2),(5929,16,6,216,'M',3),(5930,16,7,216,'M',2),(5931,16,7,216,'W',2),(5932,16,7,216,'W',1),(5933,16,8,216,'M',2),(5934,16,9,216,'X',3),(5935,16,9,216,'X',2),(5936,16,9,216,'X',1),(5937,16,9,216,'X',1),(5938,16,9,216,'X',3),(5939,16,18,216,'M',3),(5940,16,19,216,'M',3),(5941,16,19,216,'W',3),(5942,16,27,216,'M',2),(5943,16,27,216,'M',1),(5944,16,27,216,'M',3),(5945,16,30,216,'X',2),(5946,16,1,66,'W',1),(5947,16,1,66,'M',3),(5948,16,8,66,'M',1),(5949,16,8,66,'M',1),(5950,16,8,66,'M',1),(5951,16,8,66,'M',3),(5952,16,8,66,'M',1),(5953,16,9,66,'X',1),(5954,16,9,66,'X',2),(5955,16,10,66,'M',3),(5956,16,10,66,'M',1),(5957,16,18,66,'M',2),(5958,16,18,66,'M',2),(5959,16,19,66,'M',3),(5960,16,20,66,'M',3),(5961,16,1,65,'M',2),(5962,16,6,65,'M',3),(5963,16,13,65,'M',2),(5964,16,14,65,'M',1),(5965,16,1,63,'M',2),(5966,16,1,63,'M',1),(5967,16,2,53,'M',3),(5968,16,2,53,'M',3),(5969,16,7,53,'M',3),(5970,16,8,53,'M',2),(5971,16,8,53,'M',2),(5972,16,8,53,'M',2),(5973,16,8,53,'M',1),(5974,16,30,53,'X',2),(5975,16,1,50,'M',2),(5976,16,1,50,'W',2),(5977,16,6,50,'M',2),(5978,16,6,50,'M',2),(5979,16,6,41,'M',2),(5980,16,9,34,'X',1),(5981,16,19,34,'W',2),(5982,16,19,34,'W',2),(5983,16,19,34,'M',2),(5984,16,19,34,'W',3),(5985,16,6,30,'M',3),(5986,16,6,30,'M',3),(5987,16,11,30,'M',2),(5988,16,18,30,'M',2),(5989,16,18,30,'M',2),(5990,16,18,30,'M',2),(5991,16,18,30,'M',3),(5992,16,18,30,'M',1),(5993,16,18,30,'M',1),(5994,16,1,27,'M',2),(5995,16,6,27,'M',3),(5996,16,30,27,'X',3),(5997,16,8,18,'M',3),(5998,16,14,18,'M',2),(5999,16,1,12,'W',3),(6000,16,1,12,'W',2),(6001,16,7,12,'M',3),(6002,16,30,12,'M',2),(6003,16,1,11,'M',2),(6004,16,1,11,'W',3),(6005,16,1,11,'W',2),(6006,16,1,11,'M',1),(6007,16,1,11,'W',1),(6008,16,1,11,'W',2),(6009,16,2,11,'M',2),(6010,16,9,11,'X',3),(6011,16,16,11,'M',2),(6012,16,19,11,'W',1),(6013,16,19,11,'M',1),(6014,16,19,11,'M',3),(6015,16,19,11,'M',1),(6016,16,19,11,'W',3),(6017,16,19,11,'M',3),(6018,16,19,11,'W',2),(6019,16,19,11,'M',2),(6020,16,2,7,'M',3),(6021,16,6,7,'M',3),(6022,17,6,224,'M',3),(6023,17,6,224,'M',1),(6024,17,15,224,'M',1),(6025,17,18,224,'M',3),(6026,17,18,224,'M',2),(6027,17,1,201,'M',2),(6028,17,1,201,'M',3),(6029,17,1,201,'M',1),(6030,17,1,201,'M',2),(6031,17,1,201,'M',1),(6032,17,1,201,'M',2),(6033,17,1,201,'W',3),(6034,17,1,201,'M',2),(6035,17,1,201,'M',1),(6036,17,1,201,'W',2),(6037,17,1,201,'M',3),(6038,17,1,201,'M',1),(6039,17,1,201,'M',2),(6040,17,1,201,'M',3),(6041,17,1,201,'M',3),(6042,17,1,201,'W',3),(6043,17,1,201,'M',3),(6044,17,1,201,'M',1),(6045,17,1,201,'M',1),(6046,17,1,201,'M',3),(6047,17,1,201,'M',2),(6048,17,1,201,'M',2),(6049,17,2,201,'M',2),(6050,17,5,201,'M',2),(6051,17,6,201,'M',3),(6052,17,6,201,'M',1),(6053,17,6,201,'M',3),(6054,17,6,201,'M',3),(6055,17,7,201,'M',3),(6056,17,9,201,'X',2),(6057,17,9,201,'X',3),(6058,17,9,201,'X',2),(6059,17,18,201,'M',3),(6060,17,18,201,'M',2),(6061,17,18,201,'M',1),(6062,17,18,201,'M',1),(6063,17,18,201,'M',2),(6064,17,18,201,'M',1),(6065,17,19,201,'M',2),(6066,17,19,201,'M',3),(6067,17,19,201,'W',1),(6068,17,19,201,'M',3),(6069,17,19,201,'M',2),(6070,17,19,201,'W',3),(6071,17,19,201,'W',1),(6072,17,19,201,'M',3),(6073,17,19,201,'M',2),(6074,17,19,201,'W',1),(6075,17,19,201,'M',3),(6076,17,19,201,'M',1),(6077,17,19,201,'M',1),(6078,17,19,201,'M',2),(6079,17,19,201,'W',1),(6080,17,19,201,'W',2),(6081,17,19,201,'M',3),(6082,17,19,201,'M',1),(6083,17,19,201,'M',3),(6084,17,19,201,'M',2),(6085,17,19,201,'W',1),(6086,17,19,201,'W',2),(6087,17,19,201,'M',1),(6088,17,19,201,'W',2),(6089,17,19,201,'M',3),(6090,17,19,201,'M',1),(6091,17,19,201,'M',2),(6092,17,19,201,'W',3),(6093,17,19,201,'W',1),(6094,17,19,201,'W',2),(6095,17,19,201,'M',1),(6096,17,19,201,'M',2),(6097,17,19,201,'W',3),(6098,17,19,201,'W',2),(6099,17,19,201,'M',3),(6100,17,19,201,'M',2),(6101,17,19,201,'W',3),(6102,17,19,201,'M',3),(6103,17,19,201,'M',2),(6104,17,19,201,'M',2),(6105,17,19,201,'M',1),(6106,17,19,201,'W',1),(6107,17,19,201,'M',1),(6108,17,19,201,'W',1),(6109,17,19,201,'M',1),(6110,17,19,201,'W',1),(6111,17,19,201,'M',3),(6112,17,26,201,'M',1),(6113,17,26,201,'W',1),(6114,17,27,201,'X',1),(6115,17,27,201,'X',1),(6116,17,27,201,'X',2),(6117,17,27,201,'X',2),(6118,17,30,201,'X',3),(6119,17,30,201,'X',1),(6120,17,30,201,'X',3),(6121,17,1,223,'M',1),(6122,17,1,223,'W',1),(6123,17,1,223,'M',1),(6124,17,1,223,'M',2),(6125,17,1,223,'M',2),(6126,17,1,223,'M',2),(6127,17,1,223,'M',2),(6128,17,1,223,'W',2),(6129,17,1,223,'M',1),(6130,17,1,223,'M',2),(6131,17,1,223,'W',1),(6132,17,1,223,'M',3),(6133,17,1,223,'M',1),(6134,17,1,223,'M',1),(6135,17,1,223,'M',2),(6136,17,1,223,'W',1),(6137,17,1,223,'M',1),(6138,17,2,223,'M',1),(6139,17,2,223,'M',1),(6140,17,5,223,'M',1),(6141,17,6,223,'M',1),(6142,17,6,223,'M',1),(6143,17,7,223,'M',1),(6144,17,7,223,'M',1),(6145,17,7,223,'W',1),(6146,17,7,223,'M',1),(6147,17,7,223,'W',1),(6148,17,7,223,'M',1),(6149,17,8,223,'M',1),(6150,17,8,223,'M',1),(6151,17,8,223,'M',3),(6152,17,9,223,'X',2),(6153,17,9,223,'X',1),(6154,17,9,223,'X',1),(6155,17,10,223,'M',3),(6156,17,10,223,'W',3),(6157,17,10,223,'M',2),(6158,17,10,223,'W',1),(6159,17,10,223,'M',3),(6160,17,10,223,'M',1),(6161,17,10,223,'M',2),(6162,17,11,223,'M',3),(6163,17,13,223,'W',1),(6164,17,13,223,'W',2),(6165,17,13,223,'M',1),(6166,17,13,223,'W',3),(6167,17,13,223,'W',1),(6168,17,13,223,'W',2),(6169,17,13,223,'W',3),(6170,17,13,223,'W',1),(6171,17,13,223,'M',1),(6172,17,13,223,'M',2),(6173,17,13,223,'M',2),(6174,17,13,223,'W',1),(6175,17,13,223,'W',2),(6176,17,13,223,'M',3),(6177,17,13,223,'M',2),(6178,17,13,223,'W',3),(6179,17,14,223,'M',1),(6180,17,14,223,'M',3),(6181,17,14,223,'M',2),(6182,17,14,223,'M',1),(6183,17,14,223,'M',1),(6184,17,17,223,'M',3),(6185,17,17,223,'M',3),(6186,17,17,223,'M',1),(6187,17,17,223,'M',2),(6188,17,18,223,'M',1),(6189,17,18,223,'M',1),(6190,17,18,223,'M',2),(6191,17,18,223,'M',1),(6192,17,18,223,'M',3),(6193,17,18,223,'M',1),(6194,17,18,223,'M',2),(6195,17,18,223,'M',1),(6196,17,18,223,'M',1),(6197,17,18,223,'M',1),(6198,17,18,223,'M',1),(6199,17,18,223,'M',2),(6200,17,18,223,'M',1),(6201,17,18,223,'M',2),(6202,17,19,223,'M',1),(6203,17,19,223,'W',2),(6204,17,19,223,'M',3),(6205,17,19,223,'W',3),(6206,17,19,223,'M',2),(6207,17,19,223,'M',3),(6208,17,19,223,'M',1),(6209,17,20,223,'M',3),(6210,17,20,223,'M',2),(6211,17,20,223,'M',1),(6212,17,26,223,'W',3),(6213,17,27,223,'X',3),(6214,17,27,223,'X',2),(6215,17,27,223,'X',1),(6216,17,27,223,'X',2),(6217,17,30,223,'M',3),(6218,17,30,223,'X',1),(6219,17,29,223,'M',3),(6220,17,29,223,'W',1),(6221,17,1,198,'M',1),(6222,17,6,198,'M',2),(6223,17,18,195,'M',2),(6224,17,1,194,'M',2),(6225,17,1,220,'M',1),(6226,17,1,220,'W',3),(6227,17,2,220,'M',3),(6228,17,2,220,'M',2),(6229,17,15,220,'M',2),(6230,17,18,220,'M',1),(6231,17,19,220,'W',2),(6232,17,27,220,'X',2),(6233,17,1,182,'M',3),(6234,17,6,182,'M',3),(6235,17,7,182,'M',2),(6236,17,9,182,'X',3),(6237,17,9,182,'X',3),(6238,17,14,182,'M',3),(6239,17,18,182,'M',2),(6240,17,18,182,'M',3),(6241,17,19,182,'W',1),(6242,17,19,182,'W',2),(6243,17,19,182,'M',1),(6244,17,19,182,'M',1),(6245,17,26,182,'M',2),(6246,17,27,182,'X',1),(6247,17,30,182,'X',2),(6248,17,30,182,'X',2),(6249,17,2,179,'M',2),(6250,17,8,179,'M',2),(6251,17,10,179,'M',2),(6252,17,1,160,'W',2),(6253,17,1,160,'W',2),(6254,17,2,160,'M',3),(6255,17,6,160,'M',2),(6256,17,7,160,'M',1),(6257,17,7,160,'M',2),(6258,17,7,160,'W',3),(6259,17,7,160,'M',2),(6260,17,10,160,'W',3),(6261,17,15,160,'M',3),(6262,17,18,160,'M',3),(6263,17,18,160,'M',1),(6264,17,18,160,'M',3),(6265,17,18,160,'M',1),(6266,17,27,160,'X',2),(6267,17,27,160,'X',3),(6268,17,6,156,'M',2),(6269,17,17,156,'M',3),(6270,17,18,156,'M',3),(6271,17,27,156,'X',1),(6272,17,29,156,'W',3),(6273,17,1,154,'W',3),(6274,17,1,154,'M',3),(6275,17,1,154,'M',1),(6276,17,6,154,'M',3),(6277,17,6,154,'M',1),(6278,17,6,154,'M',2),(6279,17,6,154,'M',3),(6280,17,7,154,'M',3),(6281,17,8,154,'M',2),(6282,17,8,154,'M',3),(6283,17,10,154,'M',1),(6284,17,10,154,'M',1),(6285,17,11,154,'M',1),(6286,17,14,154,'M',1),(6287,17,14,154,'M',3),(6288,17,14,154,'M',2),(6289,17,17,154,'M',2),(6290,17,18,154,'M',3),(6291,17,18,154,'M',3),(6292,17,26,154,'W',2),(6293,17,27,154,'X',1),(6294,17,16,146,'M',2),(6295,17,1,143,'M',3),(6296,17,2,143,'M',1),(6297,17,2,143,'M',2),(6298,17,2,141,'M',2),(6299,17,7,141,'M',3),(6300,17,8,141,'M',1),(6301,17,14,141,'M',1),(6302,17,6,140,'M',3),(6303,17,6,139,'M',3),(6304,17,2,137,'M',3),(6305,17,7,137,'W',2),(6306,17,8,137,'M',1),(6307,17,17,137,'M',1),(6308,17,17,137,'M',1),(6309,17,18,124,'M',2),(6310,17,6,123,'M',2),(6311,17,14,110,'M',2),(6312,17,17,104,'M',2),(6313,17,1,100,'M',2),(6314,17,1,100,'M',1),(6315,17,1,100,'M',2),(6316,17,1,100,'M',3),(6317,17,1,100,'M',1),(6318,17,1,100,'M',3),(6319,17,6,100,'M',2),(6320,17,6,100,'M',3),(6321,17,6,100,'M',3),(6322,17,13,98,'M',3),(6323,17,13,98,'M',2),(6324,17,13,98,'M',3),(6325,17,13,98,'M',1),(6326,17,13,98,'M',2),(6327,17,13,98,'M',3),(6328,17,13,98,'M',1),(6329,17,13,98,'M',2),(6330,17,13,98,'M',3),(6331,17,13,98,'M',1),(6332,17,13,98,'M',2),(6333,17,13,98,'M',3),(6334,17,13,98,'M',2),(6335,17,13,98,'M',3),(6336,17,13,98,'M',1),(6337,17,13,98,'M',1),(6338,17,17,98,'M',1),(6339,17,17,98,'M',3),(6340,17,17,98,'M',1),(6341,17,17,98,'M',1),(6342,17,18,98,'M',1),(6343,17,18,98,'M',1),(6344,17,18,98,'M',2),(6345,17,18,98,'M',2),(6346,17,19,98,'M',1),(6347,17,19,98,'W',1),(6348,17,19,98,'M',3),(6349,17,29,98,'M',1),(6350,17,29,98,'W',2),(6351,17,1,96,'M',3),(6352,17,1,94,'W',3),(6353,17,1,94,'M',3),(6354,17,9,94,'X',2),(6355,17,9,94,'X',1),(6356,17,9,94,'X',3),(6357,17,10,94,'W',1),(6358,17,10,94,'M',1),(6359,17,14,94,'M',3),(6360,17,18,94,'M',3),(6361,17,18,94,'M',3),(6362,17,19,94,'M',3),(6363,17,19,94,'M',1),(6364,17,19,94,'M',2),(6365,17,19,94,'W',2),(6366,17,19,94,'W',3),(6367,17,19,94,'W',3),(6368,17,27,94,'X',3),(6369,17,27,94,'X',1),(6370,17,14,88,'M',2),(6371,17,18,88,'M',3),(6372,17,18,88,'M',2),(6373,17,16,87,'M',3),(6374,17,6,85,'M',1),(6375,17,6,85,'M',3),(6376,17,6,85,'M',2),(6377,17,6,85,'M',2),(6378,17,7,85,'M',2),(6379,17,7,85,'M',3),(6380,17,7,85,'W',3),(6381,17,7,85,'M',2),(6382,17,10,85,'M',3),(6383,17,10,85,'M',1),(6384,17,10,85,'M',1),(6385,17,10,85,'M',2),(6386,17,10,85,'W',2),(6387,17,10,85,'W',2),(6388,17,10,85,'M',2),(6389,17,10,85,'M',3),(6390,17,11,85,'M',2),(6391,17,13,85,'W',3),(6392,17,14,85,'M',3),(6393,17,14,85,'M',2),(6394,17,14,85,'M',1),(6395,17,14,85,'M',3),(6396,17,14,85,'M',3),(6397,17,18,85,'M',3),(6398,17,18,85,'M',3),(6399,17,18,85,'M',3),(6400,17,18,85,'M',1),(6401,17,18,85,'M',3),(6402,17,19,85,'W',2),(6403,17,19,85,'W',3),(6404,17,19,85,'M',3),(6405,17,19,85,'M',2),(6406,17,20,85,'M',1),(6407,17,20,85,'M',2),(6408,17,27,85,'X',3),(6409,17,18,76,'M',2),(6410,17,30,76,'M',2),(6411,17,6,75,'M',3),(6412,17,1,217,'W',1),(6413,17,1,217,'W',3),(6414,17,1,217,'W',1),(6415,17,1,217,'W',2),(6416,17,1,217,'W',1),(6417,17,1,217,'M',3),(6418,17,1,217,'M',1),(6419,17,1,217,'W',1),(6420,17,1,217,'W',2),(6421,17,1,217,'W',1),(6422,17,1,217,'W',3),(6423,17,1,217,'M',2),(6424,17,1,217,'M',2),(6425,17,1,217,'W',1),(6426,17,1,217,'W',2),(6427,17,1,217,'W',3),(6428,17,1,217,'M',1),(6429,17,1,217,'M',3),(6430,17,1,217,'W',2),(6431,17,1,217,'M',2),(6432,17,2,217,'M',1),(6433,17,2,217,'M',3),(6434,17,2,217,'M',3),(6435,17,2,217,'M',1),(6436,17,2,217,'M',2),(6437,17,2,217,'M',1),(6438,17,2,217,'M',3),(6439,17,6,217,'M',3),(6440,17,7,217,'W',2),(6441,17,7,217,'M',1),(6442,17,7,217,'M',1),(6443,17,7,217,'M',3),(6444,17,7,217,'M',1),(6445,17,7,217,'W',1),(6446,17,8,217,'M',3),(6447,17,8,217,'M',2),(6448,17,8,217,'M',2),(6449,17,11,217,'M',3),(6450,17,13,217,'W',3),(6451,17,13,217,'W',2),(6452,17,13,217,'M',3),(6453,17,13,217,'W',2),(6454,17,13,217,'W',1),(6455,17,13,217,'W',2),(6456,17,13,217,'M',1),(6457,17,13,217,'W',1),(6458,17,13,217,'W',2),(6459,17,14,217,'M',3),(6460,17,14,217,'M',3),(6461,17,17,217,'M',3),(6462,17,18,217,'M',2),(6463,17,19,217,'W',3),(6464,17,19,217,'W',3),(6465,17,19,217,'M',1),(6466,17,19,217,'W',2),(6467,17,19,217,'M',1),(6468,17,19,217,'W',2),(6469,17,19,217,'W',3),(6470,17,19,217,'M',3),(6471,17,19,217,'W',2),(6472,17,19,217,'M',2),(6473,17,19,217,'W',2),(6474,17,27,217,'X',3),(6475,17,27,217,'X',3),(6476,17,30,217,'X',2),(6477,17,29,217,'M',2),(6478,17,1,70,'M',3),(6479,17,1,70,'M',2),(6480,17,1,70,'M',3),(6481,17,1,70,'W',1),(6482,17,6,70,'M',3),(6483,17,6,70,'M',3),(6484,17,6,70,'M',3),(6485,17,8,70,'M',3),(6486,17,9,70,'X',1),(6487,17,9,70,'X',1),(6488,17,9,70,'X',1),(6489,17,9,70,'X',2),(6490,17,17,70,'M',3),(6491,17,17,70,'M',2),(6492,17,17,70,'M',3),(6493,17,19,70,'M',2),(6494,17,27,70,'X',3),(6495,17,30,70,'X',1),(6496,17,30,70,'X',2),(6497,17,1,216,'W',2),(6498,17,1,216,'M',3),(6499,17,1,216,'W',1),(6500,17,1,216,'W',3),(6501,17,1,216,'M',1),(6502,17,1,216,'W',1),(6503,17,1,216,'W',1),(6504,17,1,216,'M',1),(6505,17,1,216,'M',2),(6506,17,1,216,'W',1),(6507,17,1,216,'W',2),(6508,17,2,216,'M',3),(6509,17,2,216,'M',1),(6510,17,6,216,'M',3),(6511,17,6,216,'M',1),(6512,17,7,216,'M',3),(6513,17,7,216,'M',2),(6514,17,7,216,'M',2),(6515,17,7,216,'W',3),(6516,17,7,216,'W',2),(6517,17,8,216,'M',3),(6518,17,8,216,'M',1),(6519,17,9,216,'X',3),(6520,17,9,216,'X',1),(6521,17,9,216,'X',2),(6522,17,9,216,'X',2),(6523,17,9,216,'X',3),(6524,17,9,216,'X',1),(6525,17,14,216,'M',2),(6526,17,16,216,'M',1),(6527,17,17,216,'M',2),(6528,17,17,216,'M',3),(6529,17,18,216,'M',3),(6530,17,18,216,'M',2),(6531,17,19,216,'M',3),(6532,17,19,216,'W',3),(6533,17,19,216,'W',3),(6534,17,19,216,'M',2),(6535,17,27,216,'X',1),(6536,17,30,216,'X',3),(6537,17,30,216,'X',3),(6538,17,1,66,'M',2),(6539,17,1,66,'M',3),(6540,17,7,66,'M',3),(6541,17,8,66,'M',1),(6542,17,10,66,'M',2),(6543,17,10,66,'M',3),(6544,17,10,66,'M',3),(6545,17,17,66,'M',3),(6546,17,17,66,'M',3),(6547,17,17,66,'M',3),(6548,17,27,66,'X',2),(6549,17,30,66,'X',2),(6550,17,30,66,'M',1),(6551,17,1,65,'M',1),(6552,17,1,65,'M',1),(6553,17,1,65,'M',3),(6554,17,1,65,'M',1),(6555,17,6,65,'M',2),(6556,17,18,65,'M',3),(6557,17,20,65,'M',3),(6558,17,26,65,'M',3),(6559,17,1,63,'M',3),(6560,17,1,63,'M',3),(6561,17,6,61,'M',3),(6562,17,8,53,'M',1),(6563,17,1,50,'W',3),(6564,17,1,50,'W',3),(6565,17,5,50,'M',3),(6566,17,6,50,'M',1),(6567,17,6,50,'M',3),(6568,17,6,50,'M',1),(6569,17,6,50,'M',1),(6570,17,6,50,'M',2),(6571,17,6,44,'M',3),(6572,17,6,44,'M',3),(6573,17,27,44,'X',2),(6574,17,19,34,'M',2),(6575,17,19,34,'W',3),(6576,17,19,34,'W',2),(6577,17,19,34,'M',3),(6578,17,30,34,'X',3),(6579,17,1,30,'W',3),(6580,17,1,30,'W',2),(6581,17,1,30,'W',2),(6582,17,1,30,'W',3),(6583,17,6,30,'M',1),(6584,17,6,30,'M',2),(6585,17,7,30,'M',3),(6586,17,14,30,'M',1),(6587,17,14,30,'M',2),(6588,17,14,30,'M',1),(6589,17,14,30,'M',1),(6590,17,14,30,'M',2),(6591,17,14,30,'M',2),(6592,17,18,30,'M',2),(6593,17,18,30,'M',2),(6594,17,18,30,'M',3),(6595,17,18,30,'M',3),(6596,17,18,30,'M',2),(6597,17,18,30,'M',1),(6598,17,18,30,'M',1),(6599,17,18,30,'M',2),(6600,17,1,27,'M',3),(6601,17,17,27,'M',3),(6602,17,1,18,'M',2),(6603,17,1,18,'M',2),(6604,17,1,12,'W',3),(6605,17,7,12,'M',2),(6606,17,27,12,'X',3),(6607,17,1,11,'W',2),(6608,17,1,11,'W',2),(6609,17,8,11,'M',2),(6610,17,8,11,'M',2),(6611,17,8,11,'M',2),(6612,17,19,11,'W',3),(6613,17,19,11,'W',3),(6614,17,19,11,'M',2),(6615,17,19,11,'W',1),(6616,17,19,11,'W',1),(6617,17,19,11,'W',1),(6618,17,19,11,'M',1),(6619,17,19,11,'W',1),(6620,17,19,11,'W',1),(6621,17,19,11,'W',2),(6622,17,30,11,'X',1),(6623,17,30,11,'X',1),(6624,17,2,7,'M',2),(6625,18,5,224,'M',2),(6626,18,6,224,'M',3),(6627,18,6,224,'M',2),(6628,18,7,224,'M',1),(6629,18,7,224,'M',3),(6630,18,17,224,'M',3),(6631,18,18,224,'M',2),(6632,18,18,224,'M',1),(6633,18,6,204,'M',2),(6634,18,1,201,'M',3),(6635,18,1,201,'M',3),(6636,18,1,201,'M',2),(6637,18,1,201,'M',3),(6638,18,1,201,'M',2),(6639,18,1,201,'M',1),(6640,18,1,201,'M',2),(6641,18,1,201,'M',1),(6642,18,1,201,'M',1),(6643,18,1,201,'W',2),(6644,18,1,201,'M',3),(6645,18,1,201,'M',1),(6646,18,1,201,'M',3),(6647,18,1,201,'M',1),(6648,18,1,201,'M',3),(6649,18,1,201,'W',3),(6650,18,1,201,'M',1),(6651,18,1,201,'M',2),(6652,18,1,201,'W',2),(6653,18,1,201,'M',2),(6654,18,1,201,'M',3),(6655,18,1,201,'M',2),(6656,18,2,201,'M',2),(6657,18,2,201,'W',3),(6658,18,2,201,'W',2),(6659,18,5,201,'M',1),(6660,18,5,201,'W',2),(6661,18,6,201,'M',3),(6662,18,6,201,'M',1),(6663,18,6,201,'M',2),(6664,18,6,201,'M',1),(6665,18,6,201,'M',1),(6666,18,6,201,'M',1),(6667,18,6,201,'M',1),(6668,18,9,201,'X',3),(6669,18,9,201,'X',1),(6670,18,9,201,'X',2),(6671,18,9,201,'X',1),(6672,18,9,201,'X',1),(6673,18,13,201,'M',3),(6674,18,14,201,'M',2),(6675,18,17,201,'M',3),(6676,18,18,201,'M',3),(6677,18,18,201,'M',2),(6678,18,18,201,'M',3),(6679,18,18,201,'M',1),(6680,18,18,201,'M',2),(6681,18,18,201,'M',2),(6682,18,19,201,'M',2),(6683,18,19,201,'W',3),(6684,18,19,201,'M',1),(6685,18,19,201,'W',3),(6686,18,19,201,'W',1),(6687,18,19,201,'M',1),(6688,18,19,201,'M',2),(6689,18,19,201,'M',1),(6690,18,19,201,'M',3),(6691,18,19,201,'M',1),(6692,18,19,201,'M',2),(6693,18,19,201,'W',3),(6694,18,19,201,'M',1),(6695,18,19,201,'M',2),(6696,18,19,201,'M',1),(6697,18,19,201,'M',2),(6698,18,19,201,'M',3),(6699,18,19,201,'M',1),(6700,18,19,201,'M',2),(6701,18,19,201,'M',3),(6702,18,19,201,'M',2),(6703,18,19,201,'M',3),(6704,18,19,201,'M',1),(6705,18,19,201,'M',2),(6706,18,19,201,'M',3),(6707,18,19,201,'M',1),(6708,18,19,201,'M',2),(6709,18,19,201,'W',2),(6710,18,19,201,'M',1),(6711,18,19,201,'M',2),(6712,18,19,201,'W',2),(6713,18,19,201,'M',1),(6714,18,19,201,'M',2),(6715,18,19,201,'W',1),(6716,18,19,201,'M',1),(6717,18,19,201,'W',2),(6718,18,19,201,'M',1),(6719,18,19,201,'W',3),(6720,18,19,201,'W',2),(6721,18,26,201,'M',1),(6722,18,26,201,'W',1),(6723,18,27,201,'X',1),(6724,18,27,201,'X',2),(6725,18,27,201,'X',1),(6726,18,30,201,'X',2),(6727,18,30,201,'X',3),(6728,18,30,201,'X',2),(6729,18,1,223,'M',3),(6730,18,1,223,'W',3),(6731,18,1,223,'W',2),(6732,18,1,223,'W',1),(6733,18,1,223,'M',3),(6734,18,1,223,'M',3),(6735,18,1,223,'W',3),(6736,18,1,223,'W',3),(6737,18,1,223,'W',1),(6738,18,1,223,'M',3),(6739,18,1,223,'M',3),(6740,18,1,223,'M',1),(6741,18,1,223,'M',2),(6742,18,1,223,'W',3),(6743,18,1,223,'M',3),(6744,18,1,223,'M',2),(6745,18,1,223,'W',2),(6746,18,1,223,'M',1),(6747,18,2,223,'W',3),(6748,18,2,223,'W',2),(6749,18,2,223,'M',3),(6750,18,2,223,'M',1),(6751,18,2,223,'W',3),(6752,18,2,223,'M',2),(6753,18,2,223,'W',2),(6754,18,2,223,'M',2),(6755,18,2,223,'W',3),(6756,18,5,223,'M',3),(6757,18,5,223,'W',1),(6758,18,6,223,'M',3),(6759,18,6,223,'M',3),(6760,18,6,223,'M',3),(6761,18,6,223,'M',3),(6762,18,6,223,'M',2),(6763,18,7,223,'M',2),(6764,18,7,223,'M',1),(6765,18,7,223,'M',1),(6766,18,7,223,'M',1),(6767,18,7,223,'W',2),(6768,18,7,223,'M',1),(6769,18,7,223,'M',2),(6770,18,7,223,'W',1),(6771,18,7,223,'M',1),(6772,18,8,223,'M',1),(6773,18,8,223,'M',2),(6774,18,10,223,'M',2),(6775,18,10,223,'W',3),(6776,18,10,223,'W',1),(6777,18,10,223,'M',3),(6778,18,10,223,'M',1),(6779,18,10,223,'M',2),(6780,18,10,223,'M',1),(6781,18,11,223,'M',3),(6782,18,13,223,'W',2),(6783,18,13,223,'M',1),(6784,18,13,223,'M',2),(6785,18,13,223,'W',1),(6786,18,13,223,'W',2),(6787,18,13,223,'M',1),(6788,18,13,223,'W',3),(6789,18,13,223,'W',2),(6790,18,13,223,'M',2),(6791,18,13,223,'M',3),(6792,18,13,223,'M',1),(6793,18,13,223,'M',2),(6794,18,13,223,'M',2),(6795,18,13,223,'W',1),(6796,18,13,223,'M',1),(6797,18,13,223,'W',1),(6798,18,13,223,'W',2),(6799,18,14,223,'M',1),(6800,18,14,223,'M',1),(6801,18,14,223,'M',1),(6802,18,14,223,'M',1),(6803,18,14,223,'M',2),(6804,18,14,223,'M',1),(6805,18,14,223,'M',1),(6806,18,14,223,'M',1),(6807,18,15,223,'M',1),(6808,18,15,223,'W',1),(6809,18,17,223,'M',1),(6810,18,17,223,'M',1),(6811,18,17,223,'M',2),(6812,18,17,223,'M',2),(6813,18,17,223,'M',3),(6814,18,18,223,'M',2),(6815,18,18,223,'M',1),(6816,18,18,223,'M',2),(6817,18,18,223,'M',1),(6818,18,18,223,'M',1),(6819,18,18,223,'M',2),(6820,18,18,223,'M',1),(6821,18,18,223,'M',1),(6822,18,18,223,'M',1),(6823,18,18,223,'M',1),(6824,18,18,223,'M',1),(6825,18,18,223,'M',3),(6826,18,18,223,'M',2),(6827,18,18,223,'M',1),(6828,18,18,223,'M',1),(6829,18,18,223,'M',2),(6830,18,18,223,'M',1),(6831,18,18,223,'M',1),(6832,18,19,223,'M',3),(6833,18,19,223,'W',1),(6834,18,19,223,'M',3),(6835,18,19,223,'M',3),(6836,18,19,223,'W',3),(6837,18,19,223,'W',2),(6838,18,19,223,'W',3),(6839,18,19,223,'W',1),(6840,18,19,223,'W',2),(6841,18,19,223,'M',3),(6842,18,19,223,'M',3),(6843,18,19,223,'M',2),(6844,18,20,223,'M',2),(6845,18,26,223,'W',3),(6846,18,26,223,'W',2),(6847,18,27,223,'X',3),(6848,18,27,223,'X',1),(6849,18,27,223,'X',2),(6850,18,30,223,'M',2),(6851,18,30,223,'X',2),(6852,18,29,223,'M',2),(6853,18,29,223,'W',2),(6854,18,1,263,'M',1),(6855,18,6,187,'M',3),(6856,18,1,220,'W',3),(6857,18,2,220,'M',3),(6858,18,2,220,'M',3),(6859,18,8,220,'M',1),(6860,18,18,220,'M',2),(6861,18,20,220,'M',3),(6862,18,20,220,'M',2),(6863,18,27,220,'X',1),(6864,18,1,182,'M',1),(6865,18,8,182,'M',1),(6866,18,10,182,'M',1),(6867,18,19,182,'W',2),(6868,18,30,182,'X',1),(6869,18,9,179,'X',1),(6870,18,9,179,'X',2),(6871,18,9,179,'X',2),(6872,18,10,179,'M',3),(6873,18,17,179,'M',3),(6874,18,1,160,'M',3),(6875,18,2,160,'W',3),(6876,18,6,160,'M',2),(6877,18,6,160,'M',2),(6878,18,6,160,'M',3),(6879,18,6,160,'M',3),(6880,18,6,160,'M',3),(6881,18,7,160,'M',2),(6882,18,7,160,'M',3),(6883,18,7,160,'M',1),(6884,18,7,160,'M',3),(6885,18,10,160,'M',3),(6886,18,13,160,'W',3),(6887,18,13,160,'W',1),(6888,18,13,160,'W',3),(6889,18,13,160,'W',1),(6890,18,13,160,'M',3),(6891,18,13,160,'W',2),(6892,18,13,160,'W',1),(6893,18,13,160,'W',2),(6894,18,15,160,'M',2),(6895,18,18,160,'M',3),(6896,18,18,160,'M',3),(6897,18,18,160,'M',2),(6898,18,18,160,'M',3),(6899,18,18,160,'M',2),(6900,18,18,160,'M',2),(6901,18,6,157,'M',3),(6902,18,6,156,'M',2),(6903,18,6,156,'M',1),(6904,18,1,155,'M',2),(6905,18,27,155,'X',2),(6906,18,1,154,'M',2),(6907,18,1,154,'W',1),(6908,18,1,154,'M',2),(6909,18,1,154,'M',1),(6910,18,1,154,'M',1),(6911,18,6,154,'M',3),(6912,18,6,154,'M',3),(6913,18,6,154,'M',3),(6914,18,6,154,'M',1),(6915,18,6,154,'M',3),(6916,18,7,154,'M',2),(6917,18,8,154,'M',3),(6918,18,8,154,'M',2),(6919,18,11,154,'M',2),(6920,18,14,154,'M',2),(6921,18,14,154,'M',3),(6922,18,14,154,'M',3),(6923,18,15,154,'M',3),(6924,18,17,154,'M',3),(6925,18,18,154,'M',1),(6926,18,18,154,'M',3),(6927,18,18,154,'M',3),(6928,18,20,154,'M',1),(6929,18,27,154,'X',3),(6930,18,27,154,'X',3),(6931,18,29,154,'M',1),(6932,18,16,146,'M',3),(6933,18,1,143,'M',1),(6934,18,1,143,'M',2),(6935,18,2,143,'M',3),(6936,18,16,143,'M',1),(6937,18,2,141,'M',1),(6938,18,2,141,'M',2),(6939,18,8,137,'M',2),(6940,18,19,137,'W',3),(6941,18,19,137,'W',3),(6942,18,19,137,'M',3),(6943,18,27,137,'X',2),(6944,18,18,124,'M',2),(6945,18,1,123,'M',1),(6946,18,6,123,'M',3),(6947,18,17,104,'M',2),(6948,18,17,104,'M',3),(6949,18,17,104,'M',3),(6950,18,18,104,'M',3),(6951,18,18,104,'M',1),(6952,18,29,104,'W',3),(6953,18,13,98,'M',1),(6954,18,13,98,'M',2),(6955,18,13,98,'M',3),(6956,18,13,98,'M',2),(6957,18,13,98,'M',3),(6958,18,13,98,'M',1),(6959,18,13,98,'M',2),(6960,18,13,98,'M',1),(6961,18,13,98,'M',3),(6962,18,13,98,'M',2),(6963,18,14,98,'M',3),(6964,18,14,98,'M',3),(6965,18,17,98,'M',3),(6966,18,17,98,'M',2),(6967,18,17,98,'M',1),(6968,18,17,98,'M',1),(6969,18,17,98,'M',1),(6970,18,18,98,'M',3),(6971,18,18,98,'M',1),(6972,18,18,98,'M',3),(6973,18,18,98,'M',3),(6974,18,18,98,'M',1),(6975,18,18,98,'M',3),(6976,18,26,98,'M',2),(6977,18,29,98,'W',1),(6978,18,1,96,'M',2),(6979,18,1,96,'M',1),(6980,18,1,94,'W',2),(6981,18,8,94,'M',2),(6982,18,10,94,'M',1),(6983,18,10,94,'W',2),(6984,18,10,94,'M',2),(6985,18,10,94,'M',2),(6986,18,17,94,'M',3),(6987,18,19,94,'M',1),(6988,18,19,94,'M',2),(6989,18,19,94,'M',2),(6990,18,26,94,'M',3),(6991,18,27,94,'X',3),(6992,18,27,94,'X',3),(6993,18,14,88,'M',3),(6994,18,18,88,'M',2),(6995,18,1,85,'M',1),(6996,18,7,85,'M',3),(6997,18,7,85,'M',3),(6998,18,7,85,'M',3),(6999,18,7,85,'M',2),(7000,18,7,85,'M',2),(7001,18,7,85,'W',3),(7002,18,7,85,'M',3),(7003,18,7,85,'W',2),(7004,18,10,85,'M',3),(7005,18,10,85,'W',1),(7006,18,10,85,'W',3),(7007,18,13,85,'M',1),(7008,18,13,85,'W',3),(7009,18,14,85,'M',2),(7010,18,14,85,'M',3),(7011,18,15,85,'W',3),(7012,18,17,85,'M',3),(7013,18,18,85,'M',2),(7014,18,18,85,'M',3),(7015,18,19,85,'M',1),(7016,18,20,85,'M',3),(7017,18,1,217,'W',2),(7018,18,1,217,'W',1),(7019,18,1,217,'W',3),(7020,18,1,217,'W',2),(7021,18,1,217,'W',3),(7022,18,1,217,'W',1),(7023,18,1,217,'M',3),(7024,18,1,217,'M',2),(7025,18,1,217,'M',3),(7026,18,1,217,'W',3),(7027,18,1,217,'W',2),(7028,18,1,217,'M',2),(7029,18,1,217,'W',1),(7030,18,1,217,'W',1),(7031,18,1,217,'W',3),(7032,18,1,217,'M',2),(7033,18,1,217,'W',3),(7034,18,1,217,'W',1),(7035,18,1,217,'W',1),(7036,18,1,217,'W',1),(7037,18,1,217,'M',3),(7038,18,1,217,'W',1),(7039,18,1,217,'M',1),(7040,18,1,217,'W',3),(7041,18,1,217,'W',1),(7042,18,1,217,'W',2),(7043,18,1,217,'M',1),(7044,18,2,217,'M',1),(7045,18,2,217,'M',3),(7046,18,2,217,'W',2),(7047,18,2,217,'M',1),(7048,18,2,217,'W',1),(7049,18,2,217,'M',1),(7050,18,2,217,'M',2),(7051,18,2,217,'W',1),(7052,18,2,217,'W',2),(7053,18,2,217,'M',1),(7054,18,2,217,'W',1),(7055,18,2,217,'M',1),(7056,18,2,217,'M',3),(7057,18,2,217,'W',1),(7058,18,6,217,'M',2),(7059,18,6,217,'M',1),(7060,18,7,217,'M',1),(7061,18,7,217,'M',3),(7062,18,7,217,'W',1),(7063,18,7,217,'M',2),(7064,18,7,217,'M',1),(7065,18,7,217,'W',3),(7066,18,7,217,'M',3),(7067,18,8,217,'M',1),(7068,18,8,217,'M',3),(7069,18,8,217,'M',3),(7070,18,11,217,'M',1),(7071,18,13,217,'M',3),(7072,18,13,217,'M',3),(7073,18,13,217,'W',3),(7074,18,13,217,'W',2),(7075,18,14,217,'M',3),(7076,18,14,217,'M',2),(7077,18,14,217,'M',3),(7078,18,15,217,'W',2),(7079,18,18,217,'M',2),(7080,18,18,217,'M',3),(7081,18,19,217,'W',2),(7082,18,19,217,'M',3),(7083,18,19,217,'W',1),(7084,18,19,217,'W',2),(7085,18,19,217,'W',1),(7086,18,19,217,'W',1),(7087,18,19,217,'W',2),(7088,18,19,217,'W',1),(7089,18,19,217,'W',2),(7090,18,19,217,'W',1),(7091,18,19,217,'W',2),(7092,18,19,217,'W',3),(7093,18,19,217,'W',1),(7094,18,19,217,'W',2),(7095,18,19,217,'W',1),(7096,18,19,217,'W',1),(7097,18,19,217,'W',1),(7098,18,19,217,'W',2),(7099,18,19,217,'W',1),(7100,18,19,217,'W',1),(7101,18,27,217,'X',1),(7102,18,27,217,'X',2),(7103,18,27,217,'X',1),(7104,18,27,217,'X',2),(7105,18,30,217,'X',3),(7106,18,30,217,'M',1),(7107,18,1,70,'M',3),(7108,18,2,70,'M',2),(7109,18,2,70,'M',2),(7110,18,6,70,'M',3),(7111,18,8,70,'M',3),(7112,18,17,70,'M',3),(7113,18,17,70,'M',2),(7114,18,19,70,'M',2),(7115,18,19,70,'M',1),(7116,18,19,70,'M',3),(7117,18,20,70,'M',1),(7118,18,30,70,'X',2),(7119,18,30,70,'X',1),(7120,18,1,216,'W',3),(7121,18,1,216,'W',1),(7122,18,1,216,'M',3),(7123,18,1,216,'W',2),(7124,18,1,216,'W',2),(7125,18,1,216,'M',3),(7126,18,1,216,'M',3),(7127,18,1,216,'M',2),(7128,18,1,216,'W',2),(7129,18,2,216,'M',3),(7130,18,2,216,'M',3),(7131,18,2,216,'W',3),(7132,18,2,216,'M',2),(7133,18,6,216,'M',3),(7134,18,8,216,'M',1),(7135,18,8,216,'M',1),(7136,18,9,216,'X',3),(7137,18,9,216,'X',2),(7138,18,9,216,'X',1),(7139,18,9,216,'X',1),(7140,18,9,216,'X',3),(7141,18,9,216,'X',2),(7142,18,9,216,'X',1),(7143,18,9,216,'X',2),(7144,18,10,216,'M',1),(7145,18,10,216,'M',2),(7146,18,10,216,'M',2),(7147,18,10,216,'M',1),(7148,18,13,216,'M',3),(7149,18,17,216,'M',2),(7150,18,18,216,'M',3),(7151,18,18,216,'M',3),(7152,18,19,216,'M',3),(7153,18,19,216,'M',3),(7154,18,27,216,'X',3),(7155,18,27,216,'X',1),(7156,18,27,216,'X',2),(7157,18,30,216,'M',1),(7158,18,30,216,'X',1),(7159,18,30,216,'X',3),(7160,18,1,66,'M',1),(7161,18,8,66,'M',2),(7162,18,9,66,'X',1),(7163,18,10,66,'M',3),(7164,18,10,66,'M',3),(7165,18,10,66,'W',2),(7166,18,13,66,'M',3),(7167,18,14,66,'M',2),(7168,18,17,66,'M',3),(7169,18,1,65,'M',1),(7170,18,1,65,'M',1),(7171,18,1,65,'M',2),(7172,18,1,65,'M',2),(7173,18,2,65,'M',1),(7174,18,18,65,'M',1),(7175,18,7,61,'M',2),(7176,18,30,61,'M',2),(7177,18,8,53,'M',3),(7178,18,8,53,'M',3),(7179,18,30,53,'X',1),(7180,18,1,50,'M',2),(7181,18,1,50,'M',1),(7182,18,1,50,'M',1),(7183,18,6,50,'M',1),(7184,18,6,50,'M',1),(7185,18,6,50,'M',2),(7186,18,6,50,'M',1),(7187,18,6,50,'M',2),(7188,18,6,50,'M',3),(7189,18,6,50,'M',3),(7190,18,6,50,'M',2),(7191,18,17,50,'M',1),(7192,18,29,50,'M',3),(7193,18,1,34,'M',2),(7194,18,7,34,'M',2),(7195,18,9,34,'X',2),(7196,18,19,34,'W',3),(7197,18,19,34,'W',3),(7198,18,19,34,'W',3),(7199,18,19,34,'W',3),(7200,18,19,34,'W',2),(7201,18,19,34,'W',3),(7202,18,19,34,'M',2),(7203,18,19,34,'W',3),(7204,18,1,30,'W',2),(7205,18,1,30,'W',2),(7206,18,1,30,'W',3),(7207,18,1,30,'W',1),(7208,18,2,30,'W',1),(7209,18,2,30,'W',2),(7210,18,2,30,'W',1),(7211,18,5,30,'W',3),(7212,18,6,30,'M',3),(7213,18,14,30,'M',1),(7214,18,14,30,'M',2),(7215,18,14,30,'M',1),(7216,18,14,30,'M',2),(7217,18,14,30,'M',3),(7218,18,14,30,'M',2),(7219,18,18,30,'M',1),(7220,18,18,30,'M',3),(7221,18,18,30,'M',3),(7222,18,18,30,'M',2),(7223,18,18,30,'M',3),(7224,18,18,30,'M',2),(7225,18,18,30,'M',2),(7226,18,1,27,'M',3),(7227,18,30,27,'X',3),(7228,18,6,20,'M',3),(7229,18,1,18,'M',2),(7230,18,1,18,'M',2),(7231,18,1,18,'M',3),(7232,18,8,18,'M',2),(7233,18,9,18,'X',3),(7234,18,9,18,'X',3),(7235,18,27,12,'X',3),(7236,18,9,11,'X',3),(7237,18,16,11,'M',2),(7238,18,19,11,'M',3),(7239,18,30,11,'M',3),(7240,18,30,11,'M',3),(7241,19,16,209,'W',1),(7242,19,2,224,'M',2),(7243,19,2,224,'M',3),(7244,19,5,224,'M',1),(7245,19,5,224,'W',3),(7246,19,6,224,'M',1),(7247,19,15,224,'W',2),(7248,19,17,224,'M',3),(7249,19,18,224,'M',3),(7250,19,19,224,'M',2),(7251,19,6,204,'M',2),(7252,19,1,223,'W',1),(7253,19,1,223,'W',1),(7254,19,1,223,'M',3),(7255,19,1,223,'W',3),(7256,19,1,223,'W',1),(7257,19,1,223,'W',2),(7258,19,1,223,'M',2),(7259,19,1,223,'M',1),(7260,19,1,223,'M',2),(7261,19,1,223,'M',1),(7262,19,1,223,'W',2),(7263,19,1,223,'M',1),(7264,19,1,223,'W',1),(7265,19,1,223,'M',3),(7266,19,1,223,'M',3),(7267,19,1,223,'W',3),(7268,19,1,223,'W',1),(7269,19,1,223,'W',2),(7270,19,1,223,'M',3),(7271,19,1,223,'M',2),(7272,19,1,223,'M',1),(7273,19,1,223,'W',3),(7274,19,1,223,'M',3),(7275,19,1,223,'M',1),(7276,19,1,223,'M',2),(7277,19,1,223,'M',1),(7278,19,1,223,'M',2),(7279,19,1,223,'W',2),(7280,19,1,223,'M',3),(7281,19,1,223,'W',3),(7282,19,1,223,'W',1),(7283,19,1,223,'M',3),(7284,19,1,223,'W',3),(7285,19,1,223,'W',1),(7286,19,1,223,'W',2),(7287,19,1,223,'M',2),(7288,19,1,223,'M',1),(7289,19,1,223,'M',2),(7290,19,1,223,'W',2),(7291,19,1,223,'M',1),(7292,19,1,223,'M',2),(7293,19,2,223,'M',2),(7294,19,2,223,'W',1),(7295,19,2,223,'M',3),(7296,19,2,223,'W',2),(7297,19,2,223,'M',2),(7298,19,2,223,'M',2),(7299,19,2,223,'W',3),(7300,19,2,223,'M',2),(7301,19,2,223,'W',2),(7302,19,2,223,'M',2),(7303,19,2,223,'M',2),(7304,19,2,223,'W',2),(7305,19,5,223,'M',3),(7306,19,5,223,'W',1),(7307,19,6,223,'M',1),(7308,19,6,223,'M',2),(7309,19,6,223,'M',2),(7310,19,6,223,'M',3),(7311,19,6,223,'M',2),(7312,19,6,223,'M',2),(7313,19,6,223,'M',2),(7314,19,6,223,'M',2),(7315,19,7,223,'M',2),(7316,19,7,223,'M',1),(7317,19,7,223,'M',3),(7318,19,7,223,'M',1),(7319,19,7,223,'W',3),(7320,19,7,223,'M',1),(7321,19,7,223,'M',1),(7322,19,7,223,'W',2),(7323,19,8,223,'M',3),(7324,19,8,223,'M',1),(7325,19,8,223,'M',1),(7326,19,8,223,'M',2),(7327,19,8,223,'M',3),(7328,19,8,223,'M',1),(7329,19,9,223,'X',3),(7330,19,9,223,'X',2),(7331,19,9,223,'X',1),(7332,19,9,223,'X',1),(7333,19,9,223,'X',3),(7334,19,9,223,'X',2),(7335,19,9,223,'X',1),(7336,19,9,223,'X',2),(7337,19,9,223,'X',1),(7338,19,10,223,'M',3),(7339,19,10,223,'M',3),(7340,19,10,223,'M',1),(7341,19,10,223,'M',2),(7342,19,10,223,'W',2),(7343,19,10,223,'M',1),(7344,19,10,223,'M',2),(7345,19,10,223,'M',1),(7346,19,11,223,'M',3),(7347,19,13,223,'W',3),(7348,19,13,223,'W',2),(7349,19,13,223,'M',3),(7350,19,13,223,'M',2),(7351,19,13,223,'W',3),(7352,19,13,223,'W',1),(7353,19,13,223,'M',3),(7354,19,13,223,'M',2),(7355,19,13,223,'M',1),(7356,19,13,223,'M',2),(7357,19,13,223,'W',1),(7358,19,13,223,'M',1),(7359,19,13,223,'M',2),(7360,19,13,223,'M',2),(7361,19,13,223,'M',1),(7362,19,13,223,'M',2),(7363,19,13,223,'M',1),(7364,19,13,223,'W',1),(7365,19,13,223,'W',3),(7366,19,13,223,'M',1),(7367,19,13,223,'M',2),(7368,19,13,223,'W',1),(7369,19,14,223,'M',1),(7370,19,14,223,'M',2),(7371,19,14,223,'M',1),(7372,19,14,223,'M',1),(7373,19,14,223,'M',1),(7374,19,14,223,'M',2),(7375,19,14,223,'M',1),(7376,19,14,223,'M',2),(7377,19,15,223,'M',2),(7378,19,15,223,'W',1),(7379,19,16,223,'M',3),(7380,19,16,223,'W',3),(7381,19,17,223,'M',3),(7382,19,17,223,'M',1),(7383,19,17,223,'M',1),(7384,19,17,223,'M',3),(7385,19,17,223,'M',2),(7386,19,18,223,'M',3),(7387,19,18,223,'M',1),(7388,19,18,223,'M',1),(7389,19,18,223,'M',1),(7390,19,18,223,'M',1),(7391,19,18,223,'M',1),(7392,19,18,223,'M',2),(7393,19,18,223,'M',1),(7394,19,18,223,'M',1),(7395,19,18,223,'M',1),(7396,19,18,223,'M',1),(7397,19,18,223,'M',1),(7398,19,18,223,'M',1),(7399,19,18,223,'M',3),(7400,19,18,223,'M',2),(7401,19,18,223,'M',1),(7402,19,18,223,'M',2),(7403,19,19,223,'M',3),(7404,19,19,223,'M',2),(7405,19,19,223,'W',3),(7406,19,19,223,'W',2),(7407,19,19,223,'M',1),(7408,19,19,223,'W',1),(7409,19,19,223,'M',3),(7410,19,19,223,'M',2),(7411,19,19,223,'M',2),(7412,19,19,223,'W',2),(7413,19,19,223,'M',1),(7414,19,19,223,'M',2),(7415,19,19,223,'M',3),(7416,19,19,223,'M',1),(7417,19,19,223,'W',3),(7418,19,19,223,'W',1),(7419,19,19,223,'W',2),(7420,19,19,223,'M',1),(7421,19,19,223,'M',1),(7422,19,19,223,'M',2),(7423,19,19,223,'M',3),(7424,19,19,223,'M',1),(7425,19,19,223,'M',2),(7426,19,19,223,'M',1),(7427,19,19,223,'M',2),(7428,19,19,223,'M',2),(7429,19,19,223,'W',3),(7430,19,19,223,'M',1),(7431,19,19,223,'M',1),(7432,19,20,223,'M',3),(7433,19,20,223,'M',1),(7434,19,20,223,'M',1),(7435,19,26,223,'M',2),(7436,19,26,223,'W',1),(7437,19,26,223,'W',2),(7438,19,27,223,'X',1),(7439,19,27,223,'X',1),(7440,19,27,223,'X',3),(7441,19,27,223,'X',1),(7442,19,27,223,'X',2),(7443,19,30,223,'X',2),(7444,19,30,223,'M',3),(7445,19,30,223,'X',1),(7446,19,29,223,'M',1),(7447,19,29,223,'W',1),(7448,19,6,198,'M',2),(7449,19,1,220,'W',2),(7450,19,1,220,'M',2),(7451,19,2,220,'M',3),(7452,19,6,220,'M',3),(7453,19,8,220,'M',3),(7454,19,8,220,'M',3),(7455,19,11,220,'M',1),(7456,19,13,220,'M',3),(7457,19,14,220,'M',3),(7458,19,14,220,'M',1),(7459,19,16,220,'W',2),(7460,19,17,220,'M',3),(7461,19,18,220,'M',3),(7462,19,18,220,'M',3),(7463,19,1,185,'M',2),(7464,19,1,185,'M',2),(7465,19,10,182,'M',1),(7466,19,18,182,'M',3),(7467,19,18,182,'M',3),(7468,19,19,182,'M',1),(7469,19,19,182,'M',1),(7470,19,19,182,'M',3),(7471,19,19,182,'M',2),(7472,19,19,182,'W',2),(7473,19,20,182,'M',3),(7474,19,27,182,'X',3),(7475,19,27,182,'X',2),(7476,19,30,182,'X',3),(7477,19,8,179,'M',1),(7478,19,17,179,'M',1),(7479,19,2,160,'W',3),(7480,19,2,160,'W',3),(7481,19,2,160,'W',1),(7482,19,6,160,'M',3),(7483,19,6,160,'M',3),(7484,19,7,160,'M',1),(7485,19,7,160,'M',2),(7486,19,7,160,'M',3),(7487,19,7,160,'M',3),(7488,19,7,160,'M',2),(7489,19,9,160,'X',3),(7490,19,13,160,'W',1),(7491,19,13,160,'W',1),(7492,19,13,160,'W',2),(7493,19,13,160,'W',2),(7494,19,13,160,'W',3),(7495,19,13,160,'W',2),(7496,19,13,160,'W',3),(7497,19,15,160,'M',3),(7498,19,18,160,'M',2),(7499,19,18,160,'M',1),(7500,19,18,160,'M',3),(7501,19,18,160,'M',3),(7502,19,27,160,'X',1),(7503,19,29,160,'M',3),(7504,19,6,156,'M',3),(7505,19,14,156,'M',3),(7506,19,14,156,'M',2),(7507,19,18,156,'M',2),(7508,19,18,156,'M',2),(7509,19,1,154,'W',3),(7510,19,1,154,'M',1),(7511,19,1,154,'M',2),(7512,19,1,154,'M',2),(7513,19,1,154,'W',2),(7514,19,1,154,'M',1),(7515,19,1,154,'M',2),(7516,19,2,154,'M',3),(7517,19,2,154,'W',2),(7518,19,6,154,'M',3),(7519,19,6,154,'M',3),(7520,19,6,154,'M',3),(7521,19,6,154,'M',3),(7522,19,6,154,'M',2),(7523,19,8,154,'M',2),(7524,19,9,154,'X',1),(7525,19,9,154,'X',2),(7526,19,10,154,'M',2),(7527,19,10,154,'W',3),(7528,19,10,154,'M',3),(7529,19,14,154,'M',3),(7530,19,14,154,'M',3),(7531,19,14,154,'M',3),(7532,19,17,154,'M',3),(7533,19,18,154,'M',3),(7534,19,18,154,'M',2),(7535,19,18,154,'M',3),(7536,19,18,154,'M',2),(7537,19,18,154,'M',2),(7538,19,18,154,'M',2),(7539,19,18,154,'M',2),(7540,19,19,154,'W',3),(7541,19,1,137,'M',2),(7542,19,17,137,'M',3),(7543,19,19,137,'W',3),(7544,19,17,124,'M',2),(7545,19,17,124,'M',3),(7546,19,18,124,'M',3),(7547,19,18,124,'M',2),(7548,19,9,123,'X',3),(7549,19,9,123,'X',3),(7550,19,9,123,'X',3),(7551,19,9,123,'X',3),(7552,19,9,123,'X',3),(7553,19,19,123,'M',2),(7554,19,18,110,'M',3),(7555,19,1,96,'M',3),(7556,19,1,96,'W',3),(7557,19,8,96,'M',3),(7558,19,1,94,'M',1),(7559,19,1,94,'M',1),(7560,19,1,94,'M',3),(7561,19,1,94,'W',1),(7562,19,5,94,'M',2),(7563,19,6,94,'M',1),(7564,19,9,94,'X',1),(7565,19,9,94,'X',2),(7566,19,9,94,'X',2),(7567,19,10,94,'M',2),(7568,19,17,94,'M',1),(7569,19,18,94,'M',1),(7570,19,19,94,'M',3),(7571,19,26,94,'M',3),(7572,19,27,94,'X',1),(7573,19,30,94,'X',3),(7574,19,6,89,'M',3),(7575,19,30,89,'X',2),(7576,19,16,87,'M',1),(7577,19,6,85,'M',3),(7578,19,6,85,'M',3),(7579,19,7,85,'M',1),(7580,19,7,85,'M',2),(7581,19,7,85,'W',3),(7582,19,10,85,'M',2),(7583,19,10,85,'W',2),(7584,19,10,85,'W',3),(7585,19,10,85,'M',3),(7586,19,10,85,'M',3),(7587,19,13,85,'M',1),(7588,19,13,85,'M',3),(7589,19,14,85,'M',3),(7590,19,14,85,'M',1),(7591,19,17,85,'M',3),(7592,19,17,85,'M',3),(7593,19,18,85,'M',2),(7594,19,18,85,'M',3),(7595,19,18,85,'M',3),(7596,19,18,85,'M',2),(7597,19,18,85,'M',2),(7598,19,18,85,'M',1),(7599,19,18,85,'M',1),(7600,19,19,85,'M',1),(7601,19,19,85,'M',2),(7602,19,19,85,'M',2),(7603,19,19,85,'M',3),(7604,19,19,85,'M',3),(7605,19,20,85,'M',2),(7606,19,20,85,'M',2),(7607,19,27,85,'X',1),(7608,19,30,85,'X',3),(7609,19,6,81,'M',3),(7610,19,18,76,'M',3),(7611,19,18,76,'M',1),(7612,19,30,76,'X',3),(7613,19,1,217,'W',3),(7614,19,1,217,'W',2),(7615,19,1,217,'W',2),(7616,19,1,217,'M',1),(7617,19,1,217,'M',2),(7618,19,1,217,'W',2),(7619,19,1,217,'W',1),(7620,19,1,217,'M',3),(7621,19,1,217,'M',3),(7622,19,1,217,'W',3),(7623,19,1,217,'W',1),(7624,19,1,217,'M',1),(7625,19,1,217,'W',1),(7626,19,1,217,'M',2),(7627,19,1,217,'W',2),(7628,19,1,217,'M',1),(7629,19,1,217,'W',1),(7630,19,1,217,'M',3),(7631,19,1,217,'M',1),(7632,19,1,217,'W',3),(7633,19,1,217,'M',3),(7634,19,1,217,'W',3),(7635,19,1,217,'M',1),(7636,19,1,217,'M',2),(7637,19,1,217,'W',2),(7638,19,1,217,'M',1),(7639,19,1,217,'M',3),(7640,19,1,217,'W',3),(7641,19,1,217,'W',1),(7642,19,2,217,'M',1),(7643,19,2,217,'M',1),(7644,19,2,217,'W',2),(7645,19,2,217,'M',1),(7646,19,2,217,'W',1),(7647,19,2,217,'M',1),(7648,19,2,217,'M',1),(7649,19,2,217,'W',1),(7650,19,2,217,'W',1),(7651,19,2,217,'M',1),(7652,19,2,217,'W',1),(7653,19,2,217,'M',1),(7654,19,2,217,'M',3),(7655,19,2,217,'W',3),(7656,19,6,217,'M',3),(7657,19,6,217,'M',1),(7658,19,6,217,'M',3),(7659,19,6,217,'M',3),(7660,19,6,217,'M',3),(7661,19,6,217,'M',3),(7662,19,7,217,'M',3),(7663,19,7,217,'M',3),(7664,19,7,217,'M',2),(7665,19,7,217,'M',1),(7666,19,7,217,'W',1),(7667,19,7,217,'M',3),(7668,19,7,217,'W',1),(7669,19,7,217,'M',1),(7670,19,8,217,'M',2),(7671,19,8,217,'M',1),(7672,19,8,217,'M',1),(7673,19,8,217,'M',2),(7674,19,11,217,'M',2),(7675,19,13,217,'M',1),(7676,19,13,217,'W',3),(7677,19,13,217,'W',2),(7678,19,13,217,'M',3),(7679,19,13,217,'M',3),(7680,19,13,217,'M',2),(7681,19,13,217,'W',3),(7682,19,13,217,'W',3),(7683,19,13,217,'W',1),(7684,19,13,217,'M',3),(7685,19,13,217,'W',2),(7686,19,14,217,'M',2),(7687,19,14,217,'M',2),(7688,19,14,217,'M',3),(7689,19,15,217,'M',1),(7690,19,15,217,'W',3),(7691,19,17,217,'M',3),(7692,19,17,217,'M',3),(7693,19,17,217,'M',3),(7694,19,17,217,'M',3),(7695,19,17,217,'M',1),(7696,19,18,217,'M',2),(7697,19,19,217,'M',1),(7698,19,19,217,'W',1),(7699,19,19,217,'W',3),(7700,19,19,217,'W',2),(7701,19,19,217,'W',3),(7702,19,19,217,'W',1),(7703,19,19,217,'W',2),(7704,19,19,217,'W',1),(7705,19,19,217,'M',2),(7706,19,19,217,'W',3),(7707,19,19,217,'W',1),(7708,19,19,217,'W',2),(7709,19,19,217,'M',1),(7710,19,19,217,'W',3),(7711,19,19,217,'W',1),(7712,19,19,217,'W',2),(7713,19,19,217,'W',3),(7714,19,19,217,'W',1),(7715,19,19,217,'W',2),(7716,19,19,217,'M',3),(7717,19,19,217,'W',1),(7718,19,19,217,'W',2),(7719,19,19,217,'W',3),(7720,19,19,217,'W',1),(7721,19,19,217,'W',2),(7722,19,19,217,'W',3),(7723,19,19,217,'W',1),(7724,19,19,217,'W',2),(7725,19,19,217,'W',1),(7726,19,19,217,'W',1),(7727,19,19,217,'W',1),(7728,19,19,217,'M',2),(7729,19,19,217,'W',3),(7730,19,19,217,'W',2),(7731,19,27,217,'X',2),(7732,19,27,217,'X',2),(7733,19,27,217,'X',2),(7734,19,27,217,'X',2),(7735,19,27,217,'X',2),(7736,19,27,217,'X',3),(7737,19,30,217,'M',2),(7738,19,29,217,'W',2),(7739,19,1,70,'M',1),(7740,19,1,70,'M',3),(7741,19,1,70,'M',1),(7742,19,1,70,'M',2),(7743,19,1,70,'M',3),(7744,19,1,70,'W',3),(7745,19,1,70,'W',3),(7746,19,1,70,'M',1),(7747,19,1,70,'M',2),(7748,19,1,70,'M',1),(7749,19,2,70,'M',3),(7750,19,2,70,'M',2),(7751,19,2,70,'M',3),(7752,19,6,70,'M',3),(7753,19,17,70,'M',2),(7754,19,17,70,'M',3),(7755,19,19,70,'M',1),(7756,19,19,70,'M',2),(7757,19,19,70,'W',2),(7758,19,19,70,'M',3),(7759,19,19,70,'W',2),(7760,19,1,66,'M',3),(7761,19,7,66,'M',2),(7762,19,8,66,'M',2),(7763,19,8,66,'M',2),(7764,19,10,66,'M',3),(7765,19,10,66,'M',1),(7766,19,10,66,'M',2),(7767,19,10,66,'W',1),(7768,19,10,66,'M',1),(7769,19,10,66,'W',1),(7770,19,17,66,'M',1),(7771,19,17,66,'M',1),(7772,19,17,66,'M',3),(7773,19,17,66,'M',2),(7774,19,1,65,'M',2),(7775,19,1,65,'M',3),(7776,19,2,65,'M',1),(7777,19,18,65,'M',3),(7778,19,26,65,'M',1),(7779,19,26,65,'W',3),(7780,19,30,65,'M',3),(7781,19,30,65,'M',1),(7782,19,1,63,'M',3),(7783,19,1,63,'M',1),(7784,19,1,63,'M',3),(7785,19,1,63,'M',1),(7786,19,1,61,'M',2),(7787,19,7,61,'M',3),(7788,19,7,61,'M',2),(7789,19,16,61,'M',2),(7790,19,19,61,'M',3),(7791,19,30,61,'X',1),(7792,19,8,53,'M',3),(7793,19,19,53,'W',3),(7794,19,27,53,'X',1),(7795,19,30,53,'X',1),(7796,19,30,53,'X',2),(7797,19,1,50,'M',2),(7798,19,1,50,'M',2),(7799,19,1,50,'M',3),(7800,19,1,50,'W',1),(7801,19,6,50,'M',2),(7802,19,6,50,'M',1),(7803,19,6,50,'M',1),(7804,19,6,50,'M',2),(7805,19,6,50,'M',1),(7806,19,6,50,'M',3),(7807,19,6,50,'M',1),(7808,19,6,50,'M',1),(7809,19,6,50,'M',1),(7810,19,6,50,'M',3),(7811,19,14,50,'M',1),(7812,19,14,50,'M',3),(7813,19,17,50,'M',2),(7814,19,17,50,'M',2),(7815,19,17,50,'M',2),(7816,19,27,50,'X',3),(7817,19,1,30,'M',3),(7818,19,1,30,'W',2),(7819,19,2,30,'W',2),(7820,19,2,30,'W',3),(7821,19,2,30,'W',3),(7822,19,2,30,'M',3),(7823,19,5,30,'W',2),(7824,19,6,30,'M',3),(7825,19,6,30,'M',1),(7826,19,7,30,'M',1),(7827,19,7,30,'M',2),(7828,19,7,30,'M',3),(7829,19,7,30,'W',2),(7830,19,7,30,'M',3),(7831,19,9,30,'X',2),(7832,19,13,30,'M',1),(7833,19,13,30,'M',3),(7834,19,14,30,'M',2),(7835,19,14,30,'M',2),(7836,19,14,30,'M',3),(7837,19,14,30,'M',1),(7838,19,14,30,'M',3),(7839,19,14,30,'M',1),(7840,19,14,30,'M',2),(7841,19,14,30,'M',2),(7842,19,17,30,'M',2),(7843,19,17,30,'M',3),(7844,19,18,30,'M',3),(7845,19,18,30,'M',2),(7846,19,18,30,'M',2),(7847,19,18,30,'M',1),(7848,19,18,30,'M',1),(7849,19,18,30,'M',2),(7850,19,18,30,'M',2),(7851,19,18,30,'M',3),(7852,19,18,30,'M',3),(7853,19,18,30,'M',1),(7854,19,27,30,'X',3),(7855,19,27,30,'X',3),(7856,19,29,30,'M',2),(7857,19,29,30,'W',3),(7858,19,1,27,'M',3),(7859,19,19,27,'M',3),(7860,19,30,27,'M',1),(7861,19,30,27,'X',1),(7862,19,17,18,'M',1),(7863,19,9,12,'X',1),(7864,19,27,12,'X',3),(7865,19,30,12,'M',2),(7866,19,30,12,'X',2),(7867,19,1,11,'M',2),(7868,19,7,11,'M',2),(7869,19,19,11,'M',3),(7870,19,19,11,'M',3),(7871,19,19,11,'M',3),(7872,19,19,11,'W',3),(7873,19,19,11,'M',3),(7874,19,19,11,'M',1),(7875,19,19,11,'W',1),(7876,20,6,208,'M',3),(7877,20,2,224,'M',3),(7878,20,5,224,'M',3),(7879,20,6,224,'M',3),(7880,20,6,224,'M',2),(7881,20,6,224,'M',3),(7882,20,6,224,'M',1),(7883,20,7,224,'M',2),(7884,20,7,224,'M',1),(7885,20,7,224,'M',2),(7886,20,11,224,'M',3),(7887,20,15,224,'M',1),(7888,20,15,224,'W',1),(7889,20,18,224,'M',1),(7890,20,18,224,'M',3),(7891,20,18,224,'M',2),(7892,20,18,224,'M',1),(7893,20,18,224,'M',3),(7894,20,19,224,'M',1),(7895,20,6,204,'M',3),(7896,20,6,204,'M',3),(7897,20,19,204,'M',3),(7898,20,1,201,'M',1),(7899,20,1,201,'M',2),(7900,20,1,201,'W',1),(7901,20,1,201,'W',2),(7902,20,1,201,'W',3),(7903,20,1,201,'W',1),(7904,20,1,201,'M',1),(7905,20,1,201,'M',2),(7906,20,1,201,'M',3),(7907,20,1,201,'M',1),(7908,20,1,201,'M',2),(7909,20,1,201,'W',1),(7910,20,1,201,'W',2),(7911,20,1,201,'M',3),(7912,20,1,201,'M',3),(7913,20,1,201,'M',1),(7914,20,1,201,'W',1),(7915,20,1,201,'W',2),(7916,20,1,201,'M',1),(7917,20,1,201,'M',2),(7918,20,1,201,'W',2),(7919,20,1,201,'M',1),(7920,20,1,201,'W',1),(7921,20,1,201,'M',1),(7922,20,1,201,'W',1),(7923,20,1,201,'M',3),(7924,20,1,201,'W',2),(7925,20,1,201,'M',3),(7926,20,1,201,'M',2),(7927,20,1,201,'W',2),(7928,20,1,201,'W',2),(7929,20,1,201,'W',3),(7930,20,1,201,'M',1),(7931,20,1,201,'W',1),(7932,20,1,201,'M',3),(7933,20,1,201,'M',2),(7934,20,1,201,'M',3),(7935,20,1,201,'M',2),(7936,20,1,201,'M',1),(7937,20,1,201,'M',2),(7938,20,2,201,'M',1),(7939,20,2,201,'M',2),(7940,20,2,201,'W',1),(7941,20,2,201,'M',2),(7942,20,2,201,'M',2),(7943,20,2,201,'M',3),(7944,20,2,201,'W',2),(7945,20,2,201,'W',2),(7946,20,5,201,'M',1),(7947,20,5,201,'W',1),(7948,20,6,201,'M',1),(7949,20,6,201,'M',1),(7950,20,6,201,'M',1),(7951,20,6,201,'M',1),(7952,20,6,201,'M',1),(7953,20,6,201,'M',1),(7954,20,6,201,'M',1),(7955,20,6,201,'M',1),(7956,20,6,201,'M',2),(7957,20,6,201,'M',3),(7958,20,6,201,'M',1),(7959,20,7,201,'M',3),(7960,20,8,201,'M',1),(7961,20,8,201,'W',1),(7962,20,8,201,'W',2),(7963,20,8,201,'M',3),(7964,20,8,201,'M',3),(7965,20,8,201,'M',1),(7966,20,8,201,'M',1),(7967,20,8,201,'M',2),(7968,20,8,201,'M',2),(7969,20,9,201,'X',2),(7970,20,9,201,'X',1),(7971,20,9,201,'X',1),(7972,20,9,201,'X',1),(7973,20,9,201,'X',2),(7974,20,9,201,'X',1),(7975,20,9,201,'X',1),(7976,20,10,201,'M',3),(7977,20,13,201,'W',3),(7978,20,13,201,'W',3),(7979,20,13,201,'W',2),(7980,20,13,201,'M',2),(7981,20,13,201,'W',1),(7982,20,13,201,'M',3),(7983,20,13,201,'M',1),(7984,20,13,201,'M',3),(7985,20,13,201,'M',1),(7986,20,13,201,'M',3),(7987,20,13,201,'M',1),(7988,20,13,201,'W',2),(7989,20,13,201,'W',3),(7990,20,13,201,'W',1),(7991,20,13,201,'M',2),(7992,20,13,201,'W',2),(7993,20,14,201,'M',2),(7994,20,14,201,'M',3),(7995,20,16,201,'W',3),(7996,20,17,201,'M',3),(7997,20,17,201,'M',2),(7998,20,18,201,'M',1),(7999,20,18,201,'M',1),(8000,20,18,201,'M',2),(8001,20,18,201,'M',1),(8002,20,18,201,'M',2),(8003,20,18,201,'M',1),(8004,20,18,201,'M',1),(8005,20,18,201,'M',1),(8006,20,18,201,'M',1),(8007,20,18,201,'M',1),(8008,20,18,201,'M',3),(8009,20,18,201,'M',1),(8010,20,18,201,'M',2),(8011,20,19,201,'M',1),(8012,20,19,201,'M',2),(8013,20,19,201,'W',3),(8014,20,19,201,'W',2),(8015,20,19,201,'M',3),(8016,20,19,201,'M',1),(8017,20,19,201,'W',3),(8018,20,19,201,'W',2),(8019,20,19,201,'M',1),(8020,20,19,201,'M',2),(8021,20,19,201,'W',1),(8022,20,19,201,'W',2),(8023,20,19,201,'M',1),(8024,20,19,201,'M',2),(8025,20,19,201,'W',1),(8026,20,19,201,'W',2),(8027,20,19,201,'M',1),(8028,20,19,201,'W',1),(8029,20,19,201,'M',1),(8030,20,19,201,'M',2),(8031,20,19,201,'M',1),(8032,20,19,201,'W',2),(8033,20,19,201,'W',2),(8034,20,19,201,'W',1),(8035,20,19,201,'M',2),(8036,20,19,201,'W',1),(8037,20,19,201,'W',2),(8038,20,19,201,'M',2),(8039,20,19,201,'W',1),(8040,20,19,201,'W',2),(8041,20,19,201,'M',1),(8042,20,19,201,'M',2),(8043,20,19,201,'W',1),(8044,20,19,201,'W',1),(8045,20,19,201,'M',1),(8046,20,19,201,'W',1),(8047,20,19,201,'M',1),(8048,20,19,201,'W',1),(8049,20,19,201,'M',1),(8050,20,19,201,'W',1),(8051,20,19,201,'W',2),(8052,20,19,201,'W',1),(8053,20,19,201,'W',1),(8054,20,19,201,'M',2),(8055,20,20,201,'M',2),(8056,20,26,201,'M',1),(8057,20,26,201,'M',2),(8058,20,27,201,'W',1),(8059,20,27,201,'W',2),(8060,20,27,201,'W',3),(8061,20,27,201,'M',1),(8062,20,27,201,'X',1),(8063,20,27,201,'X',3),(8064,20,30,201,'M',2),(8065,20,30,201,'M',2),(8066,20,30,201,'X',1),(8067,20,30,201,'X',1),(8068,20,30,201,'M',2),(8069,20,30,201,'X',2),(8070,20,30,201,'X',1),(8071,20,29,201,'M',1),(8072,20,29,201,'W',2),(8073,20,6,195,'M',3),(8074,20,6,195,'M',3),(8075,20,18,195,'M',3),(8076,20,14,192,'M',3),(8077,20,6,187,'M',2),(8078,20,18,184,'M',2),(8079,20,1,182,'M',2),(8080,20,1,182,'M',2),(8081,20,1,182,'M',3),(8082,20,7,182,'M',2),(8083,20,7,182,'W',1),(8084,20,7,182,'M',2),(8085,20,7,182,'W',1),(8086,20,7,182,'M',2),(8087,20,7,182,'W',2),(8088,20,9,182,'X',3),(8089,20,10,182,'M',2),(8090,20,18,182,'M',2),(8091,20,18,182,'M',2),(8092,20,18,182,'M',3),(8093,20,18,182,'M',3),(8094,20,19,182,'M',3),(8095,20,19,182,'M',3),(8096,20,20,182,'M',2),(8097,20,27,182,'M',2),(8098,20,1,179,'M',2),(8099,20,8,179,'M',2),(8100,20,9,179,'X',3),(8101,20,9,179,'X',2),(8102,20,9,179,'X',2),(8103,20,9,179,'X',3),(8104,20,18,179,'M',3),(8105,20,19,179,'M',3),(8106,20,27,179,'M',2),(8107,20,1,160,'W',3),(8108,20,1,160,'W',2),(8109,20,1,160,'W',1),(8110,20,1,160,'W',3),(8111,20,1,160,'W',3),(8112,20,1,160,'W',1),(8113,20,1,160,'W',3),(8114,20,1,160,'W',1),(8115,20,1,160,'W',2),(8116,20,1,160,'W',2),(8117,20,2,160,'M',1),(8118,20,2,160,'W',1),(8119,20,2,160,'W',2),(8120,20,2,160,'W',1),(8121,20,2,160,'W',1),(8122,20,2,160,'M',2),(8123,20,2,160,'W',1),(8124,20,2,160,'W',1),(8125,20,6,160,'M',3),(8126,20,7,160,'M',3),(8127,20,7,160,'M',1),(8128,20,7,160,'M',2),(8129,20,7,160,'W',1),(8130,20,10,160,'W',2),(8131,20,10,160,'M',3),(8132,20,13,160,'W',1),(8133,20,13,160,'W',1),(8134,20,13,160,'W',3),(8135,20,13,160,'W',2),(8136,20,13,160,'W',1),(8137,20,13,160,'W',3),(8138,20,13,160,'W',1),(8139,20,13,160,'W',2),(8140,20,14,160,'M',2),(8141,20,14,160,'M',2),(8142,20,14,160,'M',2),(8143,20,14,160,'M',3),(8144,20,14,160,'M',1),(8145,20,14,160,'M',1),(8146,20,14,160,'M',2),(8147,20,14,160,'M',2),(8148,20,15,160,'M',3),(8149,20,17,160,'M',3),(8150,20,17,160,'M',3),(8151,20,18,160,'M',3),(8152,20,18,160,'M',3),(8153,20,18,160,'M',3),(8154,20,18,160,'M',1),(8155,20,18,160,'M',2),(8156,20,18,160,'M',1),(8157,20,19,160,'W',3),(8158,20,27,160,'M',2),(8159,20,6,157,'M',2),(8160,20,6,157,'M',3),(8161,20,1,155,'M',3),(8162,20,1,155,'M',1),(8163,20,1,155,'W',3),(8164,20,27,149,'X',2),(8165,20,16,146,'M',1),(8166,20,2,143,'M',1),(8167,20,2,143,'M',3),(8168,20,6,143,'M',2),(8169,20,7,143,'M',1),(8170,20,7,143,'M',1),(8171,20,7,143,'M',1),(8172,20,7,143,'M',1),(8173,20,9,143,'X',1),(8174,20,30,143,'M',3),(8175,20,30,143,'M',1),(8176,20,30,143,'X',1),(8177,20,1,141,'W',2),(8178,20,2,141,'M',3),(8179,20,8,141,'M',3),(8180,20,1,139,'M',3),(8181,20,6,139,'M',2),(8182,20,1,137,'W',1),(8183,20,2,137,'W',2),(8184,20,2,137,'W',3),(8185,20,6,137,'M',3),(8186,20,7,137,'W',3),(8187,20,16,137,'W',1),(8188,20,19,137,'W',3),(8189,20,19,137,'W',1),(8190,20,19,137,'W',3),(8191,20,19,137,'W',1),(8192,20,19,137,'W',3),(8193,20,19,137,'W',2),(8194,20,30,137,'M',1),(8195,20,1,123,'M',1),(8196,20,1,123,'M',2),(8197,20,1,123,'M',1),(8198,20,6,123,'M',2),(8199,20,8,123,'M',3),(8200,20,18,123,'M',2),(8201,20,1,118,'W',1),(8202,20,1,118,'M',1),(8203,20,5,104,'W',2),(8204,20,6,104,'M',3),(8205,20,6,104,'M',2),(8206,20,6,104,'M',1),(8207,20,15,104,'W',2),(8208,20,17,104,'M',2),(8209,20,17,104,'M',3),(8210,20,17,104,'M',2),(8211,20,17,104,'M',1),(8212,20,17,104,'M',1),(8213,20,18,104,'M',3),(8214,20,18,104,'M',2),(8215,20,18,104,'M',3),(8216,20,18,104,'M',3),(8217,20,18,104,'M',1),(8218,20,18,104,'M',3),(8219,20,18,104,'M',1),(8220,20,26,104,'W',3),(8221,20,26,104,'W',1),(8222,20,1,100,'M',3),(8223,20,1,100,'M',1),(8224,20,6,100,'M',3),(8225,20,8,98,'M',3),(8226,20,13,98,'M',3),(8227,20,13,98,'M',3),(8228,20,13,98,'M',1),(8229,20,13,98,'M',1),(8230,20,13,98,'M',2),(8231,20,13,98,'M',1),(8232,20,13,98,'M',3),(8233,20,13,98,'M',2),(8234,20,13,98,'M',2),(8235,20,14,98,'M',3),(8236,20,14,98,'M',3),(8237,20,14,98,'M',3),(8238,20,17,98,'M',1),(8239,20,17,98,'M',1),(8240,20,17,98,'M',1),(8241,20,17,98,'M',3),(8242,20,17,98,'M',1),(8243,20,18,98,'M',2),(8244,20,18,98,'M',3),(8245,20,18,98,'M',1),(8246,20,18,98,'M',2),(8247,20,18,98,'M',2),(8248,20,18,98,'M',2),(8249,20,18,98,'M',3),(8250,20,18,98,'M',1),(8251,20,18,98,'M',2),(8252,20,19,98,'W',3),(8253,20,19,98,'W',3),(8254,20,26,98,'M',3),(8255,20,27,98,'M',1),(8256,20,29,98,'W',3),(8257,20,1,96,'W',3),(8258,20,1,96,'W',3),(8259,20,1,96,'M',2),(8260,20,1,94,'M',1),(8261,20,1,94,'W',1),(8262,20,1,94,'M',3),(8263,20,1,94,'M',3),(8264,20,1,94,'W',2),(8265,20,1,94,'M',3),(8266,20,1,94,'M',1),(8267,20,2,94,'M',1),(8268,20,6,94,'M',2),(8269,20,6,94,'M',2),(8270,20,6,94,'M',1),(8271,20,6,94,'M',3),(8272,20,6,94,'M',3),(8273,20,8,94,'M',1),(8274,20,10,94,'M',3),(8275,20,10,94,'M',3),(8276,20,10,94,'M',1),(8277,20,10,94,'W',3),(8278,20,10,94,'M',1),(8279,20,10,94,'M',2),(8280,20,10,94,'M',1),(8281,20,14,94,'M',1),(8282,20,17,94,'M',2),(8283,20,18,94,'M',1),(8284,20,20,94,'M',3),(8285,20,20,94,'M',1),(8286,20,20,94,'M',1),(8287,20,27,94,'W',2),(8288,20,27,94,'X',3),(8289,20,27,94,'X',1),(8290,20,30,94,'X',3),(8291,20,29,94,'M',3),(8292,20,17,91,'M',3),(8293,20,1,89,'M',2),(8294,20,18,76,'M',3),(8295,20,18,76,'M',2),(8296,20,1,70,'M',2),(8297,20,1,70,'W',2),(8298,20,1,70,'M',1),(8299,20,1,70,'M',2),(8300,20,1,70,'W',2),(8301,20,1,70,'W',3),(8302,20,1,70,'W',3),(8303,20,1,70,'M',2),(8304,20,1,70,'M',2),(8305,20,1,70,'M',1),(8306,20,1,70,'M',2),(8307,20,1,70,'W',3),(8308,20,1,70,'W',1),(8309,20,1,70,'W',3),(8310,20,1,70,'M',3),(8311,20,1,70,'M',3),(8312,20,2,70,'M',1),(8313,20,6,70,'M',3),(8314,20,9,70,'X',3),(8315,20,9,70,'X',2),(8316,20,9,70,'X',2),(8317,20,9,70,'X',2),(8318,20,14,70,'M',3),(8319,20,16,70,'M',3),(8320,20,17,70,'M',3),(8321,20,17,70,'M',3),(8322,20,17,70,'M',2),(8323,20,18,70,'M',3),(8324,20,19,70,'M',3),(8325,20,19,70,'W',3),(8326,20,19,70,'W',2),(8327,20,19,70,'M',3),(8328,20,19,70,'W',3),(8329,20,27,70,'M',3),(8330,20,27,70,'M',3),(8331,20,27,70,'M',1),(8332,20,27,70,'M',3),(8333,20,30,70,'X',3),(8334,20,1,216,'M',3),(8335,20,1,216,'W',3),(8336,20,1,216,'M',3),(8337,20,1,216,'M',2),(8338,20,1,216,'M',1),(8339,20,1,216,'M',3),(8340,20,1,216,'M',2),(8341,20,1,216,'W',3),(8342,20,1,216,'M',1),(8343,20,1,216,'W',1),(8344,20,1,216,'W',1),(8345,20,2,216,'W',3),(8346,20,2,216,'M',1),(8347,20,2,216,'M',2),(8348,20,6,216,'M',3),(8349,20,7,216,'M',1),(8350,20,7,216,'W',2),(8351,20,7,216,'W',3),(8352,20,8,216,'W',3),(8353,20,8,216,'M',1),(8354,20,8,216,'M',2),(8355,20,8,216,'M',2),(8356,20,8,216,'M',3),(8357,20,9,216,'X',1),(8358,20,9,216,'X',1),(8359,20,9,216,'X',3),(8360,20,9,216,'X',3),(8361,20,9,216,'X',3),(8362,20,10,216,'M',1),(8363,20,10,216,'M',2),(8364,20,10,216,'W',2),(8365,20,10,216,'M',2),(8366,20,10,216,'W',1),(8367,20,13,216,'W',3),(8368,20,14,216,'M',3),(8369,20,14,216,'M',1),(8370,20,14,216,'M',1),(8371,20,15,216,'M',2),(8372,20,16,216,'M',2),(8373,20,16,216,'W',2),(8374,20,17,216,'M',1),(8375,20,17,216,'M',3),(8376,20,17,216,'M',3),(8377,20,18,216,'M',2),(8378,20,18,216,'M',2),(8379,20,18,216,'M',1),(8380,20,19,216,'M',1),(8381,20,19,216,'W',3),(8382,20,19,216,'M',3),(8383,20,19,216,'M',2),(8384,20,19,216,'W',3),(8385,20,19,216,'M',3),(8386,20,19,216,'M',1),(8387,20,19,216,'W',3),(8388,20,19,216,'W',3),(8389,20,19,216,'W',2),(8390,20,19,216,'M',2),(8391,20,19,216,'M',3),(8392,20,27,216,'W',2),(8393,20,30,216,'X',2),(8394,20,1,66,'W',3),(8395,20,1,66,'M',2),(8396,20,1,66,'M',3),(8397,20,1,66,'M',1),(8398,20,6,66,'M',3),(8399,20,7,66,'M',3),(8400,20,7,66,'M',3),(8401,20,7,66,'M',2),(8402,20,7,66,'M',3),(8403,20,8,66,'M',3),(8404,20,10,66,'M',3),(8405,20,10,66,'M',1),(8406,20,10,66,'M',2),(8407,20,10,66,'M',3),(8408,20,10,66,'W',3),(8409,20,10,66,'M',1),(8410,20,10,66,'M',2),(8411,20,11,66,'M',1),(8412,20,13,66,'M',3),(8413,20,17,66,'M',2),(8414,20,17,66,'M',3),(8415,20,17,66,'M',3),(8416,20,19,66,'W',3),(8417,20,19,66,'M',2),(8418,20,20,66,'M',3),(8419,20,27,66,'M',1),(8420,20,27,66,'M',2),(8421,20,30,66,'M',3),(8422,20,1,65,'M',3),(8423,20,1,65,'M',1),(8424,20,1,65,'M',1),(8425,20,1,65,'W',2),(8426,20,2,65,'M',1),(8427,20,6,65,'M',3),(8428,20,14,65,'M',3),(8429,20,14,65,'M',3),(8430,20,18,65,'M',3),(8431,20,18,65,'M',2),(8432,20,18,65,'M',1),(8433,20,27,65,'M',3),(8434,20,1,61,'M',3),(8435,20,2,61,'M',2),(8436,20,5,61,'M',2),(8437,20,7,61,'M',3),(8438,20,30,61,'M',1),(8439,20,17,58,'M',2),(8440,20,6,56,'M',3),(8441,20,2,53,'M',3),(8442,20,2,53,'W',3),(8443,20,7,53,'M',3),(8444,20,7,53,'M',2),(8445,20,9,53,'X',2),(8446,20,27,53,'X',2),(8447,20,27,44,'M',2),(8448,20,6,41,'M',3),(8449,20,1,40,'M',2),(8450,20,1,39,'M',3),(8451,20,5,39,'W',3),(8452,20,10,39,'W',1),(8453,20,13,39,'M',1),(8454,20,13,39,'M',2),(8455,20,13,39,'M',2),(8456,20,13,39,'M',3),(8457,20,13,39,'M',1),(8458,20,13,39,'M',1),(8459,20,13,39,'M',2),(8460,20,13,39,'W',3),(8461,20,13,39,'W',1),(8462,20,13,39,'M',1),(8463,20,13,39,'M',2),(8464,20,14,39,'M',1),(8465,20,14,39,'M',2),(8466,20,14,39,'M',1),(8467,20,14,39,'M',2),(8468,20,14,39,'M',1),(8469,20,14,39,'M',1),(8470,20,15,39,'W',3),(8471,20,19,39,'M',3),(8472,20,19,39,'W',1),(8473,20,19,39,'M',2),(8474,20,26,39,'W',2),(8475,20,27,39,'W',3),(8476,20,27,39,'M',3),(8477,20,27,39,'M',1),(8478,20,27,39,'W',1),(8479,20,27,39,'M',3),(8480,20,27,39,'M',1),(8481,20,29,39,'W',1),(8482,20,1,34,'M',3),(8483,20,1,34,'W',3),(8484,20,1,34,'M',3),(8485,20,1,34,'W',2),(8486,20,1,34,'W',2),(8487,20,2,34,'W',3),(8488,20,2,34,'M',1),(8489,20,2,34,'W',2),(8490,20,2,34,'W',2),(8491,20,2,34,'M',3),(8492,20,2,34,'M',3),(8493,20,6,34,'M',3),(8494,20,6,34,'M',2),(8495,20,6,34,'M',2),(8496,20,7,34,'M',2),(8497,20,7,34,'M',1),(8498,20,7,34,'M',1),(8499,20,7,34,'M',3),(8500,20,7,34,'W',2),(8501,20,7,34,'W',3),(8502,20,8,34,'M',2),(8503,20,8,34,'M',2),(8504,20,13,34,'W',1),(8505,20,14,34,'M',2),(8506,20,17,34,'M',3),(8507,20,18,34,'M',2),(8508,20,18,34,'M',3),(8509,20,19,34,'W',1),(8510,20,19,34,'M',3),(8511,20,19,34,'M',2),(8512,20,19,34,'W',2),(8513,20,19,34,'M',3),(8514,20,19,34,'M',1),(8515,20,19,34,'W',1),(8516,20,19,34,'M',1),(8517,20,19,34,'M',1),(8518,20,19,34,'M',2),(8519,20,19,34,'W',3),(8520,20,19,34,'W',2),(8521,20,19,34,'W',2),(8522,20,27,34,'W',1),(8523,20,30,34,'X',3),(8524,20,30,34,'X',2),(8525,20,30,34,'M',3),(8526,20,1,27,'M',1),(8527,20,11,27,'M',2),(8528,20,17,27,'M',3),(8529,20,17,27,'M',3),(8530,20,17,27,'M',2),(8531,20,19,27,'M',2),(8532,20,30,27,'X',2),(8533,20,29,27,'M',2),(8534,20,2,18,'M',2),(8535,20,2,18,'W',3),(8536,20,8,18,'M',1),(8537,20,19,18,'W',3),(8538,20,17,12,'M',3),(8539,20,17,12,'M',1),(8540,20,27,12,'M',2),(8541,20,1,11,'W',1),(8542,20,1,11,'M',2),(8543,20,1,11,'W',3),(8544,20,2,11,'M',3),(8545,20,2,11,'W',3),(8546,20,2,11,'M',2),(8547,20,7,11,'M',3),(8548,20,8,11,'M',1),(8549,20,14,11,'M',1),(8550,20,14,11,'M',2),(8551,20,19,11,'M',3),(8552,20,19,11,'M',3),(8553,20,19,11,'M',2),(8554,20,19,11,'M',2),(8555,20,19,11,'M',1),(8556,20,19,11,'W',2),(8557,20,19,11,'W',3),(8558,20,19,11,'M',3),(8559,20,19,11,'M',3),(8560,20,19,11,'W',2),(8561,20,19,11,'M',2),(8562,20,19,11,'M',3),(8563,20,27,11,'W',3),(8564,20,30,11,'X',3),(8565,20,6,3,'M',3),(8566,20,6,3,'M',3),(8567,21,2,224,'M',3),(8568,21,5,224,'M',2),(8569,21,5,224,'W',2),(8570,21,6,224,'M',3),(8571,21,15,224,'M',3),(8572,21,18,224,'M',2),(8573,21,19,224,'M',1),(8574,21,25,224,'M',2),(8575,21,25,224,'W',3),(8576,21,27,224,'W',1),(8577,21,27,224,'M',1),(8578,21,27,224,'W',3),(8579,21,1,201,'M',3),(8580,21,1,201,'M',1),(8581,21,1,201,'W',1),(8582,21,1,201,'W',2),(8583,21,1,201,'M',3),(8584,21,1,201,'M',1),(8585,21,1,201,'M',1),(8586,21,1,201,'M',2),(8587,21,1,201,'W',1),(8588,21,1,201,'M',3),(8589,21,1,201,'M',1),(8590,21,1,201,'M',2),(8591,21,1,201,'M',3),(8592,21,1,201,'M',1),(8593,21,1,201,'W',1),(8594,21,1,201,'M',1),(8595,21,1,201,'W',2),(8596,21,1,201,'W',3),(8597,21,1,201,'W',1),(8598,21,1,201,'M',2),(8599,21,1,201,'W',1),(8600,21,1,201,'M',3),(8601,21,1,201,'M',1),(8602,21,1,201,'M',2),(8603,21,1,201,'W',1),(8604,21,1,201,'M',2),(8605,21,2,201,'M',3),(8606,21,2,201,'M',2),(8607,21,2,201,'W',2),(8608,21,5,201,'M',3),(8609,21,5,201,'W',1),(8610,21,6,201,'M',2),(8611,21,6,201,'M',2),(8612,21,6,201,'M',1),(8613,21,6,201,'M',3),(8614,21,6,201,'M',3),(8615,21,6,201,'M',2),(8616,21,6,201,'M',1),(8617,21,6,201,'M',1),(8618,21,7,201,'M',1),(8619,21,7,201,'M',1),(8620,21,8,201,'W',3),(8621,21,9,201,'X',2),(8622,21,9,201,'X',2),(8623,21,13,201,'W',3),(8624,21,17,201,'M',2),(8625,21,17,201,'M',3),(8626,21,18,201,'M',2),(8627,21,18,201,'M',1),(8628,21,18,201,'M',3),(8629,21,18,201,'M',1),(8630,21,18,201,'M',3),(8631,21,18,201,'M',3),(8632,21,19,201,'M',1),(8633,21,19,201,'W',3),(8634,21,19,201,'W',2),(8635,21,19,201,'M',1),(8636,21,19,201,'W',3),(8637,21,19,201,'M',2),(8638,21,19,201,'M',2),(8639,21,19,201,'M',1),(8640,21,19,201,'M',2),(8641,21,19,201,'W',3),(8642,21,19,201,'M',3),(8643,21,19,201,'W',1),(8644,21,19,201,'M',2),(8645,21,19,201,'W',1),(8646,21,19,201,'M',1),(8647,21,19,201,'W',3),(8648,21,19,201,'M',1),(8649,21,19,201,'W',2),(8650,21,19,201,'M',1),(8651,21,19,201,'M',1),(8652,21,19,201,'M',2),(8653,21,19,201,'W',3),(8654,21,19,201,'W',1),(8655,21,19,201,'W',2),(8656,21,19,201,'W',2),(8657,21,19,201,'M',2),(8658,21,24,201,'M',1),(8659,21,24,201,'W',1),(8660,21,24,201,'M',3),(8661,21,24,201,'M',2),(8662,21,24,201,'W',3),(8663,21,26,201,'M',1),(8664,21,26,201,'M',2),(8665,21,26,201,'W',3),(8666,21,27,201,'M',2),(8667,21,30,201,'M',3),(8668,21,30,201,'W',1),(8669,21,30,201,'M',3),(8670,21,30,201,'X',2),(8671,21,30,201,'X',2),(8672,21,29,201,'M',1),(8673,21,1,223,'W',3),(8674,21,1,223,'W',1),(8675,21,1,223,'W',3),(8676,21,1,223,'W',2),(8677,21,1,223,'W',1),(8678,21,1,223,'W',3),(8679,21,1,223,'W',1),(8680,21,1,223,'W',2),(8681,21,1,223,'M',1),(8682,21,1,223,'W',3),(8683,21,1,223,'W',1),(8684,21,1,223,'M',1),(8685,21,1,223,'M',2),(8686,21,1,223,'M',3),(8687,21,1,223,'M',1),(8688,21,1,223,'M',2),(8689,21,1,223,'M',3),(8690,21,1,223,'M',1),(8691,21,1,223,'W',3),(8692,21,1,223,'W',3),(8693,21,1,223,'M',3),(8694,21,1,223,'M',1),(8695,21,1,223,'M',2),(8696,21,1,223,'W',1),(8697,21,1,223,'M',3),(8698,21,1,223,'M',2),(8699,21,2,223,'M',3),(8700,21,2,223,'M',2),(8701,21,2,223,'W',2),(8702,21,5,223,'M',1),(8703,21,5,223,'W',3),(8704,21,6,223,'M',3),(8705,21,6,223,'M',3),(8706,21,6,223,'M',1),(8707,21,6,223,'M',2),(8708,21,7,223,'M',1),(8709,21,7,223,'M',2),(8710,21,7,223,'M',1),(8711,21,7,223,'M',1),(8712,21,7,223,'M',2),(8713,21,7,223,'M',2),(8714,21,8,223,'W',3),(8715,21,8,223,'M',1),(8716,21,8,223,'M',1),(8717,21,8,223,'M',3),(8718,21,8,223,'W',1),(8719,21,8,223,'M',2),(8720,21,8,223,'M',1),(8721,21,10,223,'M',3),(8722,21,10,223,'M',3),(8723,21,10,223,'M',3),(8724,21,10,223,'M',1),(8725,21,10,223,'M',2),(8726,21,11,223,'M',1),(8727,21,13,223,'W',2),(8728,21,13,223,'M',1),(8729,21,13,223,'M',2),(8730,21,13,223,'W',2),(8731,21,13,223,'M',1),(8732,21,13,223,'M',3),(8733,21,13,223,'M',1),(8734,21,13,223,'M',2),(8735,21,13,223,'W',3),(8736,21,13,223,'W',1),(8737,21,13,223,'M',1),(8738,21,13,223,'M',2),(8739,21,13,223,'M',1),(8740,21,13,223,'M',1),(8741,21,13,223,'M',1),(8742,21,13,223,'W',1),(8743,21,13,223,'W',3),(8744,21,13,223,'W',1),(8745,21,13,223,'W',3),(8746,21,13,223,'W',1),(8747,21,14,223,'M',1),(8748,21,14,223,'M',1),(8749,21,14,223,'M',1),(8750,21,14,223,'M',2),(8751,21,14,223,'M',1),(8752,21,14,223,'M',1),(8753,21,14,223,'M',2),(8754,21,14,223,'M',1),(8755,21,15,223,'M',1),(8756,21,15,223,'W',3),(8757,21,17,223,'M',3),(8758,21,17,223,'M',3),(8759,21,17,223,'M',3),(8760,21,17,223,'M',3),(8761,21,17,223,'M',2),(8762,21,18,223,'M',3),(8763,21,18,223,'M',1),(8764,21,18,223,'M',3),(8765,21,18,223,'M',1),(8766,21,18,223,'M',2),(8767,21,18,223,'M',1),(8768,21,18,223,'M',2),(8769,21,18,223,'M',1),(8770,21,18,223,'M',2),(8771,21,18,223,'M',1),(8772,21,18,223,'M',1),(8773,21,18,223,'M',1),(8774,21,18,223,'M',2),(8775,21,18,223,'M',1),(8776,21,18,223,'M',3),(8777,21,19,223,'M',3),(8778,21,19,223,'M',3),(8779,21,19,223,'M',1),(8780,21,19,223,'M',1),(8781,21,19,223,'M',3),(8782,21,19,223,'W',2),(8783,21,19,223,'M',2),(8784,21,19,223,'M',3),(8785,21,19,223,'M',3),(8786,21,19,223,'M',3),(8787,21,20,223,'M',3),(8788,21,26,223,'M',3),(8789,21,27,223,'W',3),(8790,21,27,223,'W',2),(8791,21,27,223,'W',3),(8792,21,27,223,'W',1),(8793,21,27,223,'W',1),(8794,21,27,223,'M',1),(8795,21,27,223,'M',3),(8796,21,27,223,'W',3),(8797,21,27,223,'M',3),(8798,21,27,223,'M',3),(8799,21,27,223,'X',1),(8800,21,30,223,'M',2),(8801,21,30,223,'W',3),(8802,21,29,223,'M',2),(8803,21,29,223,'W',1),(8804,21,14,195,'M',1),(8805,21,18,195,'M',2),(8806,21,6,187,'M',3),(8807,21,1,220,'M',1),(8808,21,1,220,'M',2),(8809,21,18,220,'M',3),(8810,21,24,220,'M',3),(8811,21,24,220,'W',2),(8812,21,24,220,'M',1),(8813,21,27,220,'M',1),(8814,21,27,220,'X',2),(8815,21,1,182,'M',3),(8816,21,6,182,'M',2),(8817,21,6,182,'M',3),(8818,21,8,182,'M',3),(8819,21,18,182,'M',3),(8820,21,19,182,'M',2),(8821,21,24,182,'M',3),(8822,21,24,182,'M',3),(8823,21,25,182,'M',3),(8824,21,27,182,'M',2),(8825,21,30,182,'W',2),(8826,21,19,180,'M',1),(8827,21,1,179,'M',3),(8828,21,2,179,'M',2),(8829,21,9,179,'X',3),(8830,21,9,179,'X',2),(8831,21,9,179,'X',2),(8832,21,1,165,'M',2),(8833,21,1,160,'W',1),(8834,21,1,160,'W',2),(8835,21,2,160,'M',2),(8836,21,2,160,'W',2),(8837,21,2,160,'W',2),(8838,21,2,160,'M',2),(8839,21,2,160,'W',3),(8840,21,2,160,'W',1),(8841,21,2,160,'W',3),(8842,21,6,160,'M',2),(8843,21,13,160,'W',3),(8844,21,13,160,'W',1),(8845,21,13,160,'W',1),(8846,21,13,160,'M',3),(8847,21,13,160,'W',2),(8848,21,13,160,'W',2),(8849,21,13,160,'W',1),(8850,21,13,160,'W',3),(8851,21,13,160,'W',2),(8852,21,14,160,'M',2),(8853,21,18,160,'M',1),(8854,21,19,160,'W',3),(8855,21,19,160,'W',2),(8856,21,27,160,'M',1),(8857,21,1,155,'W',1),(8858,21,6,154,'M',3),(8859,21,6,154,'M',3),(8860,21,6,154,'M',3),(8861,21,6,154,'M',3),(8862,21,7,154,'M',3),(8863,21,7,154,'M',2),(8864,21,7,154,'W',3),(8865,21,8,154,'M',2),(8866,21,10,154,'M',2),(8867,21,14,154,'M',3),(8868,21,17,154,'M',2),(8869,21,17,154,'M',1),(8870,21,18,154,'M',2),(8871,21,18,154,'M',3),(8872,21,18,154,'M',1),(8873,21,19,154,'M',3),(8874,21,6,150,'M',3),(8875,21,29,149,'W',2),(8876,21,6,146,'M',3),(8877,21,2,143,'M',3),(8878,21,2,143,'W',3),(8879,21,2,143,'M',3),(8880,21,7,143,'M',3),(8881,21,7,143,'M',2),(8882,21,7,143,'M',1),(8883,21,9,143,'X',1),(8884,21,9,143,'X',3),(8885,21,9,143,'X',3),(8886,21,19,143,'M',3),(8887,21,19,143,'M',3),(8888,21,30,143,'M',1),(8889,21,30,143,'M',3),(8890,21,30,143,'X',2),(8891,21,2,141,'M',2),(8892,21,15,141,'W',2),(8893,21,18,141,'M',1),(8894,21,27,141,'M',1),(8895,21,30,141,'X',2),(8896,21,2,137,'M',1),(8897,21,6,137,'M',3),(8898,21,7,137,'W',3),(8899,21,8,137,'W',1),(8900,21,8,137,'M',2),(8901,21,16,137,'M',3),(8902,21,16,137,'W',3),(8903,21,17,137,'M',3),(8904,21,19,137,'W',2),(8905,21,6,124,'M',3),(8906,21,6,123,'M',3),(8907,21,19,123,'M',3),(8908,21,1,118,'M',1),(8909,21,1,118,'M',3),(8910,21,6,118,'M',3),(8911,21,6,104,'M',1),(8912,21,6,104,'M',3),(8913,21,6,104,'M',1),(8914,21,6,104,'M',2),(8915,21,13,104,'M',3),(8916,21,14,104,'M',2),(8917,21,14,104,'M',3),(8918,21,15,104,'M',2),(8919,21,15,104,'W',1),(8920,21,16,104,'W',2),(8921,21,17,104,'M',1),(8922,21,17,104,'M',3),(8923,21,17,104,'M',1),(8924,21,18,104,'M',3),(8925,21,18,104,'M',2),(8926,21,18,104,'M',1),(8927,21,18,104,'M',3),(8928,21,18,104,'M',3),(8929,21,18,104,'M',3),(8930,21,18,104,'M',2),(8931,21,18,104,'M',1),(8932,21,18,104,'M',3),(8933,21,25,104,'M',3),(8934,21,25,104,'W',1),(8935,21,25,104,'M',1),(8936,21,25,104,'M',2),(8937,21,26,104,'M',2),(8938,21,26,104,'W',3),(8939,21,26,104,'W',1),(8940,21,26,104,'W',2),(8941,21,26,104,'M',1),(8942,21,26,104,'W',1),(8943,21,27,104,'M',2),(8944,21,1,100,'M',3),(8945,21,1,100,'M',1),(8946,21,1,100,'M',1),(8947,21,1,100,'M',2),(8948,21,1,100,'M',1),(8949,21,1,100,'M',1),(8950,21,1,100,'M',2),(8951,21,6,100,'M',1),(8952,21,6,100,'M',3),(8953,21,13,98,'M',3),(8954,21,13,98,'M',3),(8955,21,17,98,'M',3),(8956,21,17,98,'M',1),(8957,21,17,98,'M',3),(8958,21,17,98,'M',3),(8959,21,18,98,'M',1),(8960,21,18,98,'M',1),(8961,21,18,98,'M',2),(8962,21,18,98,'M',2),(8963,21,19,98,'M',1),(8964,21,19,98,'W',3),(8965,21,19,98,'W',3),(8966,21,27,98,'W',2),(8967,21,1,96,'W',2),(8968,21,1,96,'M',2),(8969,21,1,94,'M',2),(8970,21,1,94,'M',3),(8971,21,1,94,'M',1),(8972,21,2,94,'M',1),(8973,21,2,94,'M',1),(8974,21,6,94,'M',1),(8975,21,10,94,'M',1),(8976,21,10,94,'W',2),(8977,21,10,94,'M',3),(8978,21,10,94,'M',3),(8979,21,18,94,'M',1),(8980,21,19,94,'M',3),(8981,21,20,94,'M',2),(8982,21,20,94,'M',2),(8983,21,30,93,'M',2),(8984,21,18,88,'M',2),(8985,21,26,86,'W',2),(8986,21,6,85,'M',3),(8987,21,7,85,'M',1),(8988,21,7,85,'M',3),(8989,21,7,85,'M',1),(8990,21,7,85,'W',2),(8991,21,10,85,'M',3),(8992,21,10,85,'W',3),(8993,21,10,85,'M',1),(8994,21,13,85,'M',1),(8995,21,14,85,'M',2),(8996,21,14,85,'M',2),(8997,21,18,85,'M',1),(8998,21,18,85,'M',2),(8999,21,19,85,'W',2),(9000,21,19,85,'M',2),(9001,21,19,85,'W',1),(9002,21,19,85,'M',1),(9003,21,19,85,'M',1),(9004,21,19,85,'M',1),(9005,21,20,85,'M',1),(9006,21,20,85,'M',1),(9007,21,27,85,'M',3),(9008,21,27,85,'M',3),(9009,21,18,76,'M',3),(9010,21,1,217,'W',3),(9011,21,1,217,'W',2),(9012,21,1,217,'M',3),(9013,21,1,217,'W',3),(9014,21,1,217,'M',2),(9015,21,1,217,'W',2),(9016,21,1,217,'W',3),(9017,21,1,217,'W',2),(9018,21,1,217,'W',3),(9019,21,1,217,'M',3),(9020,21,1,217,'M',3),(9021,21,1,217,'M',2),(9022,21,1,217,'W',1),(9023,21,1,217,'W',2),(9024,21,1,217,'M',1),(9025,21,1,217,'M',2),(9026,21,1,217,'M',1),(9027,21,1,217,'W',1),(9028,21,1,217,'W',2),(9029,21,1,217,'W',3),(9030,21,1,217,'W',2),(9031,21,1,217,'W',3),(9032,21,1,217,'W',1),(9033,21,1,217,'W',2),(9034,21,1,217,'W',3),(9035,21,1,217,'M',1),(9036,21,1,217,'W',2),(9037,21,2,217,'W',1),(9038,21,2,217,'W',1),(9039,21,2,217,'M',1),(9040,21,2,217,'M',1),(9041,21,2,217,'W',1),(9042,21,2,217,'M',2),(9043,21,2,217,'M',3),(9044,21,2,217,'W',1),(9045,21,2,217,'M',1),(9046,21,2,217,'W',1),(9047,21,6,217,'M',2),(9048,21,6,217,'M',1),(9049,21,6,217,'M',1),(9050,21,7,217,'M',2),(9051,21,7,217,'M',1),(9052,21,7,217,'M',2),(9053,21,7,217,'M',3),(9054,21,7,217,'M',2),(9055,21,7,217,'W',2),(9056,21,7,217,'W',1),(9057,21,7,217,'M',3),(9058,21,7,217,'W',1),(9059,21,8,217,'M',1),(9060,21,8,217,'M',1),(9061,21,8,217,'M',3),(9062,21,8,217,'W',2),(9063,21,8,217,'M',1),(9064,21,8,217,'M',2),(9065,21,10,217,'M',2),(9066,21,13,217,'M',3),(9067,21,13,217,'M',3),(9068,21,13,217,'M',3),(9069,21,13,217,'M',1),(9070,21,13,217,'M',2),(9071,21,13,217,'W',3),(9072,21,13,217,'W',2),(9073,21,13,217,'M',2),(9074,21,14,217,'M',3),(9075,21,14,217,'M',1),(9076,21,14,217,'M',2),(9077,21,17,217,'M',2),(9078,21,17,217,'M',2),(9079,21,17,217,'M',3),(9080,21,18,217,'M',3),(9081,21,19,217,'W',3),(9082,21,19,217,'W',1),(9083,21,19,217,'W',3),(9084,21,19,217,'W',1),(9085,21,19,217,'W',2),(9086,21,19,217,'W',1),(9087,21,19,217,'M',3),(9088,21,19,217,'M',2),(9089,21,19,217,'W',3),(9090,21,19,217,'W',2),(9091,21,19,217,'W',1),(9092,21,19,217,'W',1),(9093,21,19,217,'W',2),(9094,21,19,217,'W',3),(9095,21,19,217,'W',1),(9096,21,19,217,'M',2),(9097,21,19,217,'W',1),(9098,21,19,217,'M',1),(9099,21,19,217,'W',3),(9100,21,19,217,'W',2),(9101,21,19,217,'W',3),(9102,21,19,217,'M',3),(9103,21,19,217,'W',1),(9104,21,19,217,'W',1),(9105,21,19,217,'M',2),(9106,21,19,217,'W',3),(9107,21,19,217,'W',1),(9108,21,19,217,'W',2),(9109,21,27,217,'M',2),(9110,21,27,217,'X',1),(9111,21,30,217,'X',1),(9112,21,1,70,'W',2),(9113,21,1,70,'M',2),(9114,21,1,70,'M',2),(9115,21,1,70,'M',2),(9116,21,1,70,'W',3),(9117,21,1,70,'M',3),(9118,21,1,70,'M',2),(9119,21,1,70,'W',2),(9120,21,2,70,'M',1),(9121,21,2,70,'M',3),(9122,21,6,70,'M',3),(9123,21,9,70,'X',2),(9124,21,9,70,'X',3),(9125,21,9,70,'X',2),(9126,21,9,70,'X',2),(9127,21,16,70,'M',1),(9128,21,17,70,'M',3),(9129,21,19,70,'M',1),(9130,21,19,70,'M',3),(9131,21,19,70,'M',2),(9132,21,20,70,'M',3),(9133,21,26,70,'M',3),(9134,21,27,70,'M',1),(9135,21,27,70,'M',2),(9136,21,30,70,'X',1),(9137,21,1,216,'W',3),(9138,21,1,216,'M',3),(9139,21,1,216,'M',2),(9140,21,1,216,'M',3),(9141,21,2,216,'M',1),(9142,21,2,216,'M',3),(9143,21,2,216,'M',2),(9144,21,6,216,'M',3),(9145,21,8,216,'M',3),(9146,21,8,216,'M',2),(9147,21,8,216,'W',2),(9148,21,8,216,'M',3),(9149,21,9,216,'X',1),(9150,21,9,216,'X',1),(9151,21,9,216,'X',1),(9152,21,9,216,'X',1),(9153,21,9,216,'X',3),(9154,21,9,216,'X',1),(9155,21,10,216,'M',1),(9156,21,10,216,'M',2),(9157,21,10,216,'W',3),(9158,21,10,216,'W',1),(9159,21,10,216,'W',2),(9160,21,10,216,'M',2),(9161,21,10,216,'W',1),(9162,21,11,216,'M',3),(9163,21,14,216,'M',3),(9164,21,14,216,'M',2),(9165,21,14,216,'M',3),(9166,21,16,216,'M',2),(9167,21,17,216,'M',2),(9168,21,17,216,'M',2),(9169,21,18,216,'M',2),(9170,21,19,216,'M',2),(9171,21,19,216,'M',1),(9172,21,19,216,'M',3),(9173,21,24,216,'W',3),(9174,21,24,216,'W',1),(9175,21,27,216,'W',2),(9176,21,27,216,'M',3),(9177,21,27,216,'W',1),(9178,21,1,66,'M',3),(9179,21,6,66,'M',2),(9180,21,7,66,'M',3),(9181,21,9,66,'X',2),(9182,21,9,66,'X',1),(9183,21,9,66,'X',3),(9184,21,10,66,'M',2),(9185,21,10,66,'M',1),(9186,21,10,66,'M',1),(9187,21,17,66,'M',3),(9188,21,17,66,'M',1),(9189,21,19,66,'M',3),(9190,21,19,66,'W',3),(9191,21,27,66,'M',2),(9192,21,30,66,'M',1),(9193,21,30,66,'X',1),(9194,21,1,65,'M',3),(9195,21,1,65,'M',1),(9196,21,18,65,'M',3),(9197,21,18,65,'M',2),(9198,21,19,61,'M',3),(9199,21,24,61,'M',2),(9200,21,27,61,'X',3),(9201,21,30,61,'M',1),(9202,21,1,54,'M',3),(9203,21,8,53,'M',1),(9204,21,19,53,'M',2),(9205,21,30,53,'X',3),(9206,21,30,53,'X',1),(9207,21,19,48,'W',2),(9208,21,6,44,'M',3),(9209,21,1,39,'W',3),(9210,21,2,39,'W',3),(9211,21,2,39,'W',2),(9212,21,13,39,'M',3),(9213,21,13,39,'M',1),(9214,21,14,39,'M',3),(9215,21,14,39,'M',3),(9216,21,14,39,'M',2),(9217,21,14,39,'M',3),(9218,21,14,39,'M',3),(9219,21,19,39,'M',2),(9220,21,19,39,'W',1),(9221,21,19,39,'M',3),(9222,21,19,39,'M',2),(9223,21,19,39,'W',1),(9224,21,19,39,'W',2),(9225,21,19,39,'W',3),(9226,21,19,39,'W',2),(9227,21,19,39,'W',2),(9228,21,19,39,'W',2),(9229,21,25,39,'M',1),(9230,21,25,39,'W',2),(9231,21,25,39,'W',3),(9232,21,25,39,'W',1),(9233,21,25,39,'W',2),(9234,21,27,39,'M',3),(9235,21,27,39,'M',2),(9236,21,29,39,'W',3),(9237,21,27,38,'X',2),(9238,21,1,34,'M',3),(9239,21,6,34,'M',1),(9240,21,6,34,'M',3),(9241,21,6,34,'M',2),(9242,21,9,34,'X',3),(9243,21,9,34,'X',3),(9244,21,19,34,'M',2),(9245,21,19,34,'W',3),(9246,21,19,34,'W',1),(9247,21,19,34,'W',1),(9248,21,30,34,'X',3),(9249,21,1,30,'W',1),(9250,21,1,30,'W',3),(9251,21,1,30,'W',2),(9252,21,1,30,'M',1),(9253,21,2,30,'W',3),(9254,21,2,30,'W',2),(9255,21,2,30,'W',3),(9256,21,6,30,'M',1),(9257,21,6,30,'M',2),(9258,21,7,30,'M',3),(9259,21,7,30,'M',3),(9260,21,7,30,'W',1),(9261,21,7,30,'W',2),(9262,21,7,30,'W',3),(9263,21,13,30,'W',3),(9264,21,13,30,'M',1),(9265,21,13,30,'W',2),(9266,21,14,30,'M',1),(9267,21,14,30,'M',2),(9268,21,14,30,'M',3),(9269,21,14,30,'M',1),(9270,21,18,30,'M',2),(9271,21,18,30,'M',3),(9272,21,18,30,'M',3),(9273,21,18,30,'M',3),(9274,21,18,30,'M',2),(9275,21,18,30,'M',2),(9276,21,18,30,'M',2),(9277,21,18,30,'M',1),(9278,21,19,30,'W',1),(9279,21,19,30,'W',2),(9280,21,19,30,'W',3),(9281,21,24,30,'W',3),(9282,21,27,30,'M',1),(9283,21,27,30,'W',2),(9284,21,1,27,'M',3),(9285,21,1,27,'M',2),(9286,21,11,27,'M',2),(9287,21,17,27,'M',1),(9288,21,30,27,'X',3),(9289,21,30,27,'X',3),(9290,21,17,18,'M',3),(9291,21,27,18,'X',3),(9292,21,17,12,'M',1),(9293,21,1,11,'W',1),(9294,21,1,11,'W',2),(9295,21,6,11,'M',2),(9296,21,7,11,'M',2),(9297,21,7,11,'M',3),(9298,21,8,11,'M',2),(9299,21,8,11,'M',2),(9300,21,8,11,'M',3),(9301,21,8,11,'M',3),(9302,21,16,11,'W',1),(9303,21,19,11,'M',1),(9304,21,19,11,'M',2),(9305,21,19,11,'W',3),(9306,21,24,11,'W',3),(9307,21,24,7,'W',2),(9308,21,29,7,'M',3),(9309,21,30,228,'M',2),(9310,22,1,201,'W',3),(9311,22,1,201,'M',3),(9312,22,1,201,'W',1),(9313,22,1,201,'W',2),(9314,22,1,201,'M',3),(9315,22,1,201,'M',2),(9316,22,1,201,'M',3),(9317,22,1,201,'M',1),(9318,22,1,201,'W',1),(9319,22,1,201,'M',1),(9320,22,1,201,'M',2),(9321,22,1,201,'M',1),(9322,22,1,201,'W',3),(9323,22,1,201,'W',2),(9324,22,1,201,'M',1),(9325,22,1,201,'W',1),(9326,22,1,201,'M',1),(9327,22,1,201,'W',2),(9328,22,1,201,'M',3),(9329,22,1,201,'M',3),(9330,22,1,201,'W',1),(9331,22,1,201,'M',3),(9332,22,1,201,'M',3),(9333,22,1,201,'M',1),(9334,22,1,201,'M',2),(9335,22,1,201,'W',3),(9336,22,1,201,'M',1),(9337,22,1,201,'M',2),(9338,22,1,201,'M',1),(9339,22,1,201,'M',2),(9340,22,2,201,'W',2),(9341,22,2,201,'M',2),(9342,22,2,201,'W',3),(9343,22,5,201,'M',1),(9344,22,5,201,'W',3),(9345,22,6,201,'M',3),(9346,22,6,201,'M',1),(9347,22,6,201,'M',2),(9348,22,7,201,'M',3),(9349,22,7,201,'M',1),(9350,22,7,201,'W',3),(9351,22,8,201,'M',3),(9352,22,8,201,'W',3),(9353,22,9,201,'X',3),(9354,22,9,201,'X',3),(9355,22,9,201,'X',3),(9356,22,13,201,'W',2),(9357,22,13,201,'W',3),(9358,22,13,201,'M',1),(9359,22,13,201,'W',2),(9360,22,13,201,'W',3),(9361,22,13,201,'W',3),(9362,22,17,201,'M',2),(9363,22,18,201,'M',1),(9364,22,18,201,'M',2),(9365,22,18,201,'M',1),(9366,22,18,201,'M',2),(9367,22,18,201,'M',1),(9368,22,18,201,'M',3),(9369,22,18,201,'M',3),(9370,22,18,201,'M',2),(9371,22,19,201,'M',2),(9372,22,19,201,'W',3),(9373,22,19,201,'M',1),(9374,22,19,201,'M',3),(9375,22,19,201,'M',2),(9376,22,19,201,'W',3),(9377,22,19,201,'M',1),(9378,22,19,201,'W',2),(9379,22,19,201,'M',1),(9380,22,19,201,'W',2),(9381,22,19,201,'W',2),(9382,22,19,201,'M',1),(9383,22,19,201,'W',3),(9384,22,19,201,'M',1),(9385,22,19,201,'W',1),(9386,22,19,201,'W',1),(9387,22,19,201,'M',2),(9388,22,19,201,'W',2),(9389,22,19,201,'W',2),(9390,22,19,201,'M',2),(9391,22,19,201,'W',3),(9392,22,19,201,'M',1),(9393,22,19,201,'W',1),(9394,22,19,201,'M',1),(9395,22,19,201,'W',1),(9396,22,19,201,'M',3),(9397,22,19,201,'M',3),(9398,22,19,201,'M',2),(9399,22,19,201,'W',3),(9400,22,19,201,'W',1),(9401,22,19,201,'W',1),(9402,22,19,201,'W',1),(9403,22,24,201,'W',1),(9404,22,24,201,'W',3),(9405,22,24,201,'W',1),(9406,22,27,201,'W',1),(9407,22,27,201,'M',2),(9408,22,30,201,'M',2),(9409,22,30,201,'W',3),(9410,22,30,201,'M',2),(9411,22,30,201,'X',2),(9412,22,30,201,'X',2),(9413,22,30,201,'W',3),(9414,22,30,201,'M',2),(9415,22,30,201,'X',2),(9416,22,30,201,'X',1),(9417,22,29,201,'M',3),(9418,22,29,201,'W',3),(9419,22,14,195,'M',1),(9420,22,17,195,'W',3),(9421,22,18,195,'M',2),(9422,22,18,195,'M',3),(9423,22,18,195,'M',1),(9424,22,18,195,'M',2),(9425,22,4,192,'M',2),(9426,22,6,187,'M',3),(9427,22,1,220,'M',1),(9428,22,1,220,'M',1),(9429,22,2,220,'M',2),(9430,22,7,220,'M',1),(9431,22,7,220,'M',2),(9432,22,27,220,'M',3),(9433,22,27,220,'X',1),(9434,22,1,182,'M',2),(9435,22,7,182,'M',2),(9436,22,7,182,'W',2),(9437,22,7,182,'W',3),(9438,22,15,182,'M',2),(9439,22,18,182,'M',2),(9440,22,18,182,'M',3),(9441,22,19,182,'M',2),(9442,22,19,182,'M',3),(9443,22,19,182,'M',2),(9444,22,25,182,'M',1),(9445,22,27,182,'M',3),(9446,22,19,180,'M',3),(9447,22,24,179,'M',1),(9448,22,2,170,'M',3),(9449,22,2,170,'M',3),(9450,22,1,161,'W',2),(9451,22,24,161,'M',2),(9452,22,1,160,'W',2),(9453,22,2,160,'W',2),(9454,22,2,160,'M',2),(9455,22,2,160,'W',2),(9456,22,2,160,'M',1),(9457,22,2,160,'M',3),(9458,22,2,160,'W',2),(9459,22,2,160,'W',1),(9460,22,6,160,'M',3),(9461,22,10,160,'W',3),(9462,22,13,160,'W',3),(9463,22,13,160,'W',1),(9464,22,13,160,'W',3),(9465,22,13,160,'W',2),(9466,22,13,160,'W',1),(9467,22,14,160,'M',3),(9468,22,18,160,'M',3),(9469,22,27,160,'M',3),(9470,22,1,158,'M',3),(9471,22,6,157,'M',3),(9472,22,6,156,'M',1),(9473,22,6,156,'M',3),(9474,22,13,156,'M',1),(9475,22,14,156,'M',3),(9476,22,18,156,'M',1),(9477,22,18,156,'M',1),(9478,22,18,156,'M',3),(9479,22,25,156,'W',3),(9480,22,25,156,'W',3),(9481,22,1,154,'M',3),(9482,22,2,154,'M',3),(9483,22,2,154,'M',3),(9484,22,6,154,'M',3),(9485,22,7,154,'W',3),(9486,22,7,154,'M',3),(9487,22,7,154,'M',2),(9488,22,10,154,'M',3),(9489,22,11,154,'M',2),(9490,22,14,154,'M',2),(9491,22,14,154,'M',3),(9492,22,14,154,'M',3),(9493,22,17,154,'M',1),(9494,22,18,154,'M',2),(9495,22,18,154,'M',2),(9496,22,19,154,'M',2),(9497,22,20,154,'M',1),(9498,22,20,154,'M',1),(9499,22,27,154,'W',3),(9500,22,6,150,'M',3),(9501,22,27,149,'X',2),(9502,22,16,146,'M',3),(9503,22,1,143,'W',3),(9504,22,6,143,'M',3),(9505,22,8,143,'M',3),(9506,22,9,143,'X',3),(9507,22,9,143,'X',2),(9508,22,9,143,'X',2),(9509,22,19,143,'M',2),(9510,22,30,143,'W',2),(9511,22,30,143,'W',1),(9512,22,30,143,'M',3),(9513,22,30,143,'X',2),(9514,22,2,141,'M',2),(9515,22,7,141,'M',2),(9516,22,7,141,'M',3),(9517,22,15,141,'W',2),(9518,22,18,141,'M',1),(9519,22,27,141,'M',2),(9520,22,30,141,'W',1),(9521,22,1,139,'M',2),(9522,22,1,139,'W',3),(9523,22,6,139,'M',2),(9524,22,6,139,'M',2),(9525,22,1,137,'W',1),(9526,22,2,137,'M',3),(9527,22,6,137,'M',2),(9528,22,6,137,'M',3),(9529,22,8,137,'M',2),(9530,22,8,137,'W',3),(9531,22,8,137,'M',2),(9532,22,8,137,'W',3),(9533,22,9,137,'X',2),(9534,22,9,137,'X',2),(9535,22,9,137,'X',1),(9536,22,17,137,'W',3),(9537,22,17,137,'M',3),(9538,22,30,137,'W',3),(9539,22,29,137,'M',2),(9540,22,1,135,'M',2),(9541,22,1,135,'M',2),(9542,22,6,124,'M',3),(9543,22,27,124,'W',3),(9544,22,1,123,'M',2),(9545,22,3,119,'M',3),(9546,22,1,118,'M',1),(9547,22,1,118,'M',2),(9548,22,6,118,'M',3),(9549,22,1,115,'M',1),(9550,22,5,115,'M',3),(9551,22,7,108,'M',2),(9552,22,8,108,'M',3),(9553,22,27,108,'M',2),(9554,22,1,104,'M',1),(9555,22,3,104,'M',1),(9556,22,3,104,'W',3),(9557,22,3,104,'W',3),(9558,22,3,104,'W',1),(9559,22,3,104,'W',2),(9560,22,6,104,'M',3),(9561,22,6,104,'M',3),(9562,22,13,104,'M',3),(9563,22,14,104,'M',1),(9564,22,15,104,'W',1),(9565,22,17,104,'M',2),(9566,22,17,104,'M',3),(9567,22,17,104,'W',1),(9568,22,17,104,'M',3),(9569,22,18,104,'M',2),(9570,22,18,104,'M',1),(9571,22,18,104,'M',3),(9572,22,18,104,'M',1),(9573,22,25,104,'M',3),(9574,22,25,104,'W',3),(9575,22,25,104,'M',3),(9576,22,25,104,'W',3),(9577,22,26,104,'M',2),(9578,22,26,104,'W',1),(9579,22,26,104,'W',2),(9580,22,26,104,'W',1),(9581,22,27,104,'W',1),(9582,22,27,104,'M',1),(9583,22,1,100,'M',2),(9584,22,1,100,'M',3),(9585,22,1,100,'M',1),(9586,22,1,100,'M',2),(9587,22,1,100,'M',3),(9588,22,1,100,'M',2),(9589,22,1,100,'M',1),(9590,22,1,100,'M',2),(9591,22,1,98,'M',2),(9592,22,1,98,'W',2),(9593,22,4,98,'M',3),(9594,22,13,98,'M',2),(9595,22,13,98,'M',3),(9596,22,13,98,'M',3),(9597,22,17,98,'W',2),(9598,22,17,98,'M',3),(9599,22,17,98,'W',3),(9600,22,17,98,'M',2),(9601,22,17,98,'W',2),(9602,22,17,98,'W',3),(9603,22,17,98,'M',1),(9604,22,17,98,'W',2),(9605,22,17,98,'M',1),(9606,22,17,98,'M',3),(9607,22,18,98,'M',3),(9608,22,19,98,'W',1),(9609,22,19,98,'W',3),(9610,22,19,98,'W',3),(9611,22,27,98,'M',3),(9612,22,27,98,'X',2),(9613,22,1,96,'W',2),(9614,22,1,96,'W',3),(9615,22,1,96,'W',2),(9616,22,1,96,'M',2),(9617,22,1,94,'M',3),(9618,22,2,94,'M',2),(9619,22,2,94,'M',3),(9620,22,7,94,'M',3),(9621,22,7,94,'M',1),(9622,22,8,94,'M',1),(9623,22,8,94,'M',2),(9624,22,8,94,'M',1),(9625,22,10,94,'W',1),(9626,22,10,94,'W',1),(9627,22,10,94,'M',2),(9628,22,17,94,'W',2),(9629,22,18,94,'M',2),(9630,22,19,94,'M',3),(9631,22,19,94,'M',3),(9632,22,19,94,'M',1),(9633,22,20,94,'M',3),(9634,22,27,94,'X',3),(9635,22,27,94,'X',3),(9636,22,17,92,'W',2),(9637,22,17,92,'M',3),(9638,22,6,89,'M',2),(9639,22,6,89,'M',1),(9640,22,18,88,'M',2),(9641,22,18,88,'M',3),(9642,22,18,88,'M',3),(9646,22,3,86,'M',2),(9647,22,3,86,'M',3),(9648,22,3,86,'M',1),(9649,22,3,86,'M',2),(9650,22,3,86,'W',1),(9651,22,6,85,'M',3),(9652,22,6,85,'M',3),(9653,22,6,85,'M',3),(9654,22,7,85,'M',3),(9655,22,7,85,'M',2),(9656,22,7,85,'W',2),(9657,22,7,85,'W',3),(9658,22,7,85,'M',2),(9659,22,7,85,'W',1),(9660,22,10,85,'M',2),(9661,22,10,85,'M',1),(9662,22,10,85,'M',2),(9663,22,13,85,'W',2),(9664,22,13,85,'W',1),(9665,22,17,85,'M',3),(9666,22,17,85,'M',2),(9667,22,17,85,'M',2),(9668,22,17,85,'M',1),(9669,22,18,85,'M',1),(9670,22,18,85,'M',1),(9671,22,19,85,'W',1),(9672,22,19,85,'W',2),(9673,22,19,85,'M',2),(9674,22,19,85,'W',1),(9675,22,19,85,'M',2),(9676,22,19,85,'M',3),(9677,22,19,85,'M',1),(9678,22,19,85,'M',1),(9679,22,19,85,'W',1),(9680,22,20,85,'M',2),(9681,22,1,76,'W',1),(9682,22,14,76,'M',1),(9683,22,11,75,'M',3),(9684,22,1,74,'M',1),(9685,22,1,74,'M',3),(9686,22,1,74,'M',2),(9687,22,1,74,'W',3),(9688,22,1,74,'W',1),(9689,22,1,74,'W',3),(9690,22,1,74,'W',1),(9691,22,1,74,'W',1),(9692,22,1,74,'M',3),(9693,22,1,74,'W',3),(9694,22,2,74,'W',3),(9695,22,2,74,'M',2),(9696,22,2,74,'W',1),(9697,22,2,74,'M',3),(9698,22,2,74,'W',3),(9699,22,2,74,'M',2),(9700,22,2,74,'W',2),(9701,22,2,74,'M',1),(9702,22,2,74,'W',1),(9703,22,2,74,'M',1),(9704,22,6,74,'M',3),(9705,22,6,74,'M',1),(9706,22,6,74,'M',2),(9707,22,6,74,'M',1),(9708,22,7,74,'M',3),(9709,22,7,74,'M',1),(9710,22,7,74,'M',2),(9711,22,7,74,'W',1),(9712,22,7,74,'M',1),(9713,22,7,74,'M',1),(9714,22,7,74,'W',1),(9715,22,7,74,'M',1),(9716,22,7,74,'W',2),(9717,22,7,74,'M',3),(9718,22,7,74,'W',1),(9719,22,8,74,'M',1),(9720,22,8,74,'M',2),(9721,22,8,74,'W',1),(9722,22,8,74,'W',2),(9723,22,8,74,'M',1),(9724,22,8,74,'M',1),(9725,22,9,74,'X',3),(9726,22,9,74,'X',1),(9727,22,9,74,'X',2),(9728,22,9,74,'X',1),(9729,22,9,74,'X',1),(9730,22,9,74,'X',2),(9731,22,9,74,'X',3),(9732,22,9,74,'X',1),(9733,22,10,74,'M',1),(9734,22,10,74,'M',1),(9735,22,10,74,'W',2),(9736,22,13,74,'M',2),(9737,22,13,74,'M',3),(9738,22,13,74,'M',3),(9739,22,14,74,'M',3),(9740,22,14,74,'M',1),(9741,22,14,74,'M',3),(9742,22,16,74,'M',1),(9743,22,16,74,'W',2),(9744,22,17,74,'M',3),(9745,22,17,74,'M',3),(9746,22,18,74,'M',2),(9747,22,18,74,'M',2),(9748,22,18,74,'M',1),(9749,22,19,74,'W',3),(9750,22,19,74,'W',3),(9751,22,19,74,'M',3),(9752,22,19,74,'W',2),(9753,22,19,74,'W',3),(9754,22,19,74,'W',2),(9755,22,19,74,'W',3),(9756,22,19,74,'W',1),(9757,22,19,74,'M',3),(9758,22,19,74,'W',3),(9759,22,19,74,'W',2),(9760,22,19,74,'W',3),(9761,22,24,74,'M',1),(9762,22,24,74,'W',2),(9763,22,25,74,'M',2),(9764,22,27,74,'M',3),(9765,22,27,74,'M',1),(9766,22,27,74,'M',1),(9767,22,1,70,'M',1),(9768,22,1,70,'M',3),(9769,22,1,70,'W',1),(9770,22,1,70,'M',3),(9771,22,1,70,'W',3),(9772,22,1,70,'M',3),(9773,22,2,70,'M',1),(9774,22,2,70,'M',1),(9775,22,6,70,'M',3),(9776,22,7,70,'M',2),(9777,22,8,70,'M',1),(9778,22,16,70,'W',3),(9779,22,17,70,'W',3),(9780,22,17,70,'W',2),(9781,22,17,70,'W',3),(9782,22,17,70,'M',2),(9783,22,19,70,'M',3),(9784,22,26,70,'M',3),(9785,22,26,70,'M',3),(9786,22,30,70,'X',3),(9787,22,1,66,'W',1),(9788,22,7,66,'M',3),(9789,22,7,66,'M',3),(9790,22,7,66,'M',3),(9791,22,7,66,'M',2),(9792,22,8,66,'W',2),(9793,22,8,66,'M',3),(9794,22,9,66,'X',3),(9795,22,10,66,'M',3),(9796,22,10,66,'M',1),(9797,22,10,66,'M',1),(9798,22,10,66,'M',3),(9799,22,10,66,'M',3),(9800,22,15,66,'M',3),(9801,22,17,66,'W',1),(9802,22,17,66,'W',3),(9803,22,17,66,'M',3),(9804,22,17,66,'W',1),(9805,22,17,66,'W',3),(9806,22,17,66,'M',3),(9807,22,17,66,'M',2),(9808,22,19,66,'W',3),(9809,22,19,66,'M',3),(9810,22,19,66,'M',3),(9811,22,25,66,'M',2),(9812,22,26,66,'M',1),(9813,22,27,66,'M',2),(9814,22,30,66,'M',1),(9815,22,30,66,'X',1),(9816,22,1,65,'M',2),(9817,22,6,65,'M',3),(9818,22,7,65,'M',1),(9819,22,19,65,'M',3),(9820,22,26,65,'M',2),(9821,22,1,215,'W',2),(9822,22,1,215,'W',3),(9823,22,1,215,'W',2),(9824,22,1,215,'W',1),(9825,22,1,215,'W',2),(9826,22,1,215,'W',2),(9827,22,1,215,'W',2),(9828,22,1,215,'W',1),(9829,22,1,215,'M',1),(9830,22,1,215,'W',2),(9831,22,1,215,'M',3),(9832,22,1,215,'M',1),(9833,22,1,215,'M',2),(9834,22,1,215,'W',2),(9835,22,1,215,'W',2),(9836,22,1,215,'W',2),(9837,22,1,215,'W',1),(9838,22,1,215,'M',1),(9839,22,1,215,'M',2),(9840,22,1,215,'M',3),(9841,22,1,215,'W',1),(9842,22,2,215,'W',3),(9843,22,5,215,'W',1),(9844,22,6,215,'M',3),(9845,22,6,215,'M',2),(9846,22,7,215,'M',2),(9847,22,7,215,'M',1),(9848,22,10,215,'M',2),(9849,22,10,215,'M',3),(9850,22,10,215,'M',2),(9851,22,10,215,'W',3),(9852,22,10,215,'M',1),(9853,22,13,215,'W',1),(9854,22,13,215,'M',2),(9855,22,13,215,'W',3),(9856,22,13,215,'M',2),(9857,22,13,215,'M',3),(9858,22,13,215,'M',1),(9859,22,13,215,'M',2),(9860,22,13,215,'W',1),(9861,22,13,215,'M',3),(9862,22,13,215,'M',1),(9863,22,13,215,'M',1),(9864,22,13,215,'M',1),(9865,22,13,215,'M',1),(9866,22,13,215,'W',1),(9867,22,13,215,'W',2),(9868,22,13,215,'M',1),(9869,22,13,215,'M',2),(9870,22,13,215,'W',3),(9871,22,13,215,'W',3),(9872,22,13,215,'W',1),(9873,22,14,215,'M',1),(9874,22,14,215,'M',2),(9875,22,14,215,'M',2),(9876,22,14,215,'M',1),(9877,22,14,215,'M',1),(9878,22,14,215,'M',1),(9879,22,14,215,'M',2),(9880,22,14,215,'M',1),(9881,22,14,215,'M',2),(9882,22,15,215,'M',1),(9883,22,15,215,'W',3),(9884,22,17,215,'M',1),(9885,22,17,215,'M',1),(9886,22,17,215,'W',3),(9887,22,17,215,'M',3),(9888,22,18,215,'M',3),(9889,22,18,215,'M',3),(9890,22,18,215,'M',2),(9891,22,18,215,'M',1),(9892,22,18,215,'M',2),(9893,22,18,215,'M',1),(9894,22,18,215,'M',1),(9895,22,18,215,'M',1),(9896,22,18,215,'M',1),(9897,22,18,215,'M',2),(9898,22,18,215,'M',2),(9899,22,18,215,'M',2),(9900,22,18,215,'M',1),(9901,22,18,215,'M',3),(9902,22,18,215,'M',3),(9903,22,18,215,'M',3),(9904,22,19,215,'W',2),(9905,22,19,215,'M',3),(9906,22,19,215,'W',2),(9907,22,19,215,'W',1),(9908,22,19,215,'M',1),(9909,22,19,215,'M',2),(9910,22,19,215,'M',1),(9911,22,19,215,'M',1),(9912,22,19,215,'M',2),(9913,22,19,215,'M',2),(9914,22,19,215,'W',3),(9915,22,19,215,'M',1),(9916,22,19,215,'M',1),(9917,22,19,215,'M',3),(9918,22,20,215,'M',3),(9919,22,20,215,'M',2),(9920,22,24,215,'W',3),(9921,22,24,215,'M',3),(9922,22,26,215,'W',3),(9923,22,26,215,'W',3),(9924,22,27,215,'W',1),(9925,22,27,215,'M',2),(9926,22,27,215,'M',1),(9927,22,27,215,'W',1),(9928,22,27,215,'M',3),(9929,22,27,215,'M',1),(9930,22,27,215,'M',1),(9931,22,27,215,'M',2),(9932,22,29,215,'W',2),(9933,22,1,63,'M',3),(9934,22,1,63,'W',1),(9935,22,1,63,'M',3),(9936,22,8,62,'W',1),(9937,22,30,62,'M',3),(9938,22,1,61,'M',1),(9939,22,1,61,'M',1),(9940,22,1,61,'M',2),(9941,22,1,61,'M',3),(9942,22,6,61,'M',2),(9943,22,8,61,'M',1),(9944,22,11,61,'M',1),(9945,22,13,61,'W',2),(9946,22,16,61,'W',1),(9947,22,17,61,'W',1),(9948,22,17,61,'W',1),(9949,22,19,61,'M',1),(9950,22,19,61,'M',2),(9951,22,24,61,'W',2),(9952,22,24,61,'M',2),(9953,22,24,61,'W',3),(9954,22,26,61,'M',1),(9955,22,30,61,'M',1),(9956,22,30,61,'W',1),(9957,22,30,61,'X',1),(9958,22,30,61,'W',2),(9959,22,30,61,'M',1),(9960,22,3,53,'M',3),(9961,22,6,53,'M',3),(9962,22,7,53,'M',2),(9963,22,8,53,'M',3),(9964,22,30,53,'X',1),(9965,22,30,53,'X',3),(9966,22,1,50,'M',3),(9967,22,1,50,'M',2),(9968,22,1,50,'W',3),(9969,22,1,50,'M',3),(9970,22,1,50,'W',1),(9971,22,1,50,'M',1),(9972,22,1,50,'W',3),(9973,22,4,50,'M',1),(9974,22,6,50,'M',1),(9975,22,6,50,'M',1),(9976,22,6,50,'M',2),(9977,22,6,50,'M',1),(9978,22,6,50,'M',1),(9979,22,6,50,'M',2),(9980,22,6,50,'M',1),(9981,22,6,50,'M',1),(9982,22,6,50,'M',1),(9983,22,10,50,'M',3),(9984,22,10,50,'M',2),(9985,22,14,50,'M',2),(9986,22,17,50,'W',3),(9987,22,17,50,'W',2),(9988,22,17,50,'W',3),(9989,22,17,50,'M',3),(9990,22,17,50,'W',1),(9991,22,18,50,'M',1),(9992,22,18,50,'M',3),(9993,22,18,50,'M',3),(9994,22,18,50,'M',3),(9995,22,18,50,'M',1),(9996,22,29,50,'W',1),(9997,22,5,49,'M',2),(9998,22,24,49,'M',3),(9999,22,24,49,'M',3),(10000,22,24,49,'M',3),(10001,22,1,44,'W',3),(10002,22,1,39,'W',3),(10003,22,1,39,'W',1),(10004,22,1,39,'W',3),(10005,22,1,39,'W',2),(10006,22,2,39,'W',3),(10007,22,3,39,'M',3),(10008,22,3,39,'M',3),(10009,22,3,39,'W',3),(10010,22,3,39,'W',3),(10011,22,3,39,'W',2),(10012,22,3,39,'W',3),(10013,22,5,39,'W',2),(10014,22,10,39,'W',2),(10015,22,13,39,'W',2),(10016,22,13,39,'M',1),(10017,22,13,39,'M',3),(10018,22,13,39,'M',2),(10019,22,13,39,'M',3),(10020,22,13,39,'M',2),(10021,22,13,39,'M',2),(10022,22,13,39,'W',1),(10023,22,14,39,'M',2),(10024,22,14,39,'M',3),(10025,22,14,39,'M',2),(10026,22,14,39,'M',3),(10027,22,17,39,'W',1),(10028,22,17,39,'W',3),(10029,22,17,39,'W',3),(10030,22,18,39,'M',3),(10031,22,19,39,'M',3),(10032,22,19,39,'M',1),(10033,22,19,39,'W',1),(10034,22,19,39,'M',2),(10035,22,19,39,'W',1),(10036,22,19,39,'W',1),(10037,22,19,39,'W',1),(10038,22,19,39,'W',2),(10039,22,19,39,'W',2),(10040,22,19,39,'W',1),(10041,22,19,39,'W',2),(10042,22,19,39,'W',2),(10043,22,19,39,'W',1),(10044,22,19,39,'W',2),(10045,22,25,39,'M',1),(10046,22,25,39,'W',1),(10047,22,25,39,'W',2),(10048,22,25,39,'M',3),(10049,22,25,39,'W',1),(10050,22,25,39,'W',2),(10051,22,26,39,'W',2),(10052,22,27,39,'M',1),(10053,22,27,39,'W',2),(10054,22,27,39,'M',2),(10055,22,27,39,'X',1),(10056,22,30,39,'W',2),(10057,22,1,34,'M',1),(10058,22,1,34,'M',2),(10059,22,1,34,'W',3),(10060,22,2,34,'W',1),(10061,22,2,34,'M',1),(10062,22,2,34,'W',1),(10063,22,2,34,'W',1),(10064,22,2,34,'W',3),(10065,22,6,34,'M',2),(10066,22,6,34,'M',3),(10067,22,8,34,'M',3),(10068,22,17,34,'M',3),(10069,22,18,34,'M',2),(10070,22,19,34,'M',1),(10071,22,19,34,'M',3),(10072,22,19,34,'W',2),(10073,22,19,34,'W',1),(10074,22,30,34,'X',3),(10075,22,1,30,'W',3),(10076,22,1,30,'W',2),(10077,22,6,30,'M',2),(10078,22,6,30,'M',3),(10079,22,7,30,'M',1),(10080,22,7,30,'M',1),(10081,22,7,30,'M',3),(10082,22,14,30,'M',1),(10083,22,14,30,'M',3),(10084,22,14,30,'M',2),(10085,22,14,30,'M',2),(10086,22,18,30,'M',3),(10087,22,18,30,'M',2),(10088,22,27,30,'W',3),(10089,22,27,30,'W',2),(10090,22,27,30,'W',2),(10091,22,17,27,'M',1),(10092,22,19,27,'M',2),(10093,22,29,27,'M',1),(10094,22,2,18,'W',2),(10095,22,8,18,'M',3),(10096,22,17,18,'W',3),(10097,22,1,14,'M',3),(10098,22,2,12,'M',2),(10099,22,9,12,'X',2),(10100,22,1,11,'W',3),(10101,22,1,11,'M',3),(10102,22,2,11,'M',1),(10103,22,2,11,'M',1),(10104,22,7,11,'M',1),(10105,22,7,11,'M',3),(10106,22,7,11,'W',2),(10107,22,8,11,'W',1),(10108,22,8,11,'M',2),(10109,22,8,11,'W',2),(10110,22,8,11,'M',2),(10111,22,8,11,'M',2),(10112,22,9,11,'X',1),(10113,22,9,11,'X',1),(10114,22,9,11,'X',1),(10115,22,16,11,'M',2),(10116,22,19,11,'M',3),(10117,22,19,11,'W',3),(10118,22,19,11,'M',1),(10119,22,19,11,'M',2),(10120,22,19,11,'W',3),(10121,22,19,11,'W',3),(10122,22,19,11,'M',2),(10123,22,19,11,'W',3),(10124,22,19,11,'W',2),(10125,22,24,11,'W',3),(10126,22,30,11,'M',3),(10127,22,30,11,'X',3),(10128,22,24,7,'M',3),(10129,22,24,7,'M',3),(10130,22,1,3,'W',1),(10131,22,6,3,'M',3),(10132,23,1,208,'M',2),(10133,23,5,224,'M',2),(10134,23,27,224,'W',3),(10135,23,27,224,'W',1),(10136,23,29,224,'M',3),(10137,23,6,202,'M',3),(10138,23,17,202,'M',2),(10139,23,1,201,'W',3),(10140,23,1,201,'W',1),(10141,23,1,201,'M',1),(10142,23,1,201,'M',2),(10143,23,1,201,'M',1),(10144,23,1,201,'M',1),(10145,23,1,201,'M',3),(10146,23,1,201,'M',1),(10147,23,1,201,'W',3),(10148,23,1,201,'W',2),(10149,23,1,201,'M',2),(10150,23,1,201,'W',1),(10151,23,1,201,'M',1),(10152,23,1,201,'W',1),(10153,23,1,201,'M',1),(10154,23,1,201,'M',2),(10155,23,1,201,'M',1),(10156,23,1,201,'M',3),(10157,23,1,201,'M',1),(10158,23,1,201,'W',3),(10159,23,1,201,'M',1),(10160,23,1,201,'M',2),(10161,23,1,201,'M',1),(10162,23,2,201,'M',3),(10163,23,2,201,'W',2),(10164,23,2,201,'W',2),(10165,23,2,201,'M',2),(10166,23,4,201,'M',3),(10167,23,5,201,'M',1),(10168,23,5,201,'W',1),(10169,23,6,201,'M',3),(10170,23,6,201,'M',3),(10171,23,6,201,'M',1),(10172,23,6,201,'M',3),(10173,23,6,201,'M',3),(10174,23,6,201,'M',3),(10175,23,7,201,'W',2),(10176,23,8,201,'M',2),(10177,23,8,201,'M',2),(10178,23,8,201,'W',3),(10179,23,9,201,'X',3),(10180,23,9,201,'X',3),(10181,23,9,201,'X',3),(10182,23,9,201,'X',2),(10183,23,9,201,'X',2),(10184,23,9,201,'X',2),(10185,23,11,201,'W',1),(10186,23,13,201,'W',1),(10187,23,13,201,'W',3),(10188,23,13,201,'M',2),(10189,23,13,201,'W',1),(10190,23,13,201,'W',2),(10191,23,17,201,'M',3),(10192,23,18,201,'M',3),(10193,23,18,201,'M',1),(10194,23,18,201,'M',1),(10195,23,18,201,'M',2),(10196,23,18,201,'M',1),(10197,23,18,201,'M',2),(10198,23,18,201,'M',2),(10199,23,18,201,'M',2),(10200,23,19,201,'W',3),(10201,23,19,201,'M',3),(10202,23,19,201,'M',1),(10203,23,19,201,'W',1),(10204,23,19,201,'W',2),(10205,23,19,201,'M',2),(10206,23,19,201,'W',2),(10207,23,19,201,'W',3),(10208,23,19,201,'W',1),(10209,23,19,201,'M',2),(10210,23,19,201,'W',3),(10211,23,19,201,'M',1),(10212,23,19,201,'M',2),(10213,23,19,201,'W',2),(10214,23,19,201,'W',2),(10215,23,19,201,'M',2),(10216,23,19,201,'M',1),(10217,23,19,201,'M',2),(10218,23,19,201,'W',2),(10219,23,19,201,'M',1),(10220,23,19,201,'W',1),(10221,23,19,201,'M',1),(10222,23,19,201,'W',1),(10223,23,19,201,'M',1),(10224,23,19,201,'W',1),(10225,23,19,201,'M',2),(10226,23,19,201,'W',1),(10227,23,19,201,'W',1),(10228,23,19,201,'W',1),(10229,23,22,201,'W',1),(10230,23,24,201,'W',1),(10231,23,24,201,'M',1),(10232,23,24,201,'W',1),(10233,23,26,201,'M',1),(10234,23,26,201,'M',1),(10235,23,27,201,'W',1),(10236,23,27,201,'M',3),(10237,23,27,201,'M',2),(10238,23,30,201,'X',3),(10239,23,30,201,'W',3),(10240,23,29,201,'M',1),(10241,23,29,201,'M',2),(10242,23,1,199,'M',3),(10243,23,1,199,'W',3),(10244,23,1,199,'M',3),(10245,23,1,199,'W',1),(10246,23,2,199,'W',2),(10247,23,6,199,'M',3),(10248,23,6,199,'M',1),(10249,23,13,199,'W',2),(10250,23,13,199,'W',1),(10251,23,13,199,'W',1),(10252,23,13,199,'M',1),(10253,23,13,199,'M',3),(10254,23,13,199,'W',3),(10255,23,13,199,'W',1),(10256,23,14,199,'M',3),(10257,23,14,199,'M',1),(10258,23,18,199,'M',3),(10259,23,18,199,'M',3),(10260,23,18,199,'M',3),(10261,23,18,199,'M',1),(10262,23,26,199,'W',3),(10263,23,30,199,'M',1),(10264,23,30,199,'W',3),(10265,23,1,198,'M',3),(10266,23,6,195,'M',2),(10267,23,14,195,'M',1),(10268,23,14,195,'M',1),(10269,23,18,195,'M',1),(10270,23,18,195,'M',3),(10271,23,18,195,'M',1),(10272,23,6,194,'M',3),(10273,23,1,263,'M',3),(10274,23,1,263,'M',3),(10275,23,25,192,'W',2),(10276,23,6,187,'M',3),(10277,23,6,187,'M',1),(10278,23,6,186,'M',2),(10279,23,1,184,'W',1),(10280,23,1,182,'W',1),(10281,23,7,182,'W',1),(10282,23,7,182,'W',3),(10283,23,15,182,'M',2),(10284,23,18,182,'M',3),(10285,23,19,182,'M',2),(10286,23,26,182,'M',2),(10287,23,30,182,'X',2),(10288,23,7,181,'M',2),(10289,23,7,181,'M',1),(10290,23,27,181,'M',3),(10291,23,2,179,'M',1),(10292,23,2,179,'M',1),(10293,23,7,179,'W',2),(10294,23,8,179,'M',1),(10295,23,8,179,'M',2),(10296,23,9,179,'X',2),(10297,23,13,179,'M',1),(10298,23,1,170,'W',2),(10299,23,7,170,'M',2),(10300,23,1,162,'W',1),(10301,23,1,162,'W',1),(10302,23,1,162,'M',2),(10303,23,1,162,'M',2),(10304,23,1,162,'W',1),(10305,23,1,162,'W',2),(10306,23,1,162,'W',2),(10307,23,1,162,'M',2),(10308,23,1,162,'W',3),(10309,23,1,162,'W',2),(10310,23,2,162,'M',3),(10311,23,6,162,'M',3),(10312,23,6,162,'M',3),(10313,23,6,162,'M',3),(10314,23,6,162,'M',1),(10315,23,7,162,'M',3),(10316,23,8,162,'W',1),(10317,23,8,162,'M',2),(10318,23,10,162,'M',1),(10319,23,10,162,'M',2),(10320,23,10,162,'W',3),(10321,23,10,162,'M',1),(10322,23,10,162,'M',1),(10323,23,10,162,'M',2),(10324,23,10,162,'M',1),(10325,23,13,162,'M',3),(10326,23,13,162,'M',3),(10327,23,13,162,'M',2),(10328,23,13,162,'M',3),(10329,23,13,162,'M',1),(10330,23,13,162,'W',2),(10331,23,13,162,'W',1),(10332,23,13,162,'M',1),(10333,23,13,162,'W',3),(10334,23,13,162,'W',2),(10335,23,14,162,'M',1),(10336,23,14,162,'M',1),(10337,23,14,162,'M',2),(10338,23,18,162,'M',1),(10339,23,18,162,'M',1),(10340,23,18,162,'M',1),(10341,23,18,162,'M',2),(10342,23,18,162,'M',3),(10343,23,18,162,'M',1),(10344,23,18,162,'M',3),(10345,23,19,162,'M',1),(10346,23,19,162,'W',2),(10347,23,19,162,'M',3),(10348,23,19,162,'M',1),(10349,23,19,162,'M',1),(10350,23,19,162,'M',3),(10351,23,19,162,'M',1),(10352,23,19,162,'M',2),(10353,23,19,162,'M',2),(10354,23,19,162,'M',1),(10355,23,20,162,'M',2),(10356,23,27,162,'W',1),(10357,23,27,162,'W',2),(10358,23,27,162,'M',1),(10359,23,27,162,'W',3),(10360,23,27,162,'M',1),(10361,23,27,162,'W',2),(10362,23,30,162,'X',2),(10363,23,1,161,'M',2),(10364,23,1,161,'M',1),(10365,23,19,161,'W',3),(10366,23,19,161,'W',1),(10367,23,19,161,'W',1),(10368,23,1,160,'W',2),(10369,23,2,160,'W',1),(10370,23,2,160,'W',1),(10371,23,6,160,'M',3),(10372,23,6,160,'M',3),(10373,23,7,160,'M',2),(10374,23,7,160,'M',3),(10375,23,10,160,'W',1),(10376,23,10,160,'W',2),(10377,23,13,160,'W',3),(10378,23,13,160,'W',2),(10379,23,13,160,'W',3),(10380,23,13,160,'W',2),(10381,23,13,160,'M',2),(10382,23,13,160,'M',2),(10383,23,13,160,'W',3),(10384,23,13,160,'W',3),(10385,23,13,160,'W',1),(10386,23,14,160,'M',3),(10387,23,6,157,'M',3),(10388,23,14,156,'M',2),(10389,23,14,156,'M',3),(10390,23,17,156,'W',1),(10391,23,18,156,'M',1),(10392,23,18,156,'M',3),(10393,23,1,155,'W',1),(10394,23,30,155,'M',3),(10395,23,1,154,'M',1),(10396,23,1,154,'M',2),(10397,23,7,154,'M',3),(10398,23,10,154,'M',2),(10399,23,14,154,'M',3),(10400,23,17,154,'W',2),(10401,23,17,154,'M',1),(10402,23,18,154,'M',1),(10403,23,18,154,'M',1),(10404,23,18,154,'M',3),(10405,23,18,154,'M',2),(10406,23,18,154,'M',1),(10407,23,26,154,'W',3),(10408,23,27,154,'W',1),(10409,23,27,154,'W',3),(10410,23,27,154,'M',2),(10411,23,30,154,'M',1),(10412,23,6,150,'M',2),(10413,23,9,143,'X',1),(10414,23,9,143,'X',2),(10415,23,9,143,'X',3),(10416,23,9,143,'X',3),(10417,23,19,143,'M',1),(10418,23,19,143,'M',1),(10419,23,30,143,'W',2),(10420,23,1,141,'M',1),(10421,23,1,141,'W',3),(10422,23,2,141,'M',2),(10423,23,7,141,'M',1),(10424,23,7,141,'M',2),(10425,23,11,141,'W',3),(10426,23,30,141,'X',3),(10427,23,1,139,'W',3),(10428,23,1,139,'W',3),(10429,23,1,139,'W',2),(10430,23,1,139,'W',1),(10431,23,6,139,'M',3),(10432,23,11,139,'M',1),(10433,23,2,137,'W',3),(10434,23,2,137,'M',1),(10435,23,2,137,'M',2),(10436,23,8,137,'W',2),(10437,23,8,137,'W',3),(10438,23,8,137,'M',1),(10439,23,9,137,'X',3),(10440,23,9,137,'X',2),(10441,23,9,137,'X',2),(10442,23,9,137,'X',2),(10443,23,16,137,'M',1),(10444,23,16,137,'W',3),(10445,23,17,137,'W',3),(10446,23,17,137,'W',3),(10447,23,17,137,'M',3),(10448,23,19,137,'W',3),(10449,23,19,137,'W',3),(10450,23,30,137,'W',2),(10451,23,30,137,'M',3),(10452,23,29,137,'M',1),(10453,23,1,135,'M',2),(10454,23,1,135,'M',2),(10455,23,1,131,'W',3),(10456,23,17,124,'M',3),(10457,23,1,123,'M',3),(10458,23,7,121,'M',2),(10459,23,18,121,'M',3),(10460,23,3,119,'M',2),(10461,23,3,119,'M',3),(10462,23,1,118,'M',3),(10463,23,1,118,'M',3),(10464,23,5,115,'M',3),(10465,23,7,108,'M',2),(10466,23,1,104,'M',2),(10467,23,3,104,'X',1),(10468,23,3,104,'X',2),(10469,23,3,104,'X',1),(10470,23,3,104,'W',2),(10471,23,3,104,'X',2),(10472,23,3,104,'W',1),(10473,23,6,104,'M',2),(10474,23,13,104,'M',2),(10475,23,15,104,'W',2),(10476,23,16,104,'W',2),(10477,23,17,104,'W',2),(10478,23,17,104,'W',2),(10479,23,17,104,'W',3),(10480,23,17,104,'W',1),(10481,23,17,104,'M',2),(10482,23,17,104,'M',3),(10483,23,17,104,'M',1),(10484,23,17,104,'M',2),(10485,23,18,104,'M',2),(10486,23,18,104,'M',2),(10487,23,18,104,'M',2),(10488,23,18,104,'M',1),(10489,23,25,104,'M',3),(10490,23,25,104,'W',3),(10491,23,26,104,'M',3),(10492,23,26,104,'W',1),(10493,23,26,104,'M',2),(10494,23,26,104,'W',1),(10495,23,1,100,'M',2),(10496,23,1,100,'M',3),(10497,23,1,100,'M',1),(10498,23,1,100,'M',2),(10499,23,1,100,'M',2),(10500,23,1,100,'W',2),(10501,23,1,100,'M',3),(10502,23,1,100,'M',3),(10503,23,6,99,'M',2),(10504,23,6,99,'M',3),(10505,23,6,99,'M',3),(10506,23,6,99,'M',1),(10507,23,14,99,'M',2),(10508,23,18,99,'M',3),(10509,23,18,99,'M',1),(10510,23,20,99,'M',1),(10511,23,27,99,'M',3),(10512,23,27,99,'M',2),(10513,23,27,99,'M',2),(10514,23,1,98,'W',3),(10515,23,4,98,'M',2),(10516,23,8,98,'M',3),(10517,23,17,98,'W',2),(10518,23,17,98,'M',1),(10519,23,17,98,'W',3),(10520,23,17,98,'W',1),(10521,23,17,98,'M',2),(10522,23,17,98,'W',2),(10523,23,17,98,'M',1),(10524,23,17,98,'M',2),(10525,23,18,98,'M',3),(10526,23,19,98,'W',3),(10527,23,30,98,'W',2),(10528,23,1,96,'W',2),(10529,23,1,96,'W',2),(10530,23,1,96,'W',1),(10531,23,1,96,'W',3),(10532,23,1,96,'M',3),(10533,23,1,96,'M',2),(10534,23,1,94,'W',2),(10535,23,1,94,'M',3),(10536,23,1,94,'W',3),(10537,23,1,94,'W',2),(10538,23,2,94,'M',1),(10539,23,7,94,'M',2),(10540,23,7,94,'M',1),(10541,23,7,94,'W',3),(10542,23,7,94,'M',1),(10543,23,7,94,'M',2),(10544,23,8,94,'W',2),(10545,23,8,94,'M',1),(10546,23,8,94,'W',1),(10547,23,8,94,'M',1),(10548,23,8,94,'W',1),(10549,23,10,94,'M',1),(10550,23,10,94,'W',2),(10551,23,10,94,'M',1),(10552,23,10,94,'W',3),(10553,23,10,94,'W',2),(10554,23,10,94,'W',1),(10555,23,10,94,'M',3),(10556,23,13,94,'M',1),(10557,23,17,94,'M',2),(10558,23,17,94,'W',3),(10559,23,19,94,'M',3),(10560,23,19,94,'M',3),(10561,23,26,94,'M',3),(10562,23,27,94,'M',1),(10563,23,27,94,'M',3),(10564,23,27,94,'M',2),(10565,23,27,94,'M',3),(10566,23,27,94,'M',1),(10567,23,30,94,'W',3),(10568,23,29,94,'M',2),(10569,23,30,92,'M',3),(10570,23,19,89,'W',3),(10571,23,19,89,'W',1),(10572,23,19,89,'W',1),(10573,23,19,89,'W',1),(10574,23,18,88,'M',3),(10575,23,18,88,'M',1),(10576,23,18,88,'M',2),(10577,23,24,87,'M',3),(10578,23,3,86,'M',3),(10579,23,3,86,'M',1),(10580,23,3,86,'W',3),(10581,23,3,86,'W',2),(10582,23,1,85,'M',1),(10583,23,6,85,'M',1),(10584,23,7,85,'M',3),(10585,23,7,85,'M',3),(10586,23,7,85,'M',3),(10587,23,7,85,'M',1),(10588,23,7,85,'W',1),(10589,23,7,85,'M',2),(10590,23,10,85,'M',3),(10591,23,10,85,'W',3),(10592,23,10,85,'M',2),(10593,23,13,85,'M',2),(10594,23,14,85,'M',3),(10595,23,15,85,'W',3),(10596,23,19,85,'W',1),(10597,23,19,85,'M',1),(10598,23,19,85,'M',2),(10599,23,19,85,'W',3),(10600,23,19,85,'M',1),(10601,23,19,85,'W',3),(10602,23,20,85,'M',3),(10603,23,30,83,'W',1),(10604,23,1,76,'W',2),(10605,23,13,76,'M',1),(10606,23,14,76,'M',2),(10607,23,14,76,'M',2),(10608,23,14,76,'M',1),(10609,23,14,76,'M',2),(10610,23,14,76,'M',1),(10611,23,30,76,'M',1),(10612,23,1,74,'M',3),(10613,23,1,74,'W',3),(10614,23,1,74,'M',2),(10615,23,1,74,'M',1),(10616,23,1,74,'W',1),(10617,23,1,74,'M',3),(10618,23,1,74,'W',1),(10619,23,2,74,'M',2),(10620,23,2,74,'M',1),(10621,23,2,74,'W',1),(10622,23,2,74,'M',3),(10623,23,6,74,'M',3),(10624,23,6,74,'M',2),(10625,23,6,74,'M',3),(10626,23,6,74,'M',3),(10627,23,7,74,'M',1),(10628,23,7,74,'M',2),(10629,23,7,74,'M',1),(10630,23,7,74,'W',2),(10631,23,7,74,'M',1),(10632,23,7,74,'W',1),(10633,23,7,74,'M',3),(10634,23,7,74,'M',3),(10635,23,7,74,'M',1),(10636,23,8,74,'W',3),(10637,23,8,74,'M',1),(10638,23,9,74,'X',1),(10639,23,9,74,'X',1),(10640,23,9,74,'X',1),(10641,23,9,74,'X',1),(10642,23,9,74,'X',1),(10643,23,10,74,'W',3),(10644,23,13,74,'M',1),(10645,23,14,74,'M',2),(10646,23,14,74,'M',2),(10647,23,14,74,'M',3),(10648,23,17,74,'M',3),(10649,23,17,74,'M',3),(10650,23,17,74,'W',3),(10651,23,17,74,'M',1),(10652,23,17,74,'M',3),(10653,23,18,74,'M',3),(10654,23,18,74,'M',2),(10655,23,18,74,'M',3),(10656,23,19,74,'M',2),(10657,23,19,74,'W',2),(10658,23,19,74,'M',3),(10659,23,19,74,'W',2),(10660,23,19,74,'W',3),(10661,23,19,74,'W',3),(10662,23,19,74,'W',2),(10663,23,19,74,'W',2),(10664,23,19,74,'M',3),(10665,23,19,74,'W',3),(10666,23,19,74,'M',3),(10667,23,19,74,'W',2),(10668,23,19,74,'W',3),(10669,23,19,74,'W',2),(10670,23,24,74,'M',3),(10671,23,25,74,'M',3),(10672,23,26,74,'W',2),(10673,23,27,74,'W',2),(10674,23,27,74,'M',1),(10675,23,27,74,'M',1),(10676,23,27,74,'W',2),(10677,23,30,74,'X',1),(10678,23,17,72,'M',3),(10679,23,18,72,'M',3),(10680,23,1,70,'M',2),(10681,23,1,70,'M',2),(10682,23,1,70,'W',3),(10683,23,1,70,'M',3),(10684,23,1,70,'M',2),(10685,23,1,70,'M',2),(10686,23,2,70,'M',1),(10687,23,2,70,'M',3),(10688,23,8,70,'M',3),(10689,23,8,70,'M',3),(10690,23,19,70,'M',3),(10691,23,19,70,'M',2),(10692,23,24,70,'M',2),(10693,23,30,70,'M',2),(10694,23,30,70,'X',2),(10695,23,1,66,'W',3),(10696,23,1,66,'W',1),(10697,23,1,66,'W',1),(10698,23,1,66,'M',1),(10699,23,2,66,'M',3),(10700,23,2,66,'M',3),(10701,23,2,66,'M',2),(10702,23,2,66,'W',3),(10703,23,7,66,'M',3),(10704,23,7,66,'M',1),(10705,23,7,66,'W',3),(10706,23,8,66,'W',1),(10707,23,8,66,'W',2),(10708,23,8,66,'M',1),(10709,23,8,66,'M',2),(10710,23,8,66,'W',2),(10711,23,8,66,'W',1),(10712,23,8,66,'W',1),(10713,23,8,66,'M',1),(10714,23,8,66,'M',3),(10715,23,9,66,'X',3),(10716,23,10,66,'W',1),(10717,23,10,66,'W',2),(10718,23,10,66,'M',3),(10719,23,10,66,'W',1),(10720,23,10,66,'M',3),(10721,23,10,66,'M',2),(10722,23,10,66,'M',3),(10723,23,17,66,'M',1),(10724,23,17,66,'W',3),(10725,23,17,66,'W',1),(10726,23,17,66,'M',3),(10727,23,17,66,'M',1),(10728,23,17,66,'M',3),(10729,23,18,66,'M',2),(10730,23,27,66,'M',3),(10731,23,27,66,'M',1),(10732,23,1,65,'M',3),(10733,23,1,65,'W',1),(10734,23,18,65,'M',2),(10735,23,19,65,'M',2),(10736,23,1,63,'M',1),(10737,23,1,63,'W',3),(10738,23,1,63,'W',1),(10739,23,1,61,'M',2),(10740,23,1,61,'M',3),(10741,23,6,61,'M',3),(10742,23,8,61,'M',1),(10743,23,8,61,'M',2),(10744,23,13,61,'W',1),(10745,23,15,61,'M',3),(10746,23,16,61,'M',2),(10747,23,17,61,'W',3),(10748,23,17,61,'M',2),(10749,23,17,61,'W',3),(10750,23,19,61,'M',1),(10751,23,24,61,'W',3),(10752,23,24,61,'M',2),(10753,23,24,61,'W',2),(10754,23,30,61,'W',1),(10755,23,30,61,'X',1),(10756,23,1,57,'M',1),(10757,23,2,53,'M',1),(10758,23,2,53,'W',3),(10759,23,3,53,'M',1),(10760,23,8,53,'M',2),(10761,23,15,53,'W',1),(10762,23,30,53,'W',1),(10763,23,1,52,'M',3),(10764,23,1,52,'M',1),(10765,23,1,52,'W',3),(10766,23,7,52,'M',1),(10767,23,7,52,'M',1),(10768,23,7,52,'M',2),(10769,23,7,52,'M',2),(10770,23,7,52,'W',1),(10771,23,24,52,'W',2),(10772,23,24,52,'W',3),(10773,23,27,52,'M',3),(10774,23,1,50,'W',2),(10775,23,1,50,'M',3),(10776,23,4,50,'M',1),(10777,23,6,50,'M',1),(10778,23,6,50,'M',2),(10779,23,6,50,'M',1),(10780,23,6,50,'M',2),(10781,23,6,50,'M',2),(10782,23,6,50,'M',1),(10783,23,6,50,'M',1),(10784,23,10,50,'M',2),(10785,23,10,50,'M',3),(10786,23,14,50,'M',1),(10787,23,17,50,'W',3),(10788,23,17,50,'W',2),(10789,23,17,50,'W',3),(10790,23,17,50,'W',1),(10791,23,17,50,'M',3),(10792,23,17,50,'W',3),(10793,23,18,50,'M',3),(10794,23,18,50,'M',2),(10795,23,18,50,'M',1),(10796,23,19,50,'M',3),(10797,23,19,50,'M',2),(10798,23,29,50,'W',1),(10799,23,15,49,'M',1),(10800,23,19,49,'M',2),(10801,23,19,48,'W',1),(10802,23,1,39,'W',2),(10803,23,1,39,'W',3),(10804,23,1,39,'W',1),(10805,23,1,39,'W',2),(10806,23,2,39,'W',2),(10807,23,3,39,'X',3),(10808,23,3,39,'W',3),(10809,23,3,39,'X',3),(10810,23,3,39,'W',1),(10811,23,3,39,'M',2),(10812,23,11,39,'W',2),(10813,23,13,39,'M',2),(10814,23,13,39,'M',3),(10815,23,13,39,'M',1),(10816,23,13,39,'M',2),(10817,23,13,39,'W',2),(10818,23,13,39,'W',2),(10819,23,14,39,'M',2),(10820,23,14,39,'M',1),(10821,23,14,39,'M',3),(10822,23,14,39,'M',1),(10823,23,17,39,'W',1),(10824,23,17,39,'W',3),(10825,23,18,39,'M',3),(10826,23,19,39,'M',3),(10827,23,19,39,'W',1),(10828,23,19,39,'M',1),(10829,23,19,39,'M',2),(10830,23,19,39,'W',1),(10831,23,19,39,'W',2),(10832,23,19,39,'W',1),(10833,23,19,39,'W',3),(10834,23,19,39,'W',2),(10835,23,19,39,'W',3),(10836,23,19,39,'W',2),(10837,23,22,39,'W',2),(10838,23,25,39,'M',1),(10839,23,25,39,'M',2),(10840,23,25,39,'W',1),(10841,23,25,39,'W',2),(10842,23,25,39,'M',1),(10843,23,25,39,'M',2),(10844,23,25,39,'W',3),(10845,23,25,39,'W',1),(10846,23,26,39,'W',2),(10847,23,27,39,'M',2),(10848,23,27,39,'W',1),(10849,23,27,39,'M',1),(10850,23,27,39,'M',2),(10851,23,27,39,'M',3),(10852,23,29,39,'W',2),(10853,23,1,34,'M',1),(10854,23,1,34,'M',1),(10855,23,2,34,'W',1),(10856,23,2,34,'W',2),(10857,23,2,34,'M',2),(10858,23,2,34,'W',3),(10859,23,2,34,'M',2),(10860,23,2,34,'W',2),(10861,23,6,34,'M',2),(10862,23,7,34,'W',2),(10863,23,8,34,'W',3),(10864,23,8,34,'W',3),(10865,23,8,34,'M',2),(10866,23,8,34,'M',3),(10867,23,8,34,'W',2),(10868,23,18,34,'M',2),(10869,23,19,34,'W',3),(10870,23,19,34,'M',3),(10871,23,19,34,'W',2),(10872,23,19,34,'M',3),(10873,23,19,34,'W',2),(10874,23,29,34,'M',3),(10875,23,1,30,'W',1),(10876,23,6,30,'M',1),(10877,23,6,30,'M',2),(10878,23,6,30,'M',2),(10879,23,7,30,'M',3),(10880,23,13,30,'M',2),(10881,23,13,30,'W',2),(10882,23,14,30,'M',3),(10883,23,14,30,'M',3),(10884,23,14,30,'M',2),(10885,23,18,30,'M',1),(10886,23,27,30,'W',3),(10887,23,27,30,'M',3),(10888,23,27,30,'W',2),(10889,23,27,30,'M',2),(10890,23,1,27,'M',3),(10891,23,5,27,'W',2),(10892,23,9,27,'X',3),(10893,23,11,27,'M',3),(10894,23,17,27,'M',3),(10895,23,17,27,'M',3),(10896,23,19,27,'M',3),(10897,23,19,27,'M',2),(10898,23,19,27,'M',3),(10899,23,30,27,'X',1),(10900,23,30,27,'X',3),(10901,23,30,27,'X',1),(10902,23,29,27,'W',1),(10903,23,29,27,'W',2),(10904,23,29,27,'W',3),(10905,23,1,24,'M',3),(10906,23,1,24,'M',2),(10907,23,1,24,'W',3),(10908,23,1,24,'W',2),(10909,23,2,24,'W',3),(10910,23,2,24,'W',1),(10911,23,13,24,'M',3),(10912,23,13,24,'M',3),(10913,23,13,24,'M',3),(10914,23,13,24,'M',3),(10915,23,18,24,'M',2),(10916,23,18,24,'M',2),(10917,23,18,24,'M',3),(10918,23,18,24,'M',2),(10919,23,27,24,'M',2),(10920,23,17,18,'M',3),(10921,23,17,18,'W',3),(10922,23,17,18,'W',2),(10923,23,17,18,'W',1),(10924,23,19,18,'M',1),(10925,23,30,18,'M',2),(10926,23,1,17,'M',1),(10927,23,1,14,'W',2),(10928,23,18,13,'M',2),(10929,23,1,12,'W',3),(10930,23,27,12,'M',2),(10931,23,27,12,'M',3),(10932,23,1,11,'W',2),(10933,23,1,11,'W',2),(10934,23,2,11,'M',2),(10935,23,2,11,'M',1),(10936,23,2,11,'M',3),(10937,23,2,11,'W',3),(10938,23,2,11,'W',1),(10939,23,2,11,'M',3),(10940,23,5,11,'W',3),(10941,23,7,11,'M',3),(10942,23,7,11,'M',3),(10943,23,7,11,'W',3),(10944,23,8,11,'M',3),(10945,23,8,11,'M',3),(10946,23,8,11,'W',3),(10947,23,8,11,'W',2),(10948,23,8,11,'M',3),(10949,23,9,11,'X',1),(10950,23,9,11,'X',1),(10951,23,14,11,'M',3),(10952,23,16,11,'M',3),(10953,23,16,11,'W',1),(10954,23,19,11,'W',3),(10955,23,19,11,'M',2),(10956,23,19,11,'M',1),(10957,23,19,11,'M',2),(10958,23,19,11,'M',3),(10959,23,19,11,'W',1),(10960,23,19,11,'W',2),(10961,23,19,11,'M',3),(10962,23,19,11,'M',3),(10963,23,19,11,'M',3),(10964,23,19,11,'W',2),(10965,23,19,11,'W',3),(10966,23,22,11,'W',3),(10967,23,24,11,'M',1),(10968,23,27,11,'W',3),(10969,23,27,11,'M',1),(10970,23,27,11,'M',1),(10971,23,30,11,'X',2),(10972,23,30,11,'X',3),(10973,23,29,11,'W',3),(10974,23,18,8,'M',2),(10975,23,18,8,'M',1),(10976,23,6,7,'M',3),(10977,23,11,7,'M',2),(10978,23,30,7,'M',2),(10979,23,1,3,'M',1),(10980,23,6,3,'M',1),(10981,23,6,3,'M',3),(10982,24,19,224,'M',3),(10983,24,27,224,'W',2),(10984,24,29,224,'M',1),(10985,24,23,205,'W',2),(10986,24,6,202,'M',3),(10987,24,6,202,'M',1),(10988,24,6,202,'M',3),(10989,24,18,202,'M',2),(10990,24,1,201,'M',1),(10991,24,1,201,'W',3),(10992,24,1,201,'M',3),(10993,24,1,201,'M',2),(10994,24,1,201,'M',1),(10995,24,1,201,'M',2),(10996,24,1,201,'M',1),(10997,24,1,201,'M',1),(10998,24,1,201,'W',3),(10999,24,1,201,'W',1),(11000,24,1,201,'M',3),(11001,24,1,201,'M',1),(11002,24,1,201,'M',2),(11003,24,1,201,'W',1),(11004,24,1,201,'M',3),(11005,24,1,201,'M',2),(11006,24,2,201,'M',2),(11007,24,2,201,'W',3),(11008,24,2,201,'W',3),(11009,24,4,201,'M',1),(11010,24,5,201,'M',1),(11011,24,5,201,'W',1),(11012,24,6,201,'M',3),(11013,24,6,201,'M',2),(11014,24,6,201,'M',2),(11015,24,6,201,'M',3),(11016,24,8,201,'M',3),(11017,24,8,201,'W',2),(11018,24,8,201,'M',1),(11019,24,9,201,'X',3),(11020,24,9,201,'X',3),(11021,24,9,201,'X',1),(11022,24,9,201,'X',3),(11023,24,9,201,'X',3),(11024,24,11,201,'W',2),(11025,24,13,201,'W',3),(11026,24,14,201,'W',3),(11027,24,14,201,'W',1),(11028,24,18,201,'M',2),(11029,24,18,201,'M',3),(11030,24,18,201,'M',3),(11031,24,18,201,'M',1),(11032,24,18,201,'M',2),(11033,24,18,201,'M',3),(11034,24,18,201,'M',1),(11035,24,19,201,'W',1),(11036,24,19,201,'M',1),(11037,24,19,201,'M',2),(11038,24,19,201,'W',1),(11039,24,19,201,'W',3),(11040,24,19,201,'M',3),(11041,24,19,201,'W',3),(11042,24,19,201,'M',3),(11043,24,19,201,'M',1),(11044,24,19,201,'M',2),(11045,24,19,201,'W',3),(11046,24,19,201,'W',2),(11047,24,19,201,'M',1),(11048,24,19,201,'W',1),(11049,24,19,201,'M',3),(11050,24,19,201,'M',2),(11051,24,19,201,'W',3),(11052,24,19,201,'M',3),(11053,24,19,201,'W',1),(11054,24,19,201,'W',2),(11055,24,19,201,'M',1),(11056,24,19,201,'M',2),(11057,24,19,201,'M',2),(11058,24,19,201,'W',1),(11059,24,19,201,'M',1),(11060,24,19,201,'W',1),(11061,24,19,201,'M',2),(11062,24,19,201,'W',1),(11063,24,19,201,'M',1),(11064,24,19,201,'W',3),(11065,24,19,201,'W',3),(11066,24,19,201,'W',1),(11067,24,19,201,'W',2),(11068,24,20,201,'W',2),(11069,24,22,201,'W',1),(11070,24,23,201,'M',1),(11071,24,24,201,'W',1),(11072,24,24,201,'W',3),(11073,24,24,201,'W',1),(11074,24,26,201,'M',2),(11075,24,26,201,'M',3),(11076,24,27,201,'W',1),(11077,24,27,201,'W',3),(11078,24,27,201,'M',3),(11079,24,30,201,'M',2),(11080,24,30,201,'W',2),(11081,24,30,201,'X',3),(11082,24,30,201,'X',1),(11083,24,29,201,'M',1),(11084,24,8,200,'M',2),(11085,24,1,199,'M',3),(11086,24,1,199,'W',3),(11087,24,6,199,'M',3),(11088,24,6,199,'M',3),(11089,24,6,199,'M',2),(11090,24,6,199,'M',2),(11091,24,6,199,'M',3),(11092,24,8,199,'W',3),(11093,24,8,199,'M',2),(11094,24,13,199,'M',3),(11095,24,13,199,'M',2),(11096,24,13,199,'W',2),(11097,24,17,199,'M',3),(11098,24,18,199,'M',2),(11099,24,18,199,'M',2),(11100,24,19,199,'W',3),(11101,24,19,199,'M',2),(11102,24,19,199,'W',1),(11103,24,19,199,'W',1),(11104,24,19,199,'W',2),(11105,24,26,199,'W',2),(11106,24,27,199,'M',1),(11107,24,30,199,'W',3),(11108,24,14,195,'M',1),(11109,24,17,195,'M',1),(11110,24,18,195,'M',3),(11111,24,18,195,'M',1),(11112,24,23,195,'W',3),(11113,24,1,263,'M',2),(11114,24,1,263,'M',3),(11115,24,14,192,'W',2),(11116,24,14,192,'W',3),(11117,24,23,192,'W',3),(11118,24,23,192,'M',3),(11119,24,25,192,'W',3),(11120,24,6,187,'M',1),(11121,24,6,187,'M',3),(11122,24,14,187,'W',3),(11123,24,1,182,'W',3),(11124,24,7,182,'M',2),(11125,24,15,182,'M',2),(11126,24,18,182,'M',1),(11127,24,19,182,'M',1),(11128,24,19,182,'W',2),(11129,24,19,182,'W',3),(11130,24,19,182,'W',2),(11131,24,25,182,'M',2),(11132,24,27,182,'M',1),(11133,24,27,182,'W',1),(11134,24,30,182,'M',3),(11135,24,7,181,'M',3),(11136,24,7,181,'M',2),(11137,24,7,181,'M',1),(11138,24,19,181,'W',2),(11139,24,19,181,'W',2),(11140,24,2,179,'M',2),(11141,24,8,179,'M',3),(11142,24,8,179,'W',2),(11143,24,9,179,'X',2),(11144,24,10,179,'W',2),(11145,24,10,179,'W',2),(11146,24,27,179,'M',2),(11147,24,28,179,'W',3),(11148,24,28,179,'W',1),(11149,24,1,175,'W',2),(11150,24,2,170,'M',1),(11151,24,27,170,'M',1),(11152,24,1,162,'M',3),(11153,24,1,162,'W',1),(11154,24,1,162,'W',3),(11155,24,1,162,'W',2),(11156,24,1,162,'W',2),(11157,24,1,162,'M',1),(11158,24,1,162,'W',1),(11159,24,1,162,'M',3),(11160,24,1,162,'W',3),(11161,24,1,162,'M',3),(11162,24,1,162,'W',2),(11163,24,1,162,'M',3),(11164,24,1,162,'W',2),(11165,24,2,162,'W',3),(11166,24,6,162,'M',2),(11167,24,6,162,'M',3),(11168,24,6,162,'M',3),(11169,24,6,162,'M',1),(11170,24,6,162,'M',2),(11171,24,6,162,'M',1),(11172,24,6,162,'M',2),(11173,24,7,162,'M',2),(11174,24,8,162,'M',1),(11175,24,8,162,'M',3),(11176,24,8,162,'W',3),(11177,24,8,162,'W',2),(11178,24,10,162,'M',1),(11179,24,10,162,'W',1),(11180,24,10,162,'M',3),(11181,24,10,162,'M',1),(11182,24,13,162,'W',3),(11183,24,13,162,'W',2),(11184,24,13,162,'M',2),(11185,24,13,162,'W',1),(11186,24,13,162,'W',2),(11187,24,13,162,'M',1),(11188,24,13,162,'M',1),(11189,24,13,162,'M',3),(11190,24,13,162,'M',3),(11191,24,13,162,'M',3),(11192,24,13,162,'W',2),(11193,24,13,162,'W',1),(11194,24,13,162,'M',2),(11195,24,13,162,'W',3),(11196,24,13,162,'W',1),(11197,24,13,162,'W',1),(11198,24,13,162,'W',3),(11199,24,13,162,'W',1),(11200,24,13,162,'M',1),(11201,24,13,162,'W',1),(11202,24,14,162,'M',3),(11203,24,14,162,'W',2),(11204,24,14,162,'M',3),(11205,24,15,162,'M',1),(11206,24,17,162,'W',2),(11207,24,17,162,'M',3),(11208,24,17,162,'M',3),(11209,24,18,162,'M',1),(11210,24,18,162,'M',2),(11211,24,18,162,'M',1),(11212,24,18,162,'M',1),(11213,24,18,162,'M',1),(11214,24,18,162,'M',1),(11215,24,18,162,'M',3),(11216,24,18,162,'M',1),(11217,24,18,162,'M',2),(11218,24,19,162,'M',3),(11219,24,19,162,'M',3),(11220,24,19,162,'M',1),(11221,24,19,162,'M',2),(11222,24,19,162,'W',1),(11223,24,19,162,'M',3),(11224,24,19,162,'M',2),(11225,24,19,162,'W',1),(11226,24,19,162,'W',1),(11227,24,19,162,'M',2),(11228,24,19,162,'W',3),(11229,24,20,162,'M',1),(11230,24,23,162,'W',2),(11231,24,24,162,'M',1),(11232,24,24,162,'W',2),(11233,24,27,162,'M',3),(11234,24,27,162,'M',2),(11235,24,27,162,'M',1),(11236,24,27,162,'W',3),(11237,24,27,162,'W',2),(11238,24,27,162,'W',2),(11239,24,29,162,'M',2),(11240,24,29,162,'W',2),(11241,24,1,161,'M',3),(11242,24,1,161,'M',3),(11243,24,1,161,'W',2),(11244,24,19,161,'W',3),(11245,24,19,161,'M',2),(11246,24,1,160,'W',3),(11247,24,1,160,'W',2),(11248,24,1,160,'W',1),(11249,24,1,160,'W',3),(11250,24,1,160,'W',2),(11251,24,2,160,'W',1),(11252,24,2,160,'W',1),(11253,24,2,160,'W',1),(11254,24,6,160,'M',3),(11255,24,6,160,'M',2),(11256,24,7,160,'M',1),(11257,24,7,160,'M',3),(11258,24,7,160,'W',3),(11259,24,10,160,'M',1),(11260,24,13,160,'W',3),(11261,24,13,160,'W',1),(11262,24,13,160,'W',2),(11263,24,13,160,'M',1),(11264,24,13,160,'W',1),(11265,24,13,160,'W',2),(11266,24,17,160,'W',3),(11267,24,19,160,'W',1),(11268,24,19,160,'W',1),(11269,24,19,160,'W',2),(11270,24,19,160,'W',3),(11271,24,27,160,'M',3),(11272,24,14,158,'M',3),(11273,24,6,156,'M',3),(11274,24,14,156,'W',2),(11275,24,17,156,'W',3),(11276,24,18,156,'M',3),(11277,24,1,155,'W',3),(11278,24,17,155,'M',3),(11279,24,1,154,'M',1),(11280,24,1,154,'M',1),(11281,24,1,154,'M',1),(11282,24,1,154,'W',1),(11283,24,2,154,'M',1),(11284,24,7,154,'M',2),(11285,24,7,154,'W',3),(11286,24,7,154,'M',3),(11287,24,7,154,'M',2),(11288,24,10,154,'W',2),(11289,24,13,154,'M',3),(11290,24,14,154,'W',2),(11291,24,14,154,'M',2),(11292,24,27,154,'W',1),(11293,24,2,143,'M',1),(11294,24,9,143,'X',3),(11295,24,30,143,'M',3),(11296,24,30,143,'W',3),(11297,24,1,141,'W',2),(11298,24,1,141,'W',1),(11299,24,2,141,'M',2),(11300,24,7,141,'M',1),(11301,24,7,141,'M',1),(11302,24,11,141,'W',1),(11303,24,15,141,'W',3),(11304,24,23,141,'W',2),(11305,24,27,141,'M',3),(11306,24,30,141,'X',3),(11307,24,1,139,'W',2),(11308,24,1,139,'M',2),(11309,24,14,139,'W',2),(11310,24,2,137,'W',2),(11311,24,2,137,'W',2),(11312,24,2,137,'M',2),(11313,24,8,137,'W',1),(11314,24,8,137,'W',1),(11315,24,8,137,'W',1),(11316,24,8,137,'W',2),(11317,24,9,137,'X',1),(11318,24,9,137,'X',2),(11319,24,9,137,'X',2),(11320,24,9,137,'X',1),(11321,24,9,137,'X',2),(11322,24,16,137,'M',1),(11323,24,16,137,'W',3),(11324,24,17,137,'M',1),(11325,24,19,137,'W',1),(11326,24,19,137,'M',1),(11327,24,19,137,'W',1),(11328,24,19,137,'M',1),(11329,24,19,137,'W',2),(11330,24,19,137,'M',3),(11331,24,19,137,'M',3),(11332,24,19,137,'W',1),(11333,24,24,137,'W',2),(11334,24,26,137,'M',3),(11335,24,30,137,'W',2),(11336,24,1,131,'W',1),(11337,24,18,126,'M',3),(11338,24,1,123,'M',2),(11339,24,1,123,'M',3),(11340,24,6,123,'M',3),(11341,24,14,123,'W',1),(11342,24,19,123,'M',2),(11343,24,23,123,'M',3),(11344,24,6,121,'M',3),(11345,24,27,121,'M',2),(11346,24,1,118,'M',2),(11347,24,1,118,'M',3),(11348,24,1,118,'W',3),(11349,24,1,118,'M',3),(11350,24,6,118,'M',3),(11351,24,1,115,'M',1),(11352,24,2,115,'W',3),(11353,24,5,115,'M',3),(11354,24,8,115,'W',3),(11355,24,27,115,'W',1),(11356,24,1,108,'M',2),(11357,24,13,108,'M',1),(11358,24,17,108,'M',3),(11359,24,27,106,'M',3),(11360,24,1,105,'M',2),(11361,24,9,105,'X',3),(11362,24,3,104,'M',3),(11363,24,3,104,'M',2),(11364,24,4,104,'M',3),(11365,24,10,104,'M',3),(11366,24,10,104,'M',1),(11367,24,13,104,'M',3),(11368,24,13,104,'M',2),(11369,24,16,104,'M',2),(11370,24,17,104,'M',2),(11371,24,17,104,'W',3),(11372,24,17,104,'W',3),(11373,24,17,104,'W',3),(11374,24,17,104,'M',2),(11375,24,18,104,'M',3),(11376,24,18,104,'M',2),(11377,24,18,104,'M',1),(11378,24,18,104,'M',2),(11379,24,23,104,'M',1),(11380,24,23,104,'W',1),(11381,24,23,104,'W',1),(11382,24,23,104,'M',2),(11383,24,25,104,'W',3),(11384,24,26,104,'W',3),(11385,24,26,104,'W',1),(11386,24,26,104,'W',2),(11387,24,26,104,'M',1),(11388,24,26,104,'W',1),(11389,24,27,104,'W',2),(11390,24,17,101,'M',3),(11391,24,1,100,'M',2),(11392,24,1,100,'M',3),(11393,24,1,100,'M',1),(11394,24,1,100,'M',1),(11395,24,1,100,'M',2),(11396,24,1,100,'W',3),(11397,24,1,100,'M',2),(11398,24,1,99,'W',1),(11399,24,6,99,'M',2),(11400,24,6,99,'M',2),(11401,24,6,99,'M',1),(11402,24,6,99,'M',1),(11403,24,8,99,'M',2),(11404,24,18,99,'M',2),(11405,24,1,98,'W',1),(11406,24,17,98,'W',1),(11407,24,17,98,'M',1),(11408,24,17,98,'M',2),(11409,24,17,98,'W',3),(11410,24,17,98,'W',2),(11411,24,17,98,'W',3),(11412,24,17,98,'M',1),(11413,24,17,98,'M',1),(11414,24,18,98,'M',2),(11415,24,19,98,'W',2),(11416,24,19,98,'W',3),(11417,24,19,98,'W',2),(11418,24,19,98,'W',3),(11419,24,19,98,'W',2),(11420,24,19,98,'W',2),(11421,24,22,98,'W',2),(11422,24,23,98,'W',3),(11423,24,1,96,'W',3),(11424,24,1,96,'W',2),(11425,24,1,96,'W',3),(11426,24,1,96,'M',3),(11427,24,1,96,'W',2),(11428,24,1,96,'W',2),(11429,24,1,96,'W',2),(11430,24,1,96,'M',3),(11431,24,1,96,'W',2),(11432,24,1,94,'M',2),(11433,24,1,94,'W',2),(11434,24,2,94,'M',3),(11435,24,2,94,'M',2),(11436,24,2,94,'M',2),(11437,24,2,94,'M',1),(11438,24,6,94,'M',3),(11439,24,7,94,'W',1),(11440,24,7,94,'M',1),(11441,24,7,94,'M',3),(11442,24,8,94,'M',3),(11443,24,8,94,'W',1),(11444,24,8,94,'W',1),(11445,24,10,94,'M',1),(11446,24,10,94,'W',3),(11447,24,10,94,'W',1),(11448,24,10,94,'M',3),(11449,24,10,94,'W',1),(11450,24,17,94,'M',3),(11451,24,17,94,'W',3),(11452,24,17,94,'M',1),(11453,24,17,94,'W',3),(11454,24,19,94,'M',1),(11455,24,19,94,'M',3),(11456,24,19,94,'M',1),(11457,24,19,94,'M',3),(11458,24,19,94,'M',1),(11459,24,19,94,'M',2),(11460,24,26,94,'M',2),(11461,24,27,94,'W',2),(11462,24,27,94,'M',3),(11463,24,30,94,'W',1),(11464,24,30,94,'M',2),(11465,24,29,94,'M',3),(11466,24,7,92,'M',3),(11467,24,1,91,'W',3),(11468,24,1,89,'W',2),(11469,24,14,88,'M',1),(11470,24,14,88,'M',1),(11471,24,18,88,'M',1),(11472,24,23,88,'M',3),(11473,24,14,87,'W',3),(11474,24,3,86,'M',1),(11475,24,3,86,'X',2),(11476,24,3,86,'X',2),(11477,24,3,86,'M',2),(11478,24,14,86,'W',3),(11479,24,14,86,'W',2),(11480,24,14,86,'W',3),(11481,24,6,85,'M',3),(11482,24,7,85,'M',1),(11483,24,7,85,'M',1),(11484,24,7,85,'M',3),(11485,24,7,85,'M',1),(11486,24,7,85,'W',2),(11487,24,7,85,'M',1),(11488,24,7,85,'W',2),(11489,24,10,85,'W',1),(11490,24,13,85,'M',1),(11491,24,14,85,'W',2),(11492,24,15,85,'W',2),(11493,24,18,85,'M',2),(11494,24,19,85,'W',1),(11495,24,19,85,'M',1),(11496,24,20,85,'M',2),(11497,24,27,85,'W',3),(11498,24,1,76,'W',2),(11499,24,1,76,'M',1),(11500,24,1,76,'W',2),(11501,24,1,76,'W',2),(11502,24,13,76,'M',2),(11503,24,13,76,'W',3),(11504,24,14,76,'M',2),(11505,24,14,76,'W',3),(11506,24,14,76,'M',2),(11507,24,14,76,'M',1),(11508,24,14,76,'M',1),(11509,24,18,76,'M',3),(11510,24,23,76,'M',1),(11511,24,1,74,'M',1),(11512,24,1,74,'M',2),(11513,24,1,74,'W',3),(11514,24,1,74,'W',1),(11515,24,1,74,'W',3),(11516,24,2,74,'W',1),(11517,24,2,74,'W',2),(11518,24,2,74,'M',3),(11519,24,2,74,'W',1),(11520,24,2,74,'M',3),(11521,24,2,74,'W',3),(11522,24,6,74,'M',3),(11523,24,7,74,'M',1),(11524,24,7,74,'M',3),(11525,24,7,74,'M',3),(11526,24,7,74,'M',3),(11527,24,7,74,'W',1),(11528,24,7,74,'M',2),(11529,24,7,74,'W',1),(11530,24,7,74,'M',1),(11531,24,8,74,'M',3),(11532,24,8,74,'M',1),(11533,24,8,74,'W',2),(11534,24,8,74,'M',2),(11535,24,8,74,'M',2),(11536,24,8,74,'M',1),(11537,24,8,74,'M',2),(11538,24,8,74,'M',3),(11539,24,8,74,'M',3),(11540,24,8,74,'M',1),(11541,24,9,74,'X',3),(11542,24,9,74,'X',2),(11543,24,9,74,'X',1),(11544,24,9,74,'X',1),(11545,24,10,74,'M',2),(11546,24,10,74,'W',2),(11547,24,10,74,'W',3),(11548,24,10,74,'M',3),(11549,24,10,74,'M',3),(11550,24,11,74,'W',3),(11551,24,14,74,'M',2),(11552,24,14,74,'M',2),(11553,24,17,74,'W',3),(11554,24,19,74,'W',3),(11555,24,19,74,'M',3),(11556,24,19,74,'M',3),(11557,24,19,74,'M',3),(11558,24,19,74,'W',3),(11559,24,23,74,'M',2),(11560,24,24,74,'M',2),(11561,24,26,74,'W',3),(11562,24,28,74,'M',2),(11563,24,30,74,'W',2),(11564,24,30,74,'X',2),(11565,24,30,74,'X',3),(11566,24,29,74,'M',3),(11567,24,6,72,'M',3),(11568,24,14,72,'M',3),(11569,24,17,72,'M',3),(11570,24,18,72,'M',3),(11571,24,18,72,'M',3),(11572,24,18,72,'M',3),(11573,24,1,70,'M',2),(11574,24,1,70,'W',3),(11575,24,1,70,'W',3),(11576,24,1,70,'W',1),(11577,24,1,70,'M',2),(11578,24,1,70,'M',1),(11579,24,2,70,'M',1),(11580,24,2,70,'M',1),(11581,24,2,70,'W',2),(11582,24,3,70,'X',3),(11583,24,3,70,'X',3),(11584,24,6,70,'M',1),(11585,24,7,70,'M',3),(11586,24,7,70,'M',2),(11587,24,8,70,'M',1),(11588,24,8,70,'W',3),(11589,24,8,70,'M',2),(11590,24,8,70,'M',3),(11591,24,9,70,'X',2),(11592,24,9,70,'X',2),(11593,24,17,70,'W',2),(11594,24,20,70,'W',3),(11595,24,20,70,'W',1),(11596,24,27,70,'M',1),(11597,24,27,70,'M',2),(11598,24,30,70,'X',2),(11599,24,30,70,'W',1),(11600,24,30,70,'M',1),(11601,24,30,70,'X',1),(11602,24,30,70,'X',2),(11603,24,2,66,'M',1),(11604,24,2,66,'M',1),(11605,24,2,66,'M',3),(11606,24,5,66,'M',2),(11607,24,6,66,'M',1),(11608,24,6,66,'M',3),(11609,24,7,66,'M',1),(11610,24,7,66,'W',3),(11611,24,7,66,'W',2),(11612,24,8,66,'W',3),(11613,24,8,66,'W',1),(11614,24,8,66,'W',2),(11615,24,8,66,'M',1),(11616,24,8,66,'M',1),(11617,24,8,66,'W',1),(11618,24,8,66,'M',2),(11619,24,8,66,'M',1),(11620,24,10,66,'M',2),(11621,24,10,66,'W',3),(11622,24,10,66,'M',2),(11623,24,10,66,'M',1),(11624,24,10,66,'M',2),(11625,24,10,66,'M',2),(11626,24,13,66,'M',2),(11627,24,13,66,'M',2),(11628,24,17,66,'M',1),(11629,24,17,66,'W',1),(11630,24,17,66,'M',2),(11631,24,17,66,'W',2),(11632,24,17,66,'M',3),(11633,24,17,66,'M',3),(11634,24,19,66,'W',2),(11635,24,19,66,'W',3),(11636,24,23,66,'M',3),(11637,24,24,66,'M',3),(11638,24,25,66,'M',3),(11639,24,27,66,'M',1),(11640,24,27,66,'W',2),(11641,24,1,65,'M',1),(11642,24,18,65,'M',3),(11643,24,27,65,'M',2),(11644,24,30,65,'X',1),(11645,24,1,63,'M',3),(11646,24,1,63,'M',1),(11647,24,1,63,'W',1),(11648,24,1,63,'W',2),(11649,24,1,63,'M',1),(11650,24,1,63,'W',3),(11651,24,1,63,'M',3),(11652,24,1,63,'M',1),(11653,24,1,62,'M',1),(11654,24,17,62,'M',3),(11655,24,17,62,'M',3),(11656,24,1,61,'W',3),(11657,24,6,61,'M',2),(11658,24,8,61,'M',1),(11659,24,8,61,'W',3),(11660,24,11,61,'M',2),(11661,24,13,61,'M',1),(11662,24,15,61,'M',3),(11663,24,17,61,'W',1),(11664,24,19,61,'W',3),(11665,24,23,61,'M',2),(11666,24,24,61,'M',3),(11667,24,1,53,'M',2),(11668,24,2,53,'M',3),(11669,24,3,53,'W',2),(11670,24,15,53,'W',1),(11671,24,27,53,'M',2),(11672,24,30,53,'X',1),(11673,24,1,52,'M',2),(11674,24,1,52,'M',1),(11675,24,6,52,'M',2),(11676,24,7,52,'M',3),(11677,24,7,52,'W',1),(11678,24,27,52,'M',3),(11679,24,27,52,'M',2),(11680,24,28,52,'M',3),(11681,24,1,50,'M',1),(11682,24,1,50,'M',3),(11683,24,1,50,'M',2),(11684,24,1,50,'W',3),(11685,24,1,50,'M',1),(11686,24,1,50,'M',2),(11687,24,4,50,'M',2),(11688,24,6,50,'M',3),(11689,24,6,50,'M',1),(11690,24,6,50,'M',1),(11691,24,6,50,'M',3),(11692,24,6,50,'M',1),(11693,24,6,50,'M',1),(11694,24,7,50,'M',2),(11695,24,7,50,'M',2),(11696,24,10,50,'M',3),(11697,24,17,50,'M',3),(11698,24,17,50,'W',2),(11699,24,17,50,'W',1),(11700,24,17,50,'W',2),(11701,24,17,50,'W',1),(11702,24,18,50,'M',2),(11703,24,18,50,'M',3),(11704,24,18,50,'M',2),(11705,24,18,50,'M',2),(11706,24,18,50,'M',1),(11707,24,23,50,'W',2),(11708,24,23,50,'M',1),(11709,24,29,50,'W',1),(11710,24,2,49,'M',3),(11711,24,14,49,'M',1),(11712,24,19,48,'W',3),(11713,24,19,48,'W',3),(11714,24,14,44,'W',1),(11715,24,11,41,'M',1),(11716,24,1,39,'W',1),(11717,24,3,39,'X',1),(11718,24,3,39,'W',3),(11719,24,3,39,'W',1),(11720,24,3,39,'X',1),(11721,24,3,39,'W',2),(11722,24,3,39,'M',3),(11723,24,3,39,'M',1),(11724,24,3,39,'W',3),(11725,24,3,39,'W',1),(11726,24,8,39,'W',3),(11727,24,10,39,'W',3),(11728,24,10,39,'M',2),(11729,24,13,39,'W',1),(11730,24,13,39,'M',2),(11731,24,13,39,'W',3),(11732,24,13,39,'M',1),(11733,24,13,39,'M',1),(11734,24,13,39,'W',3),(11735,24,13,39,'W',2),(11736,24,14,39,'W',1),(11737,24,14,39,'W',1),(11738,24,14,39,'M',3),(11739,24,14,39,'M',2),(11740,24,14,39,'W',1),(11741,24,14,39,'W',1),(11742,24,14,39,'M',1),(11743,24,17,39,'W',1),(11744,24,17,39,'W',3),(11745,24,17,39,'W',2),(11746,24,17,39,'W',1),(11747,24,18,39,'M',3),(11748,24,19,39,'M',1),(11749,24,19,39,'M',2),(11750,24,19,39,'W',2),(11751,24,19,39,'M',1),(11752,24,19,39,'W',1),(11753,24,19,39,'W',2),(11754,24,19,39,'M',2),(11755,24,19,39,'W',1),(11756,24,19,39,'M',1),(11757,24,19,39,'W',2),(11758,24,23,39,'W',1),(11759,24,25,39,'M',1),(11760,24,25,39,'M',2),(11761,24,25,39,'W',1),(11762,24,25,39,'W',2),(11763,24,25,39,'M',3),(11764,24,25,39,'M',1),(11765,24,25,39,'W',1),(11766,24,25,39,'W',2),(11767,24,27,39,'W',1),(11768,24,27,39,'M',2),(11769,24,27,39,'W',3),(11770,24,27,39,'M',1),(11771,24,27,39,'M',3),(11772,24,27,39,'M',1),(11773,24,27,39,'W',2),(11774,24,27,39,'W',3),(11775,24,11,38,'M',3),(11776,24,2,34,'W',3),(11777,24,7,34,'M',3),(11778,24,7,34,'W',2),(11779,24,13,34,'M',3),(11780,24,13,34,'W',3),(11781,24,17,34,'M',2),(11782,24,18,34,'M',1),(11783,24,19,34,'W',3),(11784,24,19,34,'W',2),(11785,24,19,34,'M',3),(11786,24,19,34,'W',3),(11787,24,23,34,'W',3),(11788,24,24,34,'M',1),(11789,24,28,34,'M',1),(11790,24,1,30,'W',1),(11791,24,2,30,'W',2),(11792,24,7,30,'M',2),(11793,24,7,30,'M',2),(11794,24,13,30,'M',3),(11795,24,13,30,'M',3),(11796,24,14,30,'M',2),(11797,24,14,30,'M',1),(11798,24,14,30,'M',2),(11799,24,18,30,'M',2),(11800,24,18,30,'M',1),(11801,24,27,30,'W',1),(11802,24,27,30,'M',1),(11803,24,1,27,'M',2),(11804,24,5,27,'W',3),(11805,24,9,27,'X',3),(11806,24,17,27,'M',2),(11807,24,17,27,'M',2),(11808,24,19,27,'M',3),(11809,24,30,27,'X',2),(11810,24,30,27,'X',3),(11811,24,29,27,'M',2),(11812,24,29,27,'W',3),(11813,24,29,27,'W',2),(11814,24,29,27,'W',3),(11815,24,1,24,'W',3),(11816,24,1,24,'W',1),(11817,24,1,24,'M',3),(11818,24,1,24,'W',3),(11819,24,1,24,'W',1),(11820,24,2,24,'W',1),(11821,24,13,24,'W',2),(11822,24,13,24,'W',2),(11823,24,14,24,'M',3),(11824,24,14,24,'M',3),(11825,24,17,24,'M',3),(11826,24,18,24,'M',3),(11827,24,20,24,'M',3),(11828,24,27,24,'M',3),(11829,24,27,24,'W',3),(11830,24,27,24,'M',2),(11831,24,27,24,'M',3),(11832,24,8,18,'M',2),(11833,24,8,18,'M',2),(11834,24,17,18,'W',3),(11835,24,17,18,'W',3),(11836,24,24,18,'W',3),(11837,24,1,16,'M',3),(11838,24,1,14,'W',1),(11839,24,1,14,'W',1),(11840,24,6,13,'M',3),(11841,24,18,13,'M',1),(11842,24,27,13,'W',1),(11843,24,1,12,'W',2),(11844,24,30,12,'M',1),(11845,24,30,12,'X',1),(11846,24,1,11,'W',1),(11847,24,1,11,'M',2),(11848,24,1,11,'W',2),(11849,24,2,11,'M',3),(11850,24,2,11,'M',2),(11851,24,2,11,'M',3),(11852,24,2,11,'M',2),(11853,24,2,11,'W',2),(11854,24,5,11,'W',2),(11855,24,7,11,'W',3),(11856,24,7,11,'M',2),(11857,24,8,11,'M',3),(11858,24,8,11,'W',2),(11859,24,8,11,'M',3),(11860,24,8,11,'M',2),(11861,24,8,11,'M',1),(11862,24,8,11,'M',3),(11863,24,9,11,'X',2),(11864,24,9,11,'X',1),(11865,24,13,11,'M',2),(11866,24,16,11,'M',3),(11867,24,16,11,'W',1),(11868,24,17,11,'W',3),(11869,24,19,11,'W',3),(11870,24,19,11,'M',3),(11871,24,19,11,'M',2),(11872,24,19,11,'W',2),(11873,24,19,11,'M',3),(11874,24,19,11,'M',2),(11875,24,19,11,'M',1),(11876,24,19,11,'M',2),(11877,24,19,11,'M',3),(11878,24,19,11,'M',3),(11879,24,19,11,'W',3),(11880,24,19,11,'W',2),(11881,24,19,11,'M',2),(11882,24,19,11,'W',1),(11883,24,19,11,'M',1),(11884,24,19,11,'M',1),(11885,24,19,11,'M',2),(11886,24,19,11,'W',2),(11887,24,19,11,'M',1),(11888,24,19,11,'W',2),(11889,24,19,11,'W',1),(11890,24,22,11,'W',3),(11891,24,23,11,'W',1),(11892,24,23,11,'M',2),(11893,24,24,11,'M',2),(11894,24,26,11,'M',1),(11895,24,27,11,'W',3),(11896,24,27,11,'M',2),(11897,24,27,11,'M',1),(11898,24,28,11,'W',2),(11899,24,30,11,'M',1),(11900,24,30,11,'W',1),(11901,24,30,11,'X',3),(11902,24,30,11,'X',2),(11903,24,29,11,'W',1),(11904,24,14,8,'M',3),(11905,24,16,7,'W',2),(11906,24,30,7,'M',3),(11907,24,30,7,'M',2),(11908,24,30,7,'W',3),(11909,24,1,3,'W',1),(11910,24,1,3,'M',2),(11911,24,1,3,'M',3),(11912,24,1,3,'M',3),(11913,24,6,3,'M',3),(11914,25,19,209,'W',2),(11915,25,19,209,'W',1),(11916,25,19,209,'W',3),(11917,25,14,204,'M',3),(11918,25,23,204,'W',3),(11919,25,6,202,'M',3),(11920,25,6,202,'M',3),(11921,25,18,202,'M',2),(11922,25,18,202,'M',1),(11923,25,18,202,'M',1),(11924,25,1,201,'M',3),(11925,25,1,201,'M',1),(11926,25,1,201,'W',2),(11927,25,1,201,'W',3),(11928,25,1,201,'W',1),(11929,25,1,201,'M',2),(11930,25,1,201,'M',3),(11931,25,1,201,'M',1),(11932,25,1,201,'M',2),(11933,25,1,201,'W',2),(11934,25,1,201,'M',3),(11935,25,1,201,'M',1),(11936,25,1,201,'M',2),(11937,25,1,201,'M',2),(11938,25,1,201,'M',1),(11939,25,1,201,'W',1),(11940,25,1,201,'M',2),(11941,25,1,201,'M',2),(11942,25,1,201,'M',1),(11943,25,1,201,'M',2),(11944,25,1,201,'M',2),(11945,25,1,201,'W',3),(11946,25,1,201,'M',1),(11947,25,1,201,'M',2),(11948,25,1,201,'M',2),(11949,25,2,201,'M',1),(11950,25,2,201,'W',2),(11951,25,5,201,'M',3),(11952,25,5,201,'W',1),(11953,25,6,201,'M',3),(11954,25,6,201,'M',1),(11955,25,7,201,'W',2),(11956,25,8,201,'M',3),(11957,25,8,201,'M',1),(11958,25,8,201,'W',2),(11959,25,9,201,'X',3),(11960,25,9,201,'X',3),(11961,25,9,201,'X',2),(11962,25,9,201,'X',3),(11963,25,9,201,'X',3),(11964,25,9,201,'X',2),(11965,25,9,201,'X',1),(11966,25,9,201,'X',1),(11967,25,10,201,'W',3),(11968,25,10,201,'W',1),(11969,25,11,201,'W',1),(11970,25,13,201,'W',2),(11971,25,13,201,'M',2),(11972,25,13,201,'M',1),(11973,25,13,201,'W',1),(11974,25,13,201,'M',2),(11975,25,13,201,'W',2),(11976,25,13,201,'W',3),(11977,25,13,201,'W',2),(11978,25,13,201,'W',2),(11979,25,17,201,'M',3),(11980,25,18,201,'W',3),(11981,25,18,201,'M',2),(11982,25,18,201,'W',2),(11983,25,18,201,'M',2),(11984,25,18,201,'M',1),(11985,25,18,201,'M',3),(11986,25,19,201,'M',1),(11987,25,19,201,'W',1),(11988,25,19,201,'M',2),(11989,25,19,201,'M',1),(11990,25,19,201,'M',2),(11991,25,19,201,'W',3),(11992,25,19,201,'M',2),(11993,25,19,201,'M',1),(11994,25,19,201,'M',3),(11995,25,19,201,'W',1),(11996,25,19,201,'M',1),(11997,25,19,201,'M',3),(11998,25,19,201,'M',1),(11999,25,19,201,'M',2),(12000,25,19,201,'W',2),(12001,25,19,201,'M',3),(12002,25,19,201,'W',3),(12003,25,19,201,'M',1),(12004,25,19,201,'M',2),(12005,25,19,201,'W',2),(12006,25,19,201,'M',3),(12007,25,19,201,'W',2),(12008,25,19,201,'M',1),(12009,25,19,201,'W',2),(12010,25,19,201,'M',1),(12011,25,19,201,'W',1),(12012,25,19,201,'M',1),(12013,25,19,201,'W',3),(12014,25,19,201,'W',3),(12015,25,19,201,'W',3),(12016,25,19,201,'W',3),(12017,25,22,201,'W',1),(12018,25,23,201,'W',2),(12019,25,23,201,'M',1),(12020,25,24,201,'M',2),(12021,25,27,201,'M',2),(12022,25,27,201,'M',1),(12023,25,27,201,'W',1),(12024,25,28,201,'W',3),(12025,25,30,201,'M',1),(12026,25,30,201,'X',2),(12027,25,29,201,'W',3),(12028,25,29,201,'W',1),(12029,25,1,199,'W',2),(12030,25,1,199,'W',3),(12031,25,1,199,'W',3),(12032,25,1,199,'M',1),(12033,25,2,199,'M',3),(12034,25,7,199,'W',3),(12035,25,10,199,'M',3),(12036,25,13,199,'M',1),(12037,25,13,199,'W',3),(12038,25,13,199,'M',1),(12039,25,14,199,'M',2),(12040,25,14,199,'W',1),(12041,25,15,199,'W',3),(12042,25,17,199,'M',2),(12043,25,18,199,'W',1),(12044,25,18,199,'M',1),(12045,25,19,199,'M',3),(12046,25,19,199,'W',1),(12047,25,19,199,'W',1),(12048,25,26,199,'M',3),(12049,25,27,199,'W',1),(12050,25,30,199,'X',2),(12051,25,30,199,'W',2),(12052,25,27,197,'M',1),(12053,25,1,195,'M',3),(12054,25,6,195,'M',2),(12055,25,14,195,'M',3),(12056,25,14,195,'M',1),(12057,25,14,195,'W',1),(12058,25,14,195,'M',1),(12059,25,18,195,'M',3),(12060,25,18,195,'M',2),(12061,25,18,195,'M',3),(12062,25,23,195,'M',2),(12063,25,19,263,'M',3),(12064,25,23,192,'W',1),(12065,25,23,192,'M',1),(12066,25,23,192,'M',2),(12067,25,26,192,'M',2),(12068,25,26,192,'W',3),(12069,25,6,187,'M',2),(12070,25,6,187,'M',1),(12071,25,6,187,'M',3),(12072,25,14,187,'W',3),(12073,25,14,187,'W',1),(12074,25,14,187,'W',3),(12075,25,14,187,'W',1),(12076,25,23,187,'W',3),(12077,25,6,184,'M',3),(12078,25,1,182,'W',1),(12079,25,1,182,'M',1),(12080,25,1,182,'M',1),(12081,25,7,182,'M',1),(12082,25,9,182,'X',2),(12083,25,9,182,'X',2),(12084,25,18,182,'M',2),(12085,25,30,182,'W',3),(12086,25,7,181,'M',3),(12087,25,7,181,'M',2),(12088,25,7,181,'M',1),(12089,25,7,181,'W',1),(12090,25,17,181,'M',2),(12091,25,27,181,'M',3),(12092,25,8,179,'W',3),(12093,25,8,179,'M',2),(12094,25,10,179,'M',1),(12095,25,28,179,'M',3),(12096,25,29,179,'M',3),(12097,25,1,170,'W',3),(12098,25,2,170,'M',2),(12099,25,17,170,'W',3),(12100,25,30,170,'X',3),(12101,25,19,219,'M',2),(12102,25,27,219,'W',2),(12103,25,1,162,'W',2),(12104,25,1,162,'W',2),(12105,25,1,162,'W',3),(12106,25,1,162,'W',2),(12107,25,1,162,'W',2),(12108,25,1,162,'M',3),(12109,25,1,162,'M',2),(12110,25,1,162,'M',1),(12111,25,1,162,'W',1),(12112,25,1,162,'W',1),(12113,25,1,162,'W',1),(12114,25,1,162,'M',3),(12115,25,1,162,'W',3),(12116,25,1,162,'W',1),(12117,25,1,162,'W',2),(12118,25,1,162,'W',1),(12119,25,1,162,'W',2),(12120,25,1,162,'W',3),(12121,25,1,162,'M',3),(12122,25,1,162,'W',3),(12123,25,2,162,'M',1),(12124,25,5,162,'W',3),(12125,25,6,162,'M',1),(12126,25,6,162,'M',3),(12127,25,6,162,'M',1),(12128,25,6,162,'M',3),(12129,25,6,162,'M',3),(12130,25,6,162,'M',1),(12131,25,7,162,'M',3),(12132,25,7,162,'M',2),(12133,25,7,162,'M',3),(12134,25,8,162,'W',3),(12135,25,8,162,'M',2),(12136,25,8,162,'M',1),(12137,25,8,162,'W',1),(12138,25,8,162,'W',2),(12139,25,10,162,'M',3),(12140,25,10,162,'W',1),(12141,25,10,162,'M',3),(12142,25,10,162,'M',3),(12143,25,13,162,'W',2),(12144,25,13,162,'W',3),(12145,25,13,162,'W',3),(12146,25,13,162,'W',1),(12147,25,13,162,'W',1),(12148,25,13,162,'W',2),(12149,25,13,162,'M',2),(12150,25,14,162,'M',3),(12151,25,14,162,'M',1),(12152,25,14,162,'W',3),(12153,25,14,162,'W',3),(12154,25,14,162,'W',2),(12155,25,14,162,'M',3),(12156,25,14,162,'M',3),(12157,25,14,162,'M',2),(12158,25,15,162,'M',3),(12159,25,17,162,'M',2),(12160,25,17,162,'W',3),(12161,25,17,162,'M',2),(12162,25,17,162,'M',3),(12163,25,17,162,'M',3),(12164,25,18,162,'M',1),(12165,25,18,162,'M',3),(12166,25,18,162,'W',2),(12167,25,18,162,'M',1),(12168,25,18,162,'M',3),(12169,25,18,162,'M',1),(12170,25,18,162,'M',2),(12171,25,18,162,'M',3),(12172,25,18,162,'M',1),(12173,25,18,162,'M',1),(12174,25,19,162,'M',3),(12175,25,19,162,'W',3),(12176,25,19,162,'W',2),(12177,25,19,162,'W',2),(12178,25,19,162,'W',2),(12179,25,19,162,'W',1),(12180,25,19,162,'W',1),(12181,25,19,162,'M',3),(12182,25,20,162,'M',1),(12183,25,27,162,'M',3),(12184,25,27,162,'M',2),(12185,25,27,162,'W',2),(12186,25,27,162,'M',3),(12187,25,27,162,'M',2),(12188,25,27,162,'M',3),(12189,25,27,162,'M',2),(12190,25,27,162,'M',1),(12191,25,27,162,'W',1),(12192,25,27,162,'M',1),(12193,25,29,162,'M',3),(12194,25,29,162,'W',2),(12195,25,1,161,'M',2),(12196,25,1,161,'W',2),(12197,25,2,161,'M',3),(12198,25,19,161,'M',2),(12199,25,19,161,'M',1),(12200,25,19,161,'M',3),(12201,25,1,160,'W',3),(12202,25,1,160,'W',2),(12203,25,1,160,'M',2),(12204,25,2,160,'W',1),(12205,25,2,160,'W',1),(12206,25,2,160,'W',1),(12207,25,6,160,'M',3),(12208,25,13,160,'W',3),(12209,25,13,160,'W',1),(12210,25,13,160,'M',2),(12211,25,13,160,'W',1),(12212,25,13,160,'W',2),(12213,25,13,160,'M',2),(12214,25,13,160,'M',3),(12215,25,13,160,'W',1),(12216,25,13,160,'M',3),(12217,25,13,160,'W',1),(12218,25,19,160,'M',3),(12219,25,19,160,'W',1),(12220,25,6,156,'M',2),(12221,25,14,156,'W',2),(12222,25,17,156,'W',2),(12223,25,25,156,'W',2),(12224,25,27,156,'M',3),(12225,25,1,155,'M',2),(12226,25,1,155,'M',3),(12227,25,8,155,'M',2),(12228,25,1,154,'M',1),(12229,25,1,154,'W',3),(12230,25,2,154,'M',1),(12231,25,7,154,'W',3),(12232,25,10,154,'W',3),(12233,25,14,154,'W',3),(12234,25,19,154,'W',2),(12235,25,19,154,'W',1),(12236,25,19,154,'W',2),(12237,25,30,154,'M',3),(12238,25,11,148,'M',2),(12239,25,2,143,'W',1),(12240,25,7,143,'M',2),(12241,25,8,143,'W',1),(12242,25,28,143,'M',1),(12243,25,28,143,'M',2),(12244,25,1,141,'M',1),(12245,25,2,141,'M',1),(12246,25,7,141,'M',1),(12247,25,7,141,'M',3),(12248,25,8,141,'W',1),(12249,25,30,141,'W',1),(12250,25,1,139,'M',3),(12251,25,1,139,'M',3),(12252,25,2,137,'M',2),(12253,25,2,137,'W',3),(12254,25,2,137,'W',3),(12255,25,3,137,'W',2),(12256,25,8,137,'W',1),(12257,25,8,137,'W',3),(12258,25,8,137,'M',2),(12259,25,8,137,'M',3),(12260,25,9,137,'X',1),(12261,25,16,137,'M',2),(12262,25,16,137,'W',2),(12263,25,17,137,'M',3),(12264,25,17,137,'W',3),(12265,25,17,137,'W',2),(12266,25,17,137,'M',3),(12267,25,19,137,'W',3),(12268,25,19,137,'M',1),(12269,25,19,137,'W',2),(12270,25,19,137,'M',2),(12271,25,19,137,'M',2),(12272,25,19,137,'W',3),(12273,25,19,137,'W',1),(12274,25,17,124,'M',3),(12275,25,1,123,'W',2),(12276,25,8,123,'W',2),(12277,25,23,123,'M',2),(12278,25,23,123,'W',3),(12279,25,1,118,'M',1),(12280,25,1,118,'M',1),(12281,25,1,118,'W',2),(12282,25,1,115,'M',1),(12283,25,1,115,'W',2),(12284,25,20,115,'M',2),(12285,25,1,108,'M',2),(12286,25,13,108,'M',2),(12287,25,14,108,'M',2),(12288,25,20,108,'W',2),(12289,25,3,104,'M',1),(12290,25,3,104,'M',2),(12291,25,3,104,'W',3),(12292,25,3,104,'M',2),(12293,25,6,104,'M',3),(12294,25,6,104,'M',3),(12295,25,13,104,'M',3),(12296,25,13,104,'M',2),(12297,25,14,104,'W',2),(12298,25,14,104,'M',2),(12299,25,15,104,'W',2),(12300,25,17,104,'M',3),(12301,25,17,104,'M',1),(12302,25,17,104,'M',2),(12303,25,18,104,'M',2),(12304,25,18,104,'M',1),(12305,25,23,104,'M',1),(12306,25,23,104,'W',1),(12307,25,23,104,'W',3),(12308,25,23,104,'M',3),(12309,25,25,104,'W',2),(12310,25,25,104,'M',1),(12311,25,25,104,'W',3),(12312,25,26,104,'W',1),(12313,25,26,104,'W',2),(12314,25,26,104,'M',1),(12315,25,26,104,'W',1),(12316,25,27,104,'M',2),(12317,25,27,104,'W',2),(12318,25,27,104,'W',3),(12319,25,1,100,'M',2),(12320,25,1,100,'M',3),(12321,25,1,100,'M',1),(12322,25,1,100,'M',2),(12323,25,1,100,'M',3),(12324,25,1,100,'W',2),(12325,25,1,100,'W',2),(12326,25,1,99,'M',3),(12327,25,6,99,'M',3),(12328,25,6,99,'M',1),(12329,25,6,99,'M',2),(12330,25,14,99,'M',2),(12331,25,18,99,'M',2),(12332,25,18,99,'M',3),(12333,25,18,99,'M',2),(12334,25,1,98,'M',1),(12335,25,1,98,'W',1),(12336,25,4,98,'M',3),(12337,25,8,98,'M',2),(12338,25,13,98,'M',3),(12339,25,13,98,'M',2),(12340,25,13,98,'M',3),(12341,25,13,98,'M',1),(12342,25,17,98,'W',1),(12343,25,17,98,'M',1),(12344,25,17,98,'M',1),(12345,25,17,98,'W',1),(12346,25,17,98,'W',2),(12347,25,17,98,'W',1),(12348,25,17,98,'M',1),(12349,25,17,98,'W',1),(12350,25,17,98,'W',1),(12351,25,17,98,'M',2),(12352,25,18,98,'W',2),(12353,25,18,98,'M',3),(12354,25,18,98,'W',1),(12355,25,18,98,'M',3),(12356,25,18,98,'W',1),(12357,25,18,98,'W',3),(12358,25,19,98,'M',3),(12359,25,19,98,'M',1),(12360,25,19,98,'W',3),(12361,25,19,98,'M',1),(12362,25,19,98,'M',2),(12363,25,19,98,'W',3),(12364,25,19,98,'M',3),(12365,25,19,98,'W',1),(12366,25,19,98,'W',2),(12367,25,19,98,'W',2),(12368,25,22,98,'W',3),(12369,25,26,98,'M',2),(12370,25,30,98,'M',3),(12371,25,1,96,'W',3),(12372,25,1,96,'W',1),(12373,25,1,96,'M',2),(12374,25,1,96,'W',1),(12375,25,1,96,'W',3),(12376,25,1,94,'M',1),(12377,25,1,94,'M',1),(12378,25,1,94,'M',3),(12379,25,2,94,'M',3),(12380,25,2,94,'M',3),(12381,25,2,94,'M',3),(12382,25,5,94,'M',2),(12383,25,6,94,'M',3),(12384,25,7,94,'W',2),(12385,25,7,94,'M',2),(12386,25,8,94,'M',1),(12387,25,10,94,'M',3),(12388,25,10,94,'M',2),(12389,25,10,94,'W',1),(12390,25,10,94,'W',2),(12391,25,10,94,'M',1),(12392,25,10,94,'M',1),(12393,25,10,94,'M',2),(12394,25,11,94,'M',3),(12395,25,13,94,'M',1),(12396,25,13,94,'M',3),(12397,25,13,94,'W',2),(12398,25,17,94,'W',3),(12399,25,19,94,'W',2),(12400,25,19,94,'M',3),(12401,25,19,94,'W',1),(12402,25,26,94,'M',1),(12403,25,27,94,'W',2),(12404,25,27,94,'M',1),(12405,25,27,94,'M',2),(12406,25,30,94,'W',3),(12407,25,29,94,'M',2),(12408,25,17,92,'M',3),(12409,25,30,92,'M',1),(12410,25,14,88,'M',1),(12411,25,18,88,'M',2),(12412,25,18,88,'M',3),(12413,25,18,88,'M',2),(12414,25,23,88,'M',1),(12415,25,23,88,'M',3),(12416,25,27,87,'M',2),(12417,25,3,86,'M',3),(12418,25,3,86,'M',3),(12419,25,3,86,'M',1),(12420,25,14,86,'W',2),(12421,25,1,85,'M',2),(12422,25,7,85,'M',3),(12423,25,7,85,'M',3),(12424,25,7,85,'W',1),(12425,25,7,85,'W',1),(12426,25,7,85,'M',1),(12427,25,7,85,'W',2),(12428,25,10,85,'W',1),(12429,25,10,85,'M',2),(12430,25,10,85,'M',2),(12431,25,14,85,'W',2),(12432,25,18,85,'M',1),(12433,25,19,85,'M',2),(12434,25,19,85,'M',3),(12435,25,19,85,'M',1),(12436,25,20,85,'W',1),(12437,25,27,85,'W',1),(12438,25,25,83,'M',2),(12439,25,1,76,'W',1),(12440,25,1,76,'W',1),(12441,25,1,76,'W',2),(12442,25,1,76,'W',3),(12443,25,1,76,'W',2),(12444,25,2,76,'M',3),(12445,25,13,76,'M',1),(12446,25,14,76,'M',3),(12447,25,17,76,'M',1),(12448,25,18,76,'M',3),(12449,25,19,76,'M',1),(12450,25,19,76,'W',2),(12451,25,23,76,'M',2),(12452,25,23,76,'W',2),(12453,25,30,76,'W',1),(12454,25,30,76,'M',2),(12455,25,1,74,'W',2),(12456,25,1,74,'W',2),(12457,25,2,74,'W',2),(12458,25,2,74,'W',2),(12459,25,2,74,'W',1),(12460,25,2,74,'W',1),(12461,25,6,74,'M',3),(12462,25,6,74,'M',3),(12463,25,7,74,'M',2),(12464,25,7,74,'M',1),(12465,25,7,74,'M',1),(12466,25,7,74,'M',1),(12467,25,7,74,'W',2),(12468,25,7,74,'M',2),(12469,25,7,74,'W',1),(12470,25,7,74,'M',3),(12471,25,7,74,'M',2),(12472,25,8,74,'W',2),(12473,25,8,74,'M',3),(12474,25,8,74,'M',3),(12475,25,8,74,'M',3),(12476,25,8,74,'M',1),(12477,25,8,74,'W',3),(12478,25,9,74,'X',2),(12479,25,9,74,'X',1),(12480,25,9,74,'X',1),(12481,25,9,74,'X',3),(12482,25,9,74,'X',3),(12483,25,10,74,'M',3),(12484,25,10,74,'W',2),(12485,25,11,74,'W',3),(12486,25,13,74,'M',3),(12487,25,13,74,'W',1),(12488,25,15,74,'M',2),(12489,25,16,74,'M',3),(12490,25,16,74,'W',1),(12491,25,17,74,'W',3),(12492,25,17,74,'W',1),(12493,25,17,74,'W',3),(12494,25,17,74,'M',3),(12495,25,19,74,'M',2),(12496,25,19,74,'W',3),(12497,25,19,74,'W',3),(12498,25,19,74,'M',2),(12499,25,19,74,'W',3),(12500,25,19,74,'W',3),(12501,25,24,74,'M',2),(12502,25,27,74,'M',1),(12503,25,27,74,'M',1),(12504,25,27,74,'M',2),(12505,25,14,72,'M',1),(12506,25,17,72,'M',2),(12507,25,17,72,'M',1),(12508,25,18,72,'M',2),(12509,25,1,70,'W',1),(12510,25,1,70,'M',1),(12511,25,1,70,'W',1),(12512,25,1,70,'W',3),(12513,25,2,70,'W',3),(12514,25,2,70,'M',1),(12515,25,2,70,'W',2),(12516,25,2,70,'W',2),(12517,25,3,70,'X',2),(12518,25,3,70,'X',2),(12519,25,6,70,'M',2),(12520,25,7,70,'M',3),(12521,25,7,70,'M',2),(12522,25,7,70,'W',3),(12523,25,8,70,'M',1),(12524,25,8,70,'M',1),(12525,25,8,70,'M',3),(12526,25,8,70,'M',2),(12527,25,9,70,'X',1),(12528,25,9,70,'X',3),(12529,25,9,70,'X',2),(12530,25,9,70,'X',2),(12531,25,19,70,'M',2),(12532,25,19,70,'M',3),(12533,25,19,70,'M',3),(12534,25,20,70,'W',3),(12535,25,26,70,'W',3),(12536,25,30,70,'M',2),(12537,25,30,70,'X',3),(12538,25,30,70,'M',3),(12539,25,30,70,'M',1),(12540,25,30,70,'W',1),(12541,25,1,66,'M',3),(12542,25,1,66,'W',3),(12543,25,2,66,'M',1),(12544,25,2,66,'M',2),(12545,25,6,66,'M',2),(12546,25,7,66,'M',1),(12547,25,7,66,'M',3),(12548,25,7,66,'M',1),(12549,25,8,66,'M',2),(12550,25,8,66,'M',3),(12551,25,8,66,'M',1),(12552,25,9,66,'X',1),(12553,25,10,66,'W',3),(12554,25,10,66,'W',2),(12555,25,10,66,'M',1),(12556,25,10,66,'W',3),(12557,25,10,66,'M',1),(12558,25,10,66,'M',1),(12559,25,13,66,'W',1),(12560,25,17,66,'W',2),(12561,25,18,66,'W',3),(12562,25,18,66,'W',3),(12563,25,19,66,'W',3),(12564,25,19,66,'M',3),(12565,25,19,66,'W',3),(12566,25,19,66,'W',1),(12567,25,19,66,'W',2),(12568,25,19,66,'W',2),(12569,25,23,66,'W',2),(12570,25,23,66,'M',3),(12571,25,24,66,'W',2),(12572,25,30,66,'W',1),(12573,25,30,66,'M',3),(12574,25,18,65,'M',2),(12575,25,27,65,'M',2),(12576,25,1,63,'M',1),(12577,25,1,63,'M',2),(12578,25,1,63,'W',3),(12579,25,1,63,'W',2),(12580,25,1,63,'M',2),(12581,25,1,63,'W',3),(12582,25,1,63,'W',1),(12583,25,1,62,'M',3),(12584,25,2,62,'M',2),(12585,25,17,62,'M',3),(12586,25,1,61,'M',2),(12587,25,1,61,'M',3),(12588,25,7,61,'M',1),(12589,25,7,61,'M',2),(12590,25,8,61,'M',3),(12591,25,8,61,'M',2),(12592,25,8,61,'M',2),(12593,25,8,61,'M',3),(12594,25,8,61,'M',2),(12595,25,9,61,'X',3),(12596,25,9,61,'X',2),(12597,25,9,61,'X',2),(12598,25,13,61,'W',3),(12599,25,13,61,'M',1),(12600,25,27,61,'W',2),(12601,25,30,61,'W',2),(12602,25,30,61,'X',1),(12603,25,30,61,'M',2),(12604,25,29,61,'M',2),(12605,25,1,59,'M',3),(12606,25,6,58,'M',2),(12607,25,6,58,'M',3),(12608,25,6,58,'M',3),(12609,25,18,58,'M',1),(12610,25,23,58,'M',3),(12611,25,1,56,'M',1),(12612,25,1,53,'M',3),(12613,25,1,53,'M',3),(12614,25,2,53,'M',1),(12615,25,3,53,'X',3),(12616,25,3,53,'X',3),(12617,25,15,53,'W',1),(12618,25,25,53,'M',3),(12619,25,30,53,'W',3),(12620,25,30,53,'W',3),(12621,25,1,52,'M',1),(12622,25,1,52,'M',3),(12623,25,2,52,'M',2),(12624,25,7,52,'M',3),(12625,25,20,52,'M',3),(12626,25,27,52,'W',3),(12627,25,27,52,'W',2),(12628,25,30,52,'W',2),(12629,25,1,50,'M',3),(12630,25,1,50,'W',3),(12631,25,1,50,'W',2),(12632,25,1,50,'W',1),(12633,25,1,50,'W',1),(12634,25,4,50,'M',1),(12635,25,6,50,'M',3),(12636,25,6,50,'M',1),(12637,25,6,50,'M',1),(12638,25,6,50,'M',1),(12639,25,6,50,'M',1),(12640,25,6,50,'M',2),(12641,25,6,50,'M',2),(12642,25,6,50,'M',1),(12643,25,7,50,'M',2),(12644,25,17,50,'W',2),(12645,25,17,50,'W',3),(12646,25,17,50,'W',3),(12647,25,17,50,'W',3),(12648,25,17,50,'M',3),(12649,25,17,50,'W',3),(12650,25,18,50,'M',1),(12651,25,18,50,'M',3),(12652,25,18,50,'M',2),(12653,25,23,50,'W',2),(12654,25,27,50,'M',3),(12655,25,29,50,'W',3),(12656,25,2,49,'M',2),(12657,25,14,49,'M',3),(12658,25,15,49,'M',1),(12659,25,19,49,'M',2),(12660,25,24,49,'M',3),(12661,25,8,44,'W',3),(12662,25,14,44,'W',3),(12663,25,1,41,'W',1),(12664,25,1,39,'W',1),(12665,25,1,39,'M',1),(12666,25,3,39,'X',1),(12667,25,3,39,'W',1),(12668,25,3,39,'X',1),(12669,25,3,39,'W',2),(12670,25,3,39,'W',3),(12671,25,3,39,'W',1),(12672,25,6,39,'M',3),(12673,25,7,39,'M',1),(12674,25,8,39,'W',2),(12675,25,10,39,'M',2),(12676,25,10,39,'M',2),(12677,25,10,39,'W',2),(12678,25,13,39,'W',3),(12679,25,13,39,'M',3),(12680,25,13,39,'M',1),(12681,25,13,39,'W',3),(12682,25,14,39,'M',2),(12683,25,14,39,'W',1),(12684,25,14,39,'W',2),(12685,25,14,39,'W',1),(12686,25,14,39,'M',1),(12687,25,14,39,'M',2),(12688,25,14,39,'M',1),(12689,25,14,39,'W',1),(12690,25,17,39,'W',3),(12691,25,17,39,'W',3),(12692,25,17,39,'W',1),(12693,25,17,39,'W',3),(12694,25,17,39,'W',2),(12695,25,18,39,'W',1),(12696,25,19,39,'M',3),(12697,25,19,39,'M',1),(12698,25,19,39,'W',2),(12699,25,19,39,'M',1),(12700,25,19,39,'W',1),(12701,25,19,39,'W',2),(12702,25,19,39,'M',1),(12703,25,19,39,'W',1),(12704,25,19,39,'W',1),(12705,25,19,39,'W',1),(12706,25,19,39,'W',2),(12707,25,23,39,'W',1),(12708,25,23,39,'W',1),(12709,25,24,39,'W',1),(12710,25,25,39,'M',1),(12711,25,25,39,'W',3),(12712,25,25,39,'W',1),(12713,25,25,39,'M',3),(12714,25,25,39,'M',2),(12715,25,25,39,'W',1),(12716,25,26,39,'W',2),(12717,25,27,39,'M',1),(12718,25,27,39,'W',1),(12719,25,27,39,'M',1),(12720,25,27,39,'M',2),(12721,25,27,39,'W',3),(12722,25,27,39,'M',1),(12723,25,27,39,'W',3),(12724,25,27,39,'M',3),(12725,25,27,39,'W',2),(12726,25,30,39,'W',2),(12727,25,29,39,'W',1),(12728,25,24,38,'M',1),(12729,25,24,38,'M',3),(12730,25,24,38,'M',1),(12731,25,2,34,'M',2),(12732,25,7,34,'M',3),(12733,25,7,34,'M',1),(12734,25,7,34,'W',3),(12735,25,8,34,'W',1),(12736,25,8,34,'W',2),(12737,25,13,34,'M',1),(12738,25,13,34,'W',2),(12739,25,18,34,'W',2),(12740,25,19,34,'M',2),(12741,25,19,34,'W',3),(12742,25,30,34,'M',2),(12743,25,2,30,'M',3),(12744,25,2,30,'W',3),(12745,25,6,30,'M',3),(12746,25,13,30,'M',3),(12747,25,13,30,'M',2),(12748,25,13,30,'W',3),(12749,25,14,30,'M',3),(12750,25,14,30,'M',1),(12751,25,17,30,'M',3),(12752,25,18,30,'M',3),(12753,25,27,30,'W',3),(12754,25,27,30,'W',1),(12755,25,1,27,'M',3),(12756,25,9,27,'X',1),(12757,25,11,27,'W',2),(12758,25,17,27,'M',3),(12759,25,17,27,'M',3),(12760,25,30,27,'X',1),(12761,25,30,27,'M',1),(12762,25,29,27,'M',1),(12763,25,29,27,'W',2),(12764,25,29,27,'M',1),(12765,25,1,24,'W',1),(12766,25,1,24,'W',3),(12767,25,1,24,'M',2),(12768,25,2,24,'W',3),(12769,25,2,24,'W',2),(12770,25,6,24,'M',2),(12771,25,6,24,'M',2),(12772,25,7,24,'M',3),(12773,25,8,24,'W',3),(12774,25,14,24,'W',3),(12775,25,14,24,'W',2),(12776,25,14,24,'M',2),(12777,25,17,24,'M',1),(12778,25,18,24,'M',3),(12779,25,27,24,'M',3),(12780,25,8,18,'M',3),(12781,25,17,18,'W',3),(12782,25,24,18,'W',1),(12783,25,1,14,'W',3),(12784,25,1,14,'W',1),(12785,25,6,13,'M',3),(12786,25,6,13,'M',3),(12787,25,18,13,'M',1),(12788,25,27,13,'W',3),(12789,25,27,13,'W',3),(12790,25,17,12,'W',2),(12791,25,19,12,'M',2),(12792,25,19,12,'M',2),(12793,25,27,12,'M',3),(12794,25,28,12,'W',1),(12795,25,30,12,'X',2),(12796,25,30,12,'X',1),(12797,25,1,11,'W',3),(12798,25,1,11,'M',3),(12799,25,1,11,'M',2),(12800,25,2,11,'M',1),(12801,25,2,11,'M',3),(12802,25,2,11,'M',2),(12803,25,2,11,'W',3),(12804,25,4,11,'M',2),(12805,25,5,11,'W',2),(12806,25,7,11,'M',2),(12807,25,7,11,'M',2),(12808,25,8,11,'W',1),(12809,25,8,11,'W',1),(12810,25,8,11,'M',2),(12811,25,8,11,'W',2),(12812,25,8,11,'M',3),(12813,25,8,11,'M',1),(12814,25,8,11,'M',1),(12815,25,8,11,'W',3),(12816,25,8,11,'M',1),(12817,25,8,11,'M',1),(12818,25,16,11,'M',1),(12819,25,19,11,'M',2),(12820,25,19,11,'W',3),(12821,25,19,11,'W',1),(12822,25,19,11,'M',3),(12823,25,19,11,'M',3),(12824,25,19,11,'W',3),(12825,25,19,11,'W',3),(12826,25,19,11,'W',2),(12827,25,19,11,'W',1),(12828,25,19,11,'M',3),(12829,25,19,11,'W',1),(12830,25,19,11,'M',1),(12831,25,19,11,'W',2),(12832,25,19,11,'W',2),(12833,25,19,11,'M',1),(12834,25,19,11,'M',1),(12835,25,19,11,'M',2),(12836,25,19,11,'W',1),(12837,25,19,11,'W',1),(12838,25,19,11,'M',2),(12839,25,19,11,'W',3),(12840,25,22,11,'W',2),(12841,25,24,11,'W',3),(12842,25,26,11,'M',3),(12843,25,27,11,'M',3),(12844,25,27,11,'W',1),(12845,25,28,11,'W',2),(12846,25,5,7,'M',1),(12847,25,11,7,'M',1),(12848,25,16,7,'W',3),(12849,25,19,7,'W',3),(12850,25,24,7,'W',3),(12851,25,30,7,'X',3),(12852,26,19,209,'W',2),(12853,26,19,209,'W',1),(12854,26,19,209,'W',2),(12855,26,19,209,'W',2),(12856,26,14,205,'M',2),(12857,26,23,204,'W',3),(12858,26,13,202,'M',3),(12859,26,13,202,'W',3),(12860,26,17,202,'M',3),(12861,26,17,202,'M',2),(12862,26,18,202,'M',2),(12863,26,18,202,'M',1),(12864,26,1,201,'W',3),(12865,26,1,201,'M',3),(12866,26,1,201,'W',1),(12867,26,1,201,'M',3),(12868,26,1,201,'M',2),(12869,26,1,201,'M',3),(12870,26,1,201,'M',2),(12871,26,1,201,'W',2),(12872,26,1,201,'M',3),(12873,26,1,201,'M',1),(12874,26,1,201,'M',2),(12875,26,1,201,'W',3),(12876,26,1,201,'M',3),(12877,26,1,201,'M',1),(12878,26,1,201,'M',2),(12879,26,1,201,'W',2),(12880,26,1,201,'M',1),(12881,26,1,201,'W',1),(12882,26,1,201,'M',1),(12883,26,1,201,'W',1),(12884,26,1,201,'W',2),(12885,26,1,201,'W',2),(12886,26,1,201,'M',2),(12887,26,2,201,'M',3),(12888,26,2,201,'W',1),(12889,26,2,201,'W',2),(12890,26,4,201,'M',3),(12891,26,5,201,'M',1),(12892,26,5,201,'W',1),(12893,26,6,201,'M',3),(12894,26,8,201,'M',3),(12895,26,8,201,'M',2),(12896,26,8,201,'W',3),(12897,26,8,201,'M',3),(12898,26,8,201,'W',1),(12899,26,9,201,'X',2),(12900,26,9,201,'X',3),(12901,26,9,201,'X',1),(12902,26,9,201,'X',1),(12903,26,10,201,'W',2),(12904,26,10,201,'W',3),(12905,26,10,201,'W',1),(12906,26,10,201,'W',2),(12907,26,10,201,'M',2),(12908,26,10,201,'W',3),(12909,26,11,201,'W',1),(12910,26,13,201,'W',1),(12911,26,13,201,'W',2),(12912,26,13,201,'W',3),(12913,26,13,201,'W',2),(12914,26,13,201,'M',2),(12915,26,13,201,'W',1),(12916,26,13,201,'W',2),(12917,26,13,201,'M',3),(12918,26,13,201,'W',2),(12919,26,13,201,'W',2),(12920,26,17,201,'W',3),(12921,26,18,201,'M',1),(12922,26,18,201,'W',3),(12923,26,18,201,'M',3),(12924,26,19,201,'M',1),(12925,26,19,201,'M',2),(12926,26,19,201,'W',3),(12927,26,19,201,'W',1),(12928,26,19,201,'W',2),(12929,26,19,201,'M',1),(12930,26,19,201,'W',2),(12931,26,19,201,'M',3),(12932,26,19,201,'W',3),(12933,26,19,201,'M',1),(12934,26,19,201,'M',2),(12935,26,19,201,'W',2),(12936,26,19,201,'W',1),(12937,26,19,201,'M',1),(12938,26,19,201,'M',3),(12939,26,19,201,'M',1),(12940,26,19,201,'M',3),(12941,26,19,201,'M',1),(12942,26,19,201,'W',3),(12943,26,19,201,'M',3),(12944,26,19,201,'W',2),(12945,26,19,201,'M',3),(12946,26,19,201,'M',1),(12947,26,19,201,'W',3),(12948,26,19,201,'M',1),(12949,26,19,201,'W',2),(12950,26,19,201,'M',1),(12951,26,19,201,'W',2),(12952,26,19,201,'M',1),(12953,26,19,201,'W',3),(12954,26,19,201,'W',2),(12955,26,19,201,'M',2),(12956,26,19,201,'W',2),(12957,26,22,201,'W',2),(12958,26,23,201,'W',3),(12959,26,23,201,'M',2),(12960,26,23,201,'M',3),(12961,26,24,201,'M',3),(12962,26,24,201,'W',1),(12963,26,27,201,'M',3),(12964,26,27,201,'M',2),(12965,26,27,201,'M',1),(12966,26,27,201,'M',1),(12967,26,27,201,'W',2),(12968,26,27,201,'W',3),(12969,26,30,201,'X',2),(12970,26,30,201,'W',1),(12971,26,29,201,'M',1),(12972,26,29,201,'W',1),(12973,26,29,201,'M',1),(12974,26,29,201,'W',2),(12975,26,1,199,'W',3),(12976,26,1,199,'W',2),(12977,26,1,199,'W',3),(12978,26,1,199,'W',1),(12979,26,1,199,'M',3),(12980,26,6,199,'M',3),(12981,26,6,199,'M',1),(12982,26,7,199,'M',3),(12983,26,7,199,'W',1),(12984,26,8,199,'W',3),(12985,26,10,199,'W',1),(12986,26,13,199,'M',3),(12987,26,13,199,'W',3),(12988,26,14,199,'W',2),(12989,26,14,199,'W',3),(12990,26,17,199,'M',3),(12991,26,18,199,'W',3),(12992,26,18,199,'M',2),(12993,26,18,199,'M',2),(12994,26,18,199,'M',3),(12995,26,18,199,'M',3),(12996,26,19,199,'M',3),(12997,26,20,199,'W',3),(12998,26,26,199,'M',1),(12999,26,27,199,'M',1),(13000,26,27,199,'M',2),(13001,26,27,199,'M',1),(13002,26,1,195,'W',2),(13003,26,1,195,'W',2),(13004,26,6,195,'M',3),(13005,26,14,195,'W',2),(13006,26,18,195,'M',1),(13007,26,18,195,'M',3),(13008,26,23,195,'W',2),(13009,26,23,195,'M',3),(13010,26,19,194,'M',1),(13011,26,1,263,'M',2),(13012,26,1,263,'M',2),(13013,26,14,192,'W',3),(13014,26,14,192,'W',3),(13015,26,23,192,'M',3),(13016,26,23,192,'M',3),(13017,26,7,191,'M',3),(13018,26,17,188,'M',3),(13019,26,18,188,'M',2),(13020,26,6,187,'M',1),(13021,26,6,187,'M',2),(13022,26,14,187,'W',1),(13023,26,23,187,'W',2),(13024,26,8,182,'W',2),(13025,26,8,182,'M',2),(13026,26,9,182,'X',2),(13027,26,24,182,'M',2),(13028,26,30,182,'M',3),(13029,26,7,181,'M',2),(13030,26,7,181,'M',1),(13031,26,7,181,'M',1),(13032,26,7,181,'W',1),(13033,26,18,181,'M',3),(13034,26,27,181,'W',2),(13035,26,8,179,'M',3),(13036,26,8,179,'M',1),(13037,26,8,179,'W',3),(13038,26,8,179,'M',3),(13039,26,9,179,'X',3),(13040,26,9,179,'X',3),(13041,26,17,179,'M',3),(13042,26,24,179,'M',1),(13043,26,1,178,'M',2),(13044,26,19,174,'M',2),(13045,26,19,174,'M',3),(13046,26,24,174,'M',3),(13047,26,1,170,'M',1),(13048,26,17,170,'W',3),(13049,26,19,170,'W',2),(13050,26,27,170,'M',3),(13051,26,30,170,'M',2),(13052,26,25,167,'W',2),(13053,26,1,162,'W',1),(13054,26,1,162,'M',1),(13055,26,1,162,'W',3),(13056,26,1,162,'W',1),(13057,26,1,162,'W',1),(13058,26,1,162,'M',3),(13059,26,1,162,'W',2),(13060,26,1,162,'M',3),(13061,26,1,162,'W',3),(13062,26,1,162,'M',3),(13063,26,1,162,'M',1),(13064,26,1,162,'W',3),(13065,26,1,162,'W',2),(13066,26,1,162,'W',2),(13067,26,1,162,'M',2),(13068,26,1,162,'W',3),(13069,26,1,162,'W',1),(13070,26,1,162,'W',2),(13071,26,5,162,'W',3),(13072,26,6,162,'M',3),(13073,26,6,162,'M',1),(13074,26,6,162,'M',1),(13075,26,7,162,'M',1),(13076,26,7,162,'M',2),(13077,26,7,162,'M',3),(13078,26,8,162,'M',3),(13079,26,8,162,'W',3),(13080,26,10,162,'W',1),(13081,26,13,162,'M',3),(13082,26,13,162,'M',3),(13083,26,13,162,'W',1),(13084,26,13,162,'W',1),(13085,26,14,162,'M',2),(13086,26,14,162,'M',3),(13087,26,14,162,'M',2),(13088,26,14,162,'W',2),(13089,26,14,162,'W',2),(13090,26,14,162,'W',3),(13091,26,14,162,'M',3),(13092,26,15,162,'W',2),(13093,26,18,162,'M',3),(13094,26,18,162,'M',1),(13095,26,18,162,'W',2),(13096,26,18,162,'M',1),(13097,26,18,162,'M',3),(13098,26,18,162,'M',1),(13099,26,18,162,'M',2),(13100,26,18,162,'M',1),(13101,26,18,162,'M',1),(13102,26,18,162,'M',1),(13103,26,18,162,'M',2),(13104,26,19,162,'M',3),(13105,26,19,162,'W',2),(13106,26,19,162,'M',3),(13107,26,19,162,'M',2),(13108,26,19,162,'W',2),(13109,26,19,162,'M',3),(13110,26,19,162,'M',3),(13111,26,19,162,'M',2),(13112,26,19,162,'W',1),(13113,26,19,162,'W',1),(13114,26,19,162,'W',1),(13115,26,20,162,'M',1),(13116,26,24,162,'W',3),(13117,26,24,162,'W',1),(13118,26,24,162,'W',2),(13119,26,26,162,'M',3),(13120,26,27,162,'W',2),(13121,26,27,162,'W',2),(13122,26,27,162,'M',3),(13123,26,27,162,'M',3),(13124,26,29,162,'M',3),(13125,26,1,161,'M',2),(13126,26,1,160,'W',1),(13127,26,2,160,'W',3),(13128,26,2,160,'W',1),(13129,26,10,160,'W',2),(13130,26,10,160,'M',3),(13131,26,13,160,'W',1),(13132,26,13,160,'W',3),(13133,26,17,160,'W',1),(13134,26,13,156,'W',1),(13135,26,14,156,'W',3),(13136,26,14,156,'W',1),(13137,26,17,156,'W',2),(13138,26,17,156,'W',3),(13139,26,17,156,'M',3),(13140,26,1,155,'M',1),(13141,26,28,155,'W',2),(13142,26,1,154,'M',2),(13143,26,1,154,'M',1),(13144,26,2,154,'M',2),(13145,26,2,154,'M',1),(13146,26,7,154,'W',2),(13147,26,8,154,'W',2),(13148,26,10,154,'M',2),(13149,26,13,154,'M',1),(13150,26,14,154,'M',2),(13151,26,18,154,'W',3),(13152,26,1,147,'M',1),(13153,26,1,143,'M',2),(13154,26,1,143,'W',1),(13155,26,2,143,'M',3),(13156,26,2,143,'W',1),(13157,26,2,143,'M',3),(13158,26,8,143,'M',2),(13159,26,8,143,'M',3),(13160,26,28,143,'M',3),(13161,26,30,143,'M',1),(13162,26,1,141,'W',2),(13163,26,1,141,'M',1),(13164,26,2,141,'M',1),(13165,26,7,141,'M',2),(13166,26,15,141,'W',1),(13167,26,19,141,'M',2),(13168,26,19,141,'W',3),(13169,26,23,141,'W',2),(13170,26,27,141,'M',2),(13171,26,1,139,'W',3),(13172,26,1,139,'W',3),(13173,26,11,139,'M',2),(13174,26,23,139,'M',3),(13175,26,2,137,'W',2),(13176,26,2,137,'W',1),(13177,26,8,137,'W',1),(13178,26,9,137,'X',1),(13179,26,9,137,'X',2),(13180,26,9,137,'X',2),(13181,26,16,137,'W',1),(13182,26,17,137,'M',3),(13183,26,17,137,'W',2),(13184,26,17,137,'W',3),(13185,26,17,137,'W',3),(13186,26,17,137,'M',3),(13187,26,19,137,'W',1),(13188,26,19,137,'M',1),(13189,26,19,137,'W',1),(13190,26,30,137,'W',2),(13191,26,30,137,'W',2),(13192,26,6,132,'M',3),(13193,26,6,124,'M',2),(13194,26,6,124,'M',1),(13195,26,17,124,'M',1),(13196,26,27,124,'W',2),(13197,26,19,123,'W',3),(13198,26,23,123,'M',1),(13199,26,23,123,'W',1),(13200,26,6,121,'M',3),(13201,26,3,119,'M',2),(13202,26,1,118,'W',3),(13203,26,1,118,'M',2),(13204,26,1,115,'M',3),(13205,26,18,115,'M',3),(13206,26,20,115,'M',3),(13207,26,20,115,'M',2),(13208,26,30,115,'W',2),(13209,26,1,108,'M',2),(13210,26,8,108,'M',1),(13211,26,14,108,'M',3),(13212,26,3,104,'M',3),(13213,26,3,104,'X',1),(13214,26,3,104,'X',1),(13215,26,3,104,'W',2),(13216,26,4,104,'M',1),(13217,26,6,104,'M',3),(13218,26,10,104,'W',2),(13219,26,13,104,'M',2),(13220,26,14,104,'W',1),(13221,26,14,104,'W',2),(13222,26,14,104,'M',1),(13223,26,15,104,'W',3),(13224,26,17,104,'M',1),(13225,26,17,104,'M',2),(13226,26,17,104,'W',3),(13227,26,17,104,'M',2),(13228,26,18,104,'M',3),(13229,26,19,104,'M',2),(13230,26,19,104,'M',1),(13231,26,23,104,'M',1),(13232,26,23,104,'W',1),(13233,26,23,104,'W',1),(13234,26,23,104,'M',1),(13235,26,25,104,'M',3),(13236,26,25,104,'W',3),(13237,26,26,104,'M',2),(13238,26,26,104,'W',3),(13239,26,26,104,'W',2),(13240,26,26,104,'M',1),(13241,26,26,104,'W',1),(13242,26,27,104,'M',2),(13243,26,27,104,'M',1),(13244,26,18,101,'M',3),(13245,26,18,101,'M',2),(13246,26,1,100,'M',3),(13247,26,1,100,'M',1),(13248,26,1,100,'W',1),(13249,26,1,100,'M',3),(13250,26,1,100,'M',1),(13251,26,1,100,'W',2),(13252,26,1,100,'M',3),(13253,26,1,100,'M',2),(13254,26,1,100,'M',3),(13255,26,1,100,'M',1),(13256,26,1,100,'W',1),(13257,26,1,100,'W',2),(13258,26,1,100,'M',1),(13259,26,1,100,'W',2),(13260,26,6,99,'M',1),(13261,26,6,99,'M',3),(13262,26,14,99,'W',3),(13263,26,14,99,'W',2),(13264,26,14,99,'W',2),(13265,26,14,99,'M',1),(13266,26,17,99,'M',2),(13267,26,18,99,'W',3),(13268,26,18,99,'M',2),(13269,26,18,99,'M',3),(13270,26,18,99,'M',3),(13271,26,18,99,'M',3),(13272,26,23,99,'M',3),(13273,26,1,98,'M',3),(13274,26,8,98,'M',3),(13275,26,10,98,'M',2),(13276,26,13,98,'M',2),(13277,26,13,98,'M',2),(13278,26,17,98,'W',3),(13279,26,17,98,'M',1),(13280,26,17,98,'W',2),(13281,26,17,98,'W',3),(13282,26,17,98,'W',1),(13283,26,17,98,'M',1),(13284,26,17,98,'W',1),(13285,26,18,98,'W',2),(13286,26,18,98,'M',2),(13287,26,18,98,'W',1),(13288,26,18,98,'M',3),(13289,26,18,98,'W',1),(13290,26,18,98,'W',3),(13291,26,19,98,'M',1),(13292,26,19,98,'W',3),(13293,26,19,98,'M',1),(13294,26,19,98,'M',3),(13295,26,19,98,'M',3),(13296,26,19,98,'W',3),(13297,26,22,98,'W',1),(13298,26,1,96,'M',1),(13299,26,1,96,'W',1),(13300,26,1,96,'W',2),(13301,26,1,96,'M',1),(13302,26,1,96,'W',3),(13303,26,1,96,'W',1),(13304,26,1,96,'W',2),(13305,26,1,96,'W',1),(13306,26,1,96,'M',1),(13307,26,1,96,'W',3),(13308,26,1,94,'W',3),(13309,26,1,94,'M',1),(13310,26,2,94,'M',2),(13311,26,6,94,'M',1),(13312,26,6,94,'M',3),(13313,26,6,94,'M',2),(13314,26,7,94,'W',2),(13315,26,7,94,'M',3),(13316,26,8,94,'W',3),(13317,26,10,94,'M',1),(13318,26,10,94,'M',3),(13319,26,10,94,'M',3),(13320,26,10,94,'W',3),(13321,26,10,94,'W',1),(13322,26,10,94,'W',3),(13323,26,10,94,'M',3),(13324,26,17,94,'W',1),(13325,26,18,94,'M',1),(13326,26,19,94,'W',1),(13327,26,19,94,'W',2),(13328,26,23,94,'M',2),(13329,26,26,94,'M',2),(13330,26,27,94,'M',2),(13331,26,27,94,'W',1),(13332,26,27,94,'M',2),(13333,26,30,94,'M',3),(13334,26,30,94,'W',2),(13335,26,30,92,'M',3),(13336,26,15,91,'M',2),(13337,26,6,89,'M',3),(13338,26,6,89,'M',3),(13339,26,6,89,'M',2),(13340,26,18,88,'M',3),(13341,26,23,88,'M',1),(13342,26,6,87,'M',3),(13343,26,18,87,'M',3),(13344,26,27,87,'M',1),(13345,26,3,86,'M',1),(13346,26,3,86,'X',2),(13347,26,3,86,'X',2),(13348,26,3,86,'W',3),(13349,26,14,86,'M',3),(13350,26,14,86,'M',3),(13351,26,7,85,'M',1),(13352,26,7,85,'M',3),(13353,26,7,85,'W',1),(13354,26,7,85,'W',2),(13355,26,10,85,'W',3),(13356,26,18,85,'M',2),(13357,26,19,85,'M',2),(13358,26,19,85,'M',2),(13359,26,19,85,'M',2),(13360,26,19,85,'M',1),(13361,26,1,76,'W',3),(13362,26,2,76,'M',2),(13363,26,23,76,'M',2),(13364,26,30,76,'W',3),(13365,26,1,74,'W',3),(13366,26,2,74,'W',2),(13367,26,2,74,'W',3),(13368,26,7,74,'M',2),(13369,26,7,74,'M',3),(13370,26,7,74,'W',3),(13371,26,7,74,'M',1),(13372,26,7,74,'M',2),(13373,26,7,74,'M',3),(13374,26,7,74,'W',1),(13375,26,7,74,'M',1),(13376,26,8,74,'M',2),(13377,26,8,74,'M',3),(13378,26,8,74,'W',1),(13379,26,9,74,'X',3),(13380,26,9,74,'X',2),(13381,26,9,74,'X',1),(13382,26,9,74,'X',1),(13383,26,9,74,'X',1),(13384,26,9,74,'X',1),(13385,26,10,74,'W',1),(13386,26,10,74,'M',1),(13387,26,11,74,'W',3),(13388,26,13,74,'M',3),(13389,26,13,74,'W',2),(13390,26,14,74,'M',1),(13391,26,16,74,'M',1),(13392,26,17,74,'M',1),(13393,26,18,74,'M',2),(13394,26,19,74,'M',2),(13395,26,19,74,'W',3),(13396,26,19,74,'W',1),(13397,26,19,74,'W',1),(13398,26,19,74,'M',3),(13399,26,20,74,'W',1),(13400,26,25,74,'M',2),(13401,26,27,74,'W',3),(13402,26,27,74,'M',3),(13403,26,27,74,'M',2),(13404,26,27,74,'W',3),(13405,26,28,74,'M',1),(13406,26,30,74,'X',3),(13407,26,17,72,'M',1),(13408,26,18,72,'M',3),(13409,26,18,72,'M',1),(13410,26,18,72,'M',3),(13411,26,18,72,'M',1),(13412,26,27,72,'W',3),(13413,26,1,70,'W',1),(13414,26,1,70,'W',3),(13415,26,1,70,'M',2),(13416,26,1,70,'M',2),(13417,26,2,70,'M',3),(13418,26,2,70,'W',3),(13419,26,2,70,'M',2),(13420,26,2,70,'M',1),(13421,26,2,70,'M',1),(13422,26,2,70,'W',2),(13423,26,6,70,'M',3),(13424,26,6,70,'M',1),(13425,26,6,70,'M',3),(13426,26,7,70,'M',1),(13427,26,7,70,'M',3),(13428,26,7,70,'M',2),(13429,26,8,70,'W',1),(13430,26,8,70,'W',2),(13431,26,8,70,'M',3),(13432,26,8,70,'M',1),(13433,26,8,70,'W',1),(13434,26,8,70,'W',2),(13435,26,8,70,'M',1),(13436,26,8,70,'M',2),(13437,26,8,70,'M',3),(13438,26,8,70,'W',1),(13439,26,8,70,'M',1),(13440,26,8,70,'M',2),(13441,26,8,70,'M',1),(13442,26,8,70,'M',1),(13443,26,9,70,'X',3),(13444,26,9,70,'X',3),(13445,26,9,70,'X',3),(13446,26,13,70,'M',3),(13447,26,19,70,'W',3),(13448,26,19,70,'W',1),(13449,26,19,70,'W',1),(13450,26,19,70,'M',2),(13451,26,19,70,'W',3),(13452,26,19,70,'W',2),(13453,26,20,70,'W',2),(13454,26,23,70,'W',3),(13455,26,30,70,'M',2),(13456,26,30,70,'X',1),(13457,26,30,70,'M',1),(13458,26,30,70,'W',3),(13459,26,30,70,'M',1),(13460,26,30,70,'W',1),(13461,26,1,66,'M',3),(13462,26,1,66,'M',2),(13463,26,2,66,'M',3),(13464,26,2,66,'M',3),(13465,26,6,66,'M',2),(13466,26,6,66,'M',2),(13467,26,6,66,'M',3),(13468,26,7,66,'W',3),(13469,26,7,66,'M',2),(13470,26,8,66,'W',1),(13471,26,8,66,'W',2),(13472,26,8,66,'M',3),(13473,26,8,66,'M',2),(13474,26,8,66,'M',1),(13475,26,8,66,'M',2),(13476,26,10,66,'M',2),(13477,26,10,66,'M',1),(13478,26,10,66,'M',2),(13479,26,10,66,'M',1),(13480,26,13,66,'M',3),(13481,26,13,66,'M',2),(13482,26,14,66,'M',2),(13483,26,15,66,'M',1),(13484,26,17,66,'M',3),(13485,26,17,66,'W',2),(13486,26,17,66,'M',2),(13487,26,17,66,'W',3),(13488,26,18,66,'M',1),(13489,26,18,66,'M',3),(13490,26,19,66,'M',3),(13491,26,19,66,'M',1),(13492,26,19,66,'M',3),(13493,26,19,66,'M',2),(13494,26,19,66,'M',3),(13495,26,19,66,'M',2),(13496,26,23,66,'W',3),(13497,26,26,66,'W',3),(13498,26,27,66,'M',3),(13499,26,30,66,'M',3),(13500,26,30,66,'X',3),(13501,26,30,66,'M',2),(13502,26,1,65,'M',3),(13503,26,2,65,'W',2),(13504,26,27,65,'M',3),(13505,26,27,65,'W',1),(13506,26,1,63,'M',1),(13507,26,1,63,'M',2),(13508,26,1,63,'W',1),(13509,26,1,63,'M',1),(13510,26,1,63,'W',3),(13511,26,1,63,'W',1),(13512,26,1,63,'M',3),(13513,26,1,62,'M',1),(13514,26,2,62,'M',2),(13515,26,5,61,'M',2),(13516,26,7,61,'M',2),(13517,26,7,61,'M',2),(13518,26,7,61,'M',1),(13519,26,8,61,'M',1),(13520,26,8,61,'M',2),(13521,26,8,61,'M',1),(13522,26,8,61,'W',3),(13523,26,10,61,'M',3),(13524,26,13,61,'M',2),(13525,26,15,61,'M',3),(13526,26,16,61,'M',2),(13527,26,19,61,'W',2),(13528,26,19,61,'W',2),(13529,26,24,61,'W',2),(13530,26,24,61,'M',1),(13531,26,30,61,'X',2),(13532,26,30,61,'X',1),(13533,26,17,58,'M',3),(13534,26,1,57,'M',2),(13535,26,6,56,'M',1),(13536,26,23,56,'M',2),(13537,26,2,53,'M',1),(13538,26,2,53,'M',3),(13539,26,7,53,'M',2),(13540,26,8,53,'M',2),(13541,26,9,53,'X',3),(13542,26,9,53,'X',3),(13543,26,19,53,'W',3),(13544,26,30,53,'X',1),(13545,26,1,52,'W',1),(13546,26,2,52,'M',2),(13547,26,7,52,'M',2),(13548,26,27,52,'W',1),(13549,26,27,52,'W',2),(13550,26,27,52,'M',1),(13551,26,1,50,'M',1),(13552,26,1,50,'M',3),(13553,26,1,50,'W',2),(13554,26,1,50,'W',2),(13555,26,1,50,'M',3),(13556,26,4,50,'M',2),(13557,26,6,50,'M',2),(13558,26,6,50,'M',3),(13559,26,6,50,'M',2),(13560,26,6,50,'M',3),(13561,26,6,50,'M',3),(13562,26,6,50,'M',2),(13563,26,6,50,'M',2),(13564,26,6,50,'M',3),(13565,26,8,50,'W',2),(13566,26,17,50,'W',2),(13567,26,17,50,'M',3),(13568,26,17,50,'W',3),(13569,26,17,50,'M',3),(13570,26,17,50,'W',2),(13571,26,17,50,'W',2),(13572,26,18,50,'M',1),(13573,26,23,50,'W',3),(13574,26,27,50,'W',3),(13575,26,1,49,'W',2),(13576,26,13,49,'M',2),(13577,26,23,49,'W',3),(13578,26,23,49,'W',3),(13579,26,27,49,'W',3),(13580,26,14,44,'M',2),(13581,26,18,44,'W',3),(13582,26,1,41,'W',1),(13583,26,1,39,'W',3),(13584,26,1,39,'W',3),(13585,26,2,39,'W',2),(13586,26,2,39,'W',1),(13587,26,3,39,'X',3),(13588,26,3,39,'M',2),(13589,26,3,39,'W',3),(13590,26,3,39,'X',3),(13591,26,3,39,'W',1),(13592,26,3,39,'M',3),(13593,26,3,39,'M',1),(13594,26,3,39,'W',1),(13595,26,3,39,'W',2),(13596,26,6,39,'M',2),(13597,26,6,39,'M',1),(13598,26,6,39,'M',3),(13599,26,6,39,'M',1),(13600,26,7,39,'M',1),(13601,26,8,39,'W',3),(13602,26,10,39,'M',1),(13603,26,10,39,'W',2),(13604,26,13,39,'W',3),(13605,26,13,39,'M',1),(13606,26,13,39,'M',1),(13607,26,13,39,'M',1),(13608,26,13,39,'W',3),(13609,26,13,39,'M',1),(13610,26,13,39,'M',1),(13611,26,13,39,'M',1),(13612,26,13,39,'M',2),(13613,26,13,39,'M',1),(13614,26,13,39,'W',1),(13615,26,13,39,'W',3),(13616,26,13,39,'W',1),(13617,26,13,39,'W',3),(13618,26,13,39,'W',2),(13619,26,13,39,'M',3),(13620,26,13,39,'M',1),(13621,26,13,39,'W',1),(13622,26,14,39,'M',1),(13623,26,14,39,'W',1),(13624,26,14,39,'W',1),(13625,26,14,39,'M',1),(13626,26,14,39,'M',1),(13627,26,14,39,'W',1),(13628,26,14,39,'W',1),(13629,26,14,39,'M',2),(13630,26,14,39,'M',1),(13631,26,16,39,'W',2),(13632,26,17,39,'W',1),(13633,26,17,39,'W',1),(13634,26,17,39,'W',3),(13635,26,17,39,'W',1),(13636,26,18,39,'W',2),(13637,26,18,39,'W',1),(13638,26,18,39,'M',2),(13639,26,19,39,'M',2),(13640,26,19,39,'W',3),(13641,26,19,39,'W',1),(13642,26,19,39,'M',3),(13643,26,19,39,'M',1),(13644,26,19,39,'W',3),(13645,26,19,39,'W',1),(13646,26,19,39,'M',1),(13647,26,19,39,'W',1),(13648,26,19,39,'M',1),(13649,26,19,39,'W',1),(13650,26,19,39,'W',1),(13651,26,19,39,'W',2),(13652,26,19,39,'W',3),(13653,26,19,39,'M',2),(13654,26,19,39,'W',3),(13655,26,19,39,'W',2),(13656,26,19,39,'W',3),(13657,26,23,39,'W',1),(13658,26,23,39,'M',3),(13659,26,24,39,'W',3),(13660,26,25,39,'M',3),(13661,26,25,39,'M',1),(13662,26,25,39,'M',2),(13663,26,25,39,'W',3),(13664,26,25,39,'W',1),(13665,26,25,39,'W',2),(13666,26,25,39,'M',1),(13667,26,25,39,'W',1),(13668,26,26,39,'W',1),(13669,26,26,39,'M',3),(13670,26,26,39,'W',2),(13671,26,27,39,'W',1),(13672,26,27,39,'M',1),(13673,26,27,39,'M',2),(13674,26,27,39,'W',1),(13675,26,27,39,'M',2),(13676,26,27,39,'W',1),(13677,26,27,39,'M',1),(13678,26,27,39,'M',3),(13679,26,30,39,'W',3),(13680,26,30,39,'W',1),(13681,26,29,39,'W',3),(13682,26,29,39,'W',2),(13683,26,29,39,'W',3),(13684,26,24,38,'M',2),(13685,26,1,34,'W',3),(13686,26,2,34,'M',2),(13687,26,2,34,'M',1),(13688,26,2,34,'M',3),(13689,26,2,34,'W',3),(13690,26,7,34,'M',3),(13691,26,7,34,'M',2),(13692,26,9,34,'X',1),(13693,26,9,34,'X',2),(13694,26,9,34,'X',2),(13695,26,13,34,'M',2),(13696,26,13,34,'W',2),(13697,26,18,34,'W',1),(13698,26,18,34,'W',3),(13699,26,19,34,'W',2),(13700,26,19,34,'M',2),(13701,26,19,34,'M',3),(13702,26,23,34,'W',2),(13703,26,28,34,'M',2),(13704,26,2,30,'W',1),(13705,26,18,30,'M',3),(13706,26,18,30,'W',2),(13707,26,18,30,'M',3),(13708,26,18,30,'M',3),(13709,26,1,27,'W',1),(13710,26,11,27,'M',3),(13711,26,11,27,'W',2),(13712,26,17,27,'W',3),(13713,26,17,27,'M',3),(13714,26,17,27,'M',3),(13715,26,19,27,'M',3),(13716,26,19,27,'M',1),(13717,26,23,27,'W',3),(13718,26,30,27,'W',3),(13719,26,30,27,'M',2),(13720,26,29,27,'M',3),(13721,26,29,27,'M',2),(13722,26,29,27,'M',2),(13723,26,29,27,'W',1),(13724,26,1,24,'M',2),(13725,26,1,24,'M',3),(13726,26,1,24,'M',2),(13727,26,1,24,'W',1),(13728,26,1,24,'M',3),(13729,26,1,24,'W',3),(13730,26,1,24,'W',2),(13731,26,2,24,'W',3),(13732,26,2,24,'W',3),(13733,26,7,24,'M',1),(13734,26,7,24,'M',3),(13735,26,7,24,'M',1),(13736,26,13,24,'W',3),(13737,26,13,24,'W',2),(13738,26,14,24,'M',1),(13739,26,14,24,'W',3),(13740,26,14,24,'M',2),(13741,26,18,24,'M',3),(13742,26,18,24,'M',3),(13743,26,1,18,'W',2),(13744,26,1,18,'W',1),(13745,26,1,14,'M',2),(13746,26,1,14,'M',3),(13747,26,6,13,'M',3),(13748,26,17,13,'M',1),(13749,26,17,13,'M',3),(13750,26,18,13,'W',3),(13751,26,18,13,'M',3),(13752,26,18,13,'M',2),(13753,26,18,13,'M',2),(13754,26,7,12,'W',3),(13755,26,17,12,'M',2),(13756,26,19,12,'W',3),(13757,26,1,11,'W',2),(13758,26,1,11,'M',3),(13759,26,1,11,'M',2),(13760,26,1,11,'M',1),(13761,26,2,11,'M',1),(13762,26,2,11,'M',1),(13763,26,2,11,'M',2),(13764,26,5,11,'W',2),(13765,26,7,11,'M',3),(13766,26,7,11,'M',1),(13767,26,7,11,'W',3),(13768,26,7,11,'M',3),(13769,26,7,11,'W',2),(13770,26,8,11,'W',2),(13771,26,9,11,'X',2),(13772,26,9,11,'X',2),(13773,26,16,11,'M',3),(13774,26,19,11,'M',1),(13775,26,19,11,'W',2),(13776,26,19,11,'M',3),(13777,26,19,11,'W',1),(13778,26,19,11,'M',3),(13779,26,19,11,'W',3),(13780,26,19,11,'W',1),(13781,26,19,11,'M',2),(13782,26,19,11,'W',2),(13783,26,19,11,'M',2),(13784,26,19,11,'M',2),(13785,26,19,11,'W',2),(13786,26,19,11,'W',3),(13787,26,19,11,'W',1),(13788,26,19,11,'W',1),(13789,26,19,11,'M',3),(13790,26,19,11,'W',3),(13791,26,19,11,'M',2),(13792,26,19,11,'W',1),(13793,26,19,11,'M',3),(13794,26,19,11,'W',1),(13795,26,19,11,'W',3),(13796,26,19,11,'W',3),(13797,26,22,11,'W',3),(13798,26,27,11,'M',3),(13799,26,28,11,'W',3),(13800,26,28,11,'W',1),(13801,26,30,11,'M',1),(13802,26,30,11,'W',1),(13803,26,30,11,'X',2),(13804,26,6,8,'M',3),(13805,26,14,8,'M',3),(13806,26,14,8,'M',3),(13807,26,14,8,'M',3),(13808,26,18,8,'M',3),(13809,26,18,8,'M',3),(13810,26,5,7,'M',3),(13811,26,8,7,'M',1),(13812,26,11,7,'M',1),(13813,26,16,7,'W',3),(13814,26,17,7,'W',3),(13815,26,30,7,'X',3),(13816,26,17,3,'W',3),(13817,26,17,3,'M',2),(13818,26,23,1,'M',3),(13819,27,10,204,'M',1),(13820,27,6,202,'M',3),(13821,27,17,202,'M',3),(13822,27,18,202,'M',1),(13823,27,1,201,'M',2),(13824,27,1,201,'M',3),(13825,27,1,201,'W',2),(13826,27,1,201,'W',2),(13827,27,1,201,'W',3),(13828,27,1,201,'M',1),(13829,27,1,201,'M',2),(13830,27,1,201,'M',2),(13831,27,1,201,'W',1),(13832,27,1,201,'W',3),(13833,27,1,201,'W',1),(13834,27,1,201,'W',3),(13835,27,1,201,'M',2),(13836,27,1,201,'W',2),(13837,27,1,201,'W',1),(13838,27,1,201,'M',2),(13839,27,1,201,'W',1),(13840,27,1,201,'M',1),(13841,27,1,201,'M',2),(13842,27,1,201,'M',2),(13843,27,1,201,'W',2),(13844,27,1,201,'M',3),(13845,27,1,201,'W',1),(13846,27,1,201,'W',3),(13847,27,1,201,'W',1),(13848,27,1,201,'M',3),(13849,27,1,201,'M',1),(13850,27,1,201,'M',2),(13851,27,2,201,'M',3),(13852,27,2,201,'W',1),(13853,27,2,201,'W',3),(13854,27,5,201,'M',1),(13855,27,5,201,'W',1),(13856,27,6,201,'W',3),(13857,27,6,201,'W',1),(13858,27,8,201,'W',1),(13859,27,8,201,'W',2),(13860,27,8,201,'W',2),(13861,27,8,201,'W',3),(13862,27,10,201,'W',3),(13863,27,11,201,'W',1),(13864,27,13,201,'W',3),(13865,27,13,201,'W',1),(13866,27,13,201,'M',3),(13867,27,13,201,'W',1),(13868,27,13,201,'W',1),(13869,27,13,201,'W',2),(13870,27,17,201,'W',3),(13871,27,17,201,'W',1),(13872,27,18,201,'W',3),(13873,27,18,201,'M',3),(13874,27,18,201,'M',1),(13875,27,18,201,'M',1),(13876,27,19,201,'M',1),(13877,27,19,201,'M',3),(13878,27,19,201,'M',3),(13879,27,19,201,'W',2),(13880,27,19,201,'W',2),(13881,27,19,201,'M',1),(13882,27,19,201,'M',2),(13883,27,19,201,'W',1),(13884,27,19,201,'M',3),(13885,27,19,201,'W',2),(13886,27,19,201,'M',1),(13887,27,19,201,'W',1),(13888,27,19,201,'M',1),(13889,27,19,201,'M',1),(13890,27,19,201,'M',3),(13891,27,19,201,'W',1),(13892,27,19,201,'W',3),(13893,27,19,201,'W',1),(13894,27,19,201,'M',2),(13895,27,19,201,'W',1),(13896,27,19,201,'M',1),(13897,27,19,201,'M',2),(13898,27,19,201,'W',3),(13899,27,19,201,'M',3),(13900,27,19,201,'W',2),(13901,27,19,201,'M',1),(13902,27,19,201,'W',2),(13903,27,19,201,'M',2),(13904,27,19,201,'W',3),(13905,27,19,201,'M',1),(13906,27,19,201,'W',1),(13907,27,19,201,'M',1),(13908,27,19,201,'W',1),(13909,27,19,201,'M',2),(13910,27,19,201,'W',1),(13911,27,19,201,'W',1),(13912,27,23,201,'W',3),(13913,27,23,201,'M',3),(13914,27,24,201,'M',1),(13915,27,24,201,'W',1),(13916,27,24,201,'M',3),(13917,27,24,201,'W',3),(13918,27,24,201,'W',1),(13919,27,NULL,201,'M',3),(13920,27,NULL,201,'W',1),(13921,27,NULL,201,'M',1),(13922,27,NULL,201,'W',1),(13923,27,26,201,'M',2),(13924,27,29,201,'W',1),(13925,27,29,201,'W',2),(13926,27,29,201,'W',2),(13927,27,1,199,'W',3),(13928,27,1,199,'W',3),(13929,27,2,199,'W',1),(13930,27,6,199,'M',1),(13931,27,6,199,'M',2),(13932,27,6,199,'M',3),(13933,27,6,199,'M',3),(13934,27,6,199,'M',1),(13935,27,7,199,'M',1),(13936,27,7,199,'W',2),(13937,27,7,199,'W',2),(13938,27,10,199,'W',1),(13939,27,10,199,'W',3),(13940,27,13,199,'M',3),(13941,27,14,199,'M',1),(13942,27,14,199,'W',3),(13943,27,18,199,'M',2),(13944,27,NULL,199,'W',3),(13945,27,NULL,199,'W',3),(13946,27,1,198,'M',1),(13947,27,1,195,'W',2),(13948,27,18,195,'M',3),(13949,27,23,195,'W',2),(13950,27,23,195,'M',1),(13951,27,1,194,'W',1),(13952,27,19,194,'M',1),(13953,27,19,194,'M',3),(13954,27,1,193,'M',3),(13955,27,1,193,'M',2),(13956,27,1,193,'M',3),(13957,27,1,193,'M',1),(13958,27,14,192,'W',1),(13959,27,23,192,'W',3),(13960,27,6,188,'W',3),(13961,27,6,187,'M',2),(13962,27,14,187,'W',2),(13963,27,14,187,'W',3),(13964,27,23,187,'W',3),(13965,27,9,182,'W',2),(13966,27,15,182,'M',2),(13967,27,18,182,'M',3),(13968,27,18,182,'M',3),(13969,27,NULL,182,'M',2),(13970,27,28,182,'W',2),(13971,27,30,182,'M',3),(13972,27,30,182,'M',1),(13973,27,7,181,'M',3),(13974,27,7,181,'M',3),(13975,27,NULL,181,'W',3),(13976,27,NULL,181,'W',2),(13977,27,8,179,'M',2),(13978,27,9,179,'M',1),(13979,27,24,179,'M',2),(13980,27,28,179,'W',1),(13981,27,19,174,'M',3),(13982,27,23,174,'W',1),(13983,27,NULL,174,'M',3),(13984,27,NULL,174,'W',2),(13985,27,1,170,'M',2),(13986,27,2,170,'M',3),(13987,27,17,170,'W',1),(13988,27,NULL,170,'M',3),(13989,27,25,167,'W',3),(13990,27,25,167,'W',3),(13991,27,1,162,'W',1),(13992,27,1,162,'W',1),(13993,27,1,162,'W',2),(13994,27,1,162,'W',1),(13995,27,1,162,'W',3),(13996,27,1,162,'W',3),(13997,27,1,162,'M',1),(13998,27,1,162,'W',1),(13999,27,1,162,'W',3),(14000,27,1,162,'W',2),(14001,27,1,162,'W',3),(14002,27,1,162,'W',3),(14003,27,3,162,'W',3),(14004,27,5,162,'M',3),(14005,27,6,162,'M',3),(14006,27,6,162,'M',3),(14007,27,6,162,'W',2),(14008,27,6,162,'M',3),(14009,27,6,162,'M',1),(14010,27,6,162,'W',2),(14011,27,7,162,'M',3),(14012,27,7,162,'M',3),(14013,27,7,162,'M',1),(14014,27,8,162,'W',3),(14015,27,8,162,'W',3),(14016,27,10,162,'W',2),(14017,27,10,162,'M',3),(14018,27,10,162,'W',2),(14019,27,13,162,'M',3),(14020,27,13,162,'W',3),(14021,27,13,162,'W',2),(14022,27,13,162,'W',3),(14023,27,13,162,'W',2),(14024,27,13,162,'W',1),(14025,27,13,162,'M',2),(14026,27,13,162,'W',3),(14027,27,13,162,'W',1),(14028,27,13,162,'W',1),(14029,27,13,162,'W',2),(14030,27,13,162,'M',2),(14031,27,14,162,'M',3),(14032,27,14,162,'W',2),(14033,27,14,162,'W',2),(14034,27,17,162,'M',1),(14035,27,17,162,'M',2),(14036,27,17,162,'M',1),(14037,27,17,162,'M',3),(14038,27,17,162,'M',1),(14039,27,18,162,'M',3),(14040,27,18,162,'M',1),(14041,27,18,162,'W',3),(14042,27,18,162,'W',1),(14043,27,18,162,'M',3),(14044,27,18,162,'M',3),(14045,27,18,162,'M',3),(14046,27,18,162,'M',1),(14047,27,18,162,'M',1),(14048,27,18,162,'M',2),(14049,27,19,162,'M',1),(14050,27,19,162,'M',2),(14051,27,19,162,'M',2),(14052,27,19,162,'W',2),(14053,27,19,162,'W',3),(14054,27,19,162,'M',3),(14055,27,19,162,'W',1),(14056,27,19,162,'W',1),(14057,27,23,162,'M',3),(14058,27,23,162,'W',3),(14059,27,24,162,'W',3),(14060,27,24,162,'W',2),(14061,27,NULL,162,'M',3),(14062,27,29,162,'M',1),(14063,27,1,161,'W',2),(14064,27,2,161,'M',1),(14065,27,7,161,'W',3),(14066,27,19,161,'M',1),(14067,27,19,161,'M',2),(14068,27,19,161,'M',1),(14069,27,10,160,'M',2),(14070,27,13,160,'W',2),(14071,27,13,160,'W',3),(14072,27,13,160,'W',1),(14073,27,14,160,'M',3),(14074,27,14,160,'W',2),(14075,27,17,160,'W',2),(14076,27,17,160,'W',2),(14077,27,NULL,160,'M',1),(14078,27,1,158,'M',3),(14079,27,NULL,158,'M',3),(14080,27,1,157,'M',3),(14081,27,18,157,'M',2),(14082,27,14,156,'W',3),(14083,27,14,156,'M',1),(14084,27,14,156,'M',1),(14085,27,14,156,'W',1),(14086,27,17,156,'W',1),(14087,27,18,156,'M',3),(14088,27,7,155,'M',2),(14089,27,1,154,'W',1),(14090,27,1,154,'M',1),(14091,27,2,154,'W',3),(14092,27,7,154,'W',3),(14093,27,14,154,'M',3),(14094,27,14,154,'M',1),(14095,27,18,154,'M',3),(14096,27,NULL,154,'W',2),(14097,27,30,154,'M',3),(14098,27,30,154,'W',3),(14099,27,1,143,'W',1),(14100,27,2,143,'M',1),(14101,27,2,143,'W',3),(14102,27,2,143,'M',1),(14103,27,2,143,'M',3),(14104,27,2,143,'M',1),(14105,27,7,143,'W',1),(14106,27,8,143,'W',2),(14107,27,8,143,'M',3),(14108,27,8,143,'M',3),(14109,27,9,143,'M',3),(14110,27,9,143,'W',3),(14111,27,9,143,'M',3),(14112,27,30,143,'W',1),(14113,27,30,143,'M',2),(14114,27,7,141,'M',1),(14115,27,8,141,'M',3),(14116,27,10,141,'M',2),(14117,27,15,141,'W',1),(14118,27,2,137,'W',3),(14119,27,8,137,'W',3),(14120,27,8,137,'W',1),(14121,27,8,137,'M',3),(14122,27,9,137,'W',2),(14123,27,9,137,'W',3),(14124,27,9,137,'M',3),(14125,27,9,137,'W',3),(14126,27,9,137,'M',2),(14127,27,9,137,'M',2),(14128,27,13,137,'M',1),(14129,27,16,137,'M',2),(14130,27,16,137,'W',1),(14131,27,17,137,'W',3),(14132,27,17,137,'M',3),(14133,27,19,137,'W',1),(14134,27,19,137,'W',2),(14135,27,19,137,'W',1),(14136,27,19,137,'W',3),(14137,27,30,137,'W',3),(14138,27,30,137,'W',2),(14139,27,30,137,'M',1),(14140,27,15,129,'W',2),(14141,27,6,124,'M',2),(14142,27,6,124,'M',3),(14143,27,17,124,'M',3),(14144,27,17,124,'M',2),(14145,27,18,124,'W',3),(14146,27,11,123,'M',1),(14147,27,19,123,'W',3),(14148,27,19,123,'M',2),(14149,27,19,123,'W',2),(14150,27,23,123,'W',3),(14151,27,26,123,'W',2),(14152,27,26,123,'W',3),(14153,27,3,119,'M',2),(14154,27,19,119,'W',3),(14155,27,1,118,'M',3),(14156,27,6,115,'M',3),(14157,27,7,115,'M',2),(14158,27,18,115,'M',3),(14159,27,19,115,'W',1),(14160,27,20,115,'W',1),(14161,27,8,108,'M',1),(14162,27,29,108,'M',3),(14163,27,NULL,106,'M',3),(14164,27,9,105,'M',3),(14165,27,3,104,'M',3),(14166,27,6,104,'M',2),(14167,27,10,104,'M',3),(14168,27,10,104,'W',2),(14169,27,10,104,'M',3),(14170,27,10,104,'W',3),(14171,27,10,104,'W',1),(14172,27,10,104,'M',1),(14173,27,11,104,'M',3),(14174,27,13,104,'M',1),(14175,27,14,104,'W',3),(14176,27,14,104,'M',3),(14177,27,17,104,'M',3),(14178,27,17,104,'M',1),(14179,27,17,104,'M',1),(14180,27,18,104,'M',1),(14181,27,19,104,'M',2),(14182,27,19,104,'M',2),(14183,27,23,104,'M',2),(14184,27,23,104,'W',1),(14185,27,25,104,'M',2),(14186,27,NULL,104,'M',1),(14187,27,NULL,104,'W',1),(14188,27,NULL,104,'M',1),(14189,27,NULL,104,'M',2),(14190,27,NULL,104,'M',2),(14191,27,26,104,'M',1),(14192,27,26,104,'W',1),(14193,27,26,104,'M',3),(14194,27,26,104,'W',1),(14195,27,1,100,'W',2),(14196,27,1,100,'W',3),(14197,27,1,100,'M',1),(14198,27,1,100,'M',3),(14199,27,1,100,'W',3),(14200,27,1,100,'M',3),(14201,27,1,100,'W',2),(14202,27,1,100,'M',1),(14203,27,1,100,'M',3),(14204,27,1,100,'M',2),(14205,27,1,100,'M',3),(14206,27,1,100,'W',2),(14207,27,1,99,'W',1),(14208,27,6,99,'M',3),(14209,27,6,99,'M',1),(14210,27,6,99,'M',2),(14211,27,6,99,'W',3),(14212,27,8,99,'M',1),(14213,27,14,99,'W',3),(14214,27,18,99,'M',3),(14215,27,18,99,'W',3),(14216,27,18,99,'M',3),(14217,27,1,98,'M',3),(14218,27,3,98,'W',2),(14219,27,6,98,'M',3),(14220,27,6,98,'M',1),(14221,27,10,98,'M',2),(14222,27,11,98,'W',2),(14223,27,13,98,'M',2),(14224,27,13,98,'M',1),(14225,27,13,98,'M',2),(14226,27,14,98,'W',2),(14227,27,17,98,'M',2),(14228,27,17,98,'W',2),(14229,27,17,98,'W',1),(14230,27,17,98,'W',3),(14231,27,17,98,'M',3),(14232,27,17,98,'M',2),(14233,27,17,98,'M',3),(14234,27,18,98,'W',1),(14235,27,18,98,'M',3),(14236,27,18,98,'W',1),(14237,27,18,98,'W',1),(14238,27,18,98,'M',1),(14239,27,18,98,'M',3),(14240,27,19,98,'M',3),(14241,27,19,98,'W',3),(14242,27,19,98,'W',3),(14243,27,19,98,'M',2),(14244,27,19,98,'M',3),(14245,27,19,98,'W',2),(14246,27,19,98,'M',3),(14247,27,19,98,'W',3),(14248,27,19,98,'M',3),(14249,27,19,98,'M',2),(14250,27,19,98,'W',3),(14251,27,25,98,'W',2),(14252,27,26,98,'M',2),(14253,27,26,98,'W',3),(14254,27,29,98,'W',3),(14255,27,1,96,'M',1),(14256,27,1,96,'M',2),(14257,27,1,96,'W',1),(14258,27,1,96,'W',3),(14259,27,1,96,'M',3),(14260,27,1,96,'M',1),(14261,27,1,96,'M',2),(14262,27,1,96,'M',3),(14263,27,1,96,'W',2),(14264,27,1,96,'M',1),(14265,27,1,96,'W',2),(14266,27,1,96,'W',3),(14267,27,1,94,'M',3),(14268,27,2,94,'M',2),(14269,27,6,94,'M',2),(14270,27,6,94,'M',3),(14271,27,6,94,'M',2),(14272,27,7,94,'M',1),(14273,27,8,94,'M',3),(14274,27,10,94,'W',1),(14275,27,10,94,'W',2),(14276,27,10,94,'W',3),(14277,27,10,94,'M',1),(14278,27,10,94,'W',1),(14279,27,10,94,'M',2),(14280,27,10,94,'M',3),(14281,27,13,94,'M',3),(14282,27,13,94,'W',3),(14283,27,17,94,'W',3),(14284,27,19,94,'W',3),(14285,27,19,94,'M',2),(14286,27,23,94,'M',1),(14287,27,23,94,'M',3),(14288,27,NULL,94,'M',2),(14289,27,NULL,94,'M',2),(14290,27,NULL,94,'M',1),(14291,27,NULL,94,'M',2),(14292,27,NULL,94,'W',1),(14293,27,26,94,'M',1),(14294,27,29,94,'M',3),(14295,27,1,89,'M',3),(14296,27,6,89,'M',3),(14297,27,6,89,'M',3),(14298,27,6,89,'M',2),(14299,27,6,89,'W',1),(14300,27,9,89,'M',3),(14301,27,1,88,'M',2),(14302,27,14,88,'M',1),(14303,27,14,88,'M',2),(14304,27,14,88,'M',2),(14305,27,14,88,'M',2),(14306,27,14,88,'M',1),(14307,27,18,88,'M',3),(14308,27,18,88,'M',2),(14309,27,18,88,'M',3),(14310,27,18,88,'M',1),(14311,27,18,88,'M',1),(14312,27,18,88,'M',1),(14313,27,23,88,'M',2),(14314,27,3,87,'W',3),(14315,27,6,87,'W',3),(14316,27,18,87,'M',3),(14317,27,18,87,'M',2),(14318,27,NULL,87,'M',3),(14319,27,NULL,87,'M',2),(14320,27,14,86,'W',2),(14321,27,14,86,'M',3),(14322,27,14,86,'M',2),(14323,27,1,85,'M',1),(14324,27,7,85,'W',3),(14325,27,7,85,'W',1),(14326,27,7,85,'M',1),(14327,27,7,85,'W',2),(14328,27,7,85,'M',2),(14329,27,7,85,'W',1),(14330,27,10,85,'M',1),(14331,27,13,85,'M',1),(14332,27,17,85,'W',3),(14333,27,17,85,'M',2),(14334,27,18,85,'M',3),(14335,27,18,85,'M',3),(14336,27,18,85,'M',2),(14337,27,19,85,'W',1),(14338,27,19,85,'M',1),(14339,27,19,85,'M',3),(14340,27,20,85,'M',3),(14341,27,8,83,'W',3),(14342,27,1,78,'M',2),(14343,27,1,77,'M',1),(14344,27,2,76,'W',3),(14345,27,17,76,'M',3),(14346,27,1,74,'M',1),(14347,27,1,74,'W',2),(14348,27,1,74,'W',2),(14349,27,1,74,'W',2),(14350,27,1,74,'W',3),(14351,27,1,74,'M',2),(14352,27,1,74,'M',3),(14353,27,1,74,'M',2),(14354,27,2,74,'M',1),(14355,27,2,74,'M',1),(14356,27,2,74,'W',2),(14357,27,7,74,'M',2),(14358,27,7,74,'M',3),(14359,27,7,74,'M',1),(14360,27,7,74,'M',1),(14361,27,7,74,'M',3),(14362,27,7,74,'M',3),(14363,27,7,74,'W',1),(14364,27,7,74,'W',2),(14365,27,8,74,'M',2),(14366,27,8,74,'W',2),(14367,27,8,74,'M',2),(14368,27,8,74,'M',3),(14369,27,8,74,'W',1),(14370,27,8,74,'W',2),(14371,27,9,74,'W',2),(14372,27,9,74,'M',1),(14373,27,9,74,'W',3),(14374,27,9,74,'W',1),(14375,27,9,74,'M',1),(14376,27,9,74,'W',1),(14377,27,9,74,'M',1),(14378,27,10,74,'W',2),(14379,27,10,74,'M',3),(14380,27,13,74,'M',2),(14381,27,13,74,'M',2),(14382,27,13,74,'M',2),(14383,27,16,74,'M',1),(14384,27,17,74,'M',3),(14385,27,17,74,'W',2),(14386,27,17,74,'M',2),(14387,27,17,74,'M',3),(14388,27,19,74,'M',2),(14389,27,23,74,'W',3),(14390,27,25,74,'M',3),(14391,27,25,74,'M',3),(14392,27,29,74,'M',1),(14393,27,17,72,'M',1),(14394,27,18,72,'M',2),(14395,27,18,72,'M',2),(14396,27,18,72,'M',3),(14397,27,18,72,'M',3),(14398,27,18,72,'M',2),(14399,27,18,72,'M',3),(14400,27,1,70,'M',1),(14401,27,1,70,'W',2),(14402,27,1,70,'M',1),(14403,27,1,70,'W',1),(14404,27,1,70,'M',3),(14405,27,1,70,'M',1),(14406,27,2,70,'M',1),(14407,27,2,70,'M',3),(14408,27,2,70,'W',1),(14409,27,2,70,'W',1),(14410,27,2,70,'M',3),(14411,27,2,70,'M',2),(14412,27,2,70,'M',2),(14413,27,2,70,'W',1),(14414,27,2,70,'M',3),(14415,27,6,70,'M',1),(14416,27,6,70,'W',1),(14417,27,6,70,'M',1),(14418,27,6,70,'M',2),(14419,27,6,70,'M',3),(14420,27,7,70,'M',1),(14421,27,7,70,'M',2),(14422,27,7,70,'M',1),(14423,27,7,70,'M',3),(14424,27,8,70,'W',2),(14425,27,8,70,'M',1),(14426,27,8,70,'M',3),(14427,27,8,70,'M',1),(14428,27,8,70,'W',1),(14429,27,8,70,'M',3),(14430,27,8,70,'W',1),(14431,27,8,70,'M',1),(14432,27,8,70,'W',2),(14433,27,8,70,'M',1),(14434,27,8,70,'W',1),(14435,27,8,70,'M',1),(14436,27,9,70,'W',1),(14437,27,9,70,'W',3),(14438,27,9,70,'W',1),(14439,27,9,70,'M',1),(14440,27,9,70,'W',2),(14441,27,9,70,'M',2),(14442,27,9,70,'W',2),(14443,27,9,70,'M',1),(14444,27,13,70,'M',2),(14445,27,13,70,'M',3),(14446,27,13,70,'M',3),(14447,27,13,70,'W',3),(14448,27,16,70,'W',3),(14449,27,17,70,'W',3),(14450,27,17,70,'W',2),(14451,27,19,70,'M',3),(14452,27,19,70,'M',2),(14453,27,19,70,'W',3),(14454,27,19,70,'W',3),(14455,27,20,70,'W',2),(14456,27,23,70,'W',1),(14457,27,23,70,'M',3),(14458,27,24,70,'M',2),(14459,27,24,70,'W',2),(14460,27,24,70,'M',1),(14461,27,NULL,70,'M',1),(14462,27,28,70,'M',1),(14463,27,28,70,'M',3),(14464,27,30,70,'M',2),(14465,27,30,70,'W',2),(14466,27,30,70,'M',1),(14467,27,30,70,'M',2),(14468,27,30,70,'M',2),(14469,27,23,68,'M',2),(14470,27,1,66,'M',2),(14471,27,1,66,'M',3),(14472,27,1,66,'M',1),(14473,27,2,66,'M',2),(14474,27,5,66,'W',2),(14475,27,7,66,'M',1),(14476,27,7,66,'W',1),(14477,27,8,66,'M',2),(14478,27,8,66,'M',2),(14479,27,8,66,'M',2),(14480,27,8,66,'W',1),(14481,27,13,66,'M',3),(14482,27,15,66,'M',1),(14483,27,17,66,'M',1),(14484,27,17,66,'W',3),(14485,27,17,66,'W',3),(14486,27,17,66,'W',3),(14487,27,17,66,'W',1),(14488,27,17,66,'M',3),(14489,27,17,66,'W',3),(14490,27,18,66,'M',3),(14491,27,19,66,'M',1),(14492,27,19,66,'W',2),(14493,27,19,66,'W',1),(14494,27,19,66,'M',1),(14495,27,19,66,'M',2),(14496,27,19,66,'W',3),(14497,27,19,66,'M',1),(14498,27,23,66,'W',2),(14499,27,23,66,'W',3),(14500,27,24,66,'M',2),(14501,27,24,66,'M',3),(14502,27,NULL,66,'W',2),(14503,27,NULL,66,'W',3),(14504,27,30,66,'M',3),(14505,27,1,65,'M',2),(14506,27,30,65,'W',3),(14507,27,30,65,'W',2),(14508,27,1,63,'M',3),(14509,27,1,63,'W',1),(14510,27,1,63,'W',2),(14511,27,1,63,'M',2),(14512,27,1,63,'W',1),(14513,27,1,63,'W',3),(14514,27,1,63,'W',1),(14515,27,1,62,'M',3),(14516,27,18,62,'M',2),(14517,27,5,61,'M',2),(14518,27,7,61,'W',3),(14519,27,7,61,'M',2),(14520,27,7,61,'M',2),(14521,27,14,61,'W',1),(14522,27,15,61,'W',3),(14523,27,18,61,'W',3),(14524,27,19,61,'W',2),(14525,27,19,61,'W',2),(14526,27,19,61,'W',2),(14527,27,19,61,'W',3),(14528,27,19,61,'W',2),(14529,27,23,61,'W',2),(14530,27,23,61,'M',1),(14531,27,23,61,'M',2),(14532,27,28,61,'M',2),(14533,27,30,61,'W',1),(14534,27,30,61,'W',1),(14535,27,10,58,'M',2),(14536,27,14,58,'W',2),(14537,27,14,58,'M',3),(14538,27,18,58,'M',2),(14539,27,1,56,'M',2),(14540,27,1,56,'M',1),(14541,27,2,53,'M',3),(14542,27,2,53,'M',1),(14543,27,2,53,'W',2),(14544,27,3,53,'M',2),(14545,27,3,53,'M',3),(14546,27,3,53,'W',3),(14547,27,8,53,'M',1),(14548,27,NULL,53,'M',2),(14549,27,30,53,'M',3),(14550,27,30,53,'M',2),(14551,27,1,52,'W',3),(14552,27,1,52,'M',3),(14553,27,1,52,'W',1),(14554,27,2,52,'M',2),(14555,27,2,52,'W',1),(14556,27,7,52,'M',2),(14557,27,7,52,'M',3),(14558,27,8,52,'M',1),(14559,27,20,52,'M',1),(14560,27,24,52,'W',2),(14561,27,NULL,52,'W',3),(14562,27,30,51,'M',2),(14563,27,1,50,'M',3),(14564,27,1,50,'W',3),(14565,27,1,50,'W',2),(14566,27,6,50,'M',1),(14567,27,6,50,'M',3),(14568,27,6,50,'M',3),(14569,27,6,50,'M',1),(14570,27,14,50,'M',3),(14571,27,17,50,'W',1),(14572,27,17,50,'W',2),(14573,27,17,50,'M',2),(14574,27,18,50,'M',3),(14575,27,18,50,'M',1),(14576,27,23,50,'M',3),(14577,27,NULL,50,'M',1),(14578,27,1,49,'W',1),(14579,27,2,49,'M',2),(14580,27,15,49,'M',3),(14581,27,19,49,'M',1),(14582,27,23,49,'W',3),(14583,27,NULL,49,'M',1),(14584,27,1,44,'W',2),(14585,27,8,44,'M',3),(14586,27,8,44,'W',1),(14587,27,8,44,'M',2),(14588,27,14,44,'M',2),(14589,27,17,44,'W',3),(14590,27,18,44,'W',3),(14591,27,23,44,'M',3),(14592,27,14,41,'W',3),(14593,27,1,39,'W',2),(14594,27,1,39,'W',3),(14595,27,1,39,'M',1),(14596,27,1,39,'M',3),(14597,27,1,39,'M',2),(14598,27,1,39,'W',2),(14599,27,1,39,'W',3),(14600,27,1,39,'W',2),(14601,27,1,39,'W',3),(14602,27,2,39,'W',2),(14603,27,3,39,'M',1),(14604,27,3,39,'W',1),(14605,27,3,39,'M',1),(14606,27,3,39,'W',1),(14607,27,3,39,'W',2),(14608,27,3,39,'M',2),(14609,27,3,39,'M',1),(14610,27,3,39,'M',3),(14611,27,3,39,'W',1),(14612,27,3,39,'W',2),(14613,27,6,39,'M',1),(14614,27,6,39,'W',2),(14615,27,6,39,'W',3),(14616,27,8,39,'W',2),(14617,27,8,39,'W',3),(14618,27,8,39,'W',2),(14619,27,10,39,'W',3),(14620,27,10,39,'W',1),(14621,27,10,39,'M',1),(14622,27,13,39,'W',1),(14623,27,13,39,'W',2),(14624,27,13,39,'M',1),(14625,27,13,39,'M',3),(14626,27,13,39,'M',1),(14627,27,13,39,'M',2),(14628,27,13,39,'M',1),(14629,27,13,39,'W',2),(14630,27,13,39,'M',1),(14631,27,13,39,'M',3),(14632,27,13,39,'W',2),(14633,27,13,39,'W',3),(14634,27,14,39,'W',1),(14635,27,14,39,'W',1),(14636,27,14,39,'M',2),(14637,27,14,39,'W',1),(14638,27,14,39,'M',1),(14639,27,14,39,'M',1),(14640,27,14,39,'M',2),(14641,27,17,39,'W',3),(14642,27,17,39,'W',2),(14643,27,18,39,'W',2),(14644,27,19,39,'M',2),(14645,27,19,39,'W',1),(14646,27,19,39,'M',2),(14647,27,19,39,'M',3),(14648,27,19,39,'W',1),(14649,27,19,39,'W',2),(14650,27,19,39,'M',1),(14651,27,19,39,'W',1),(14652,27,19,39,'M',1),(14653,27,19,39,'W',1),(14654,27,19,39,'W',2),(14655,27,19,39,'W',3),(14656,27,19,39,'M',1),(14657,27,19,39,'W',1),(14658,27,19,39,'M',2),(14659,27,19,39,'W',1),(14660,27,19,39,'M',1),(14661,27,19,39,'W',1),(14662,27,19,39,'W',3),(14663,27,19,39,'M',3),(14664,27,19,39,'W',3),(14665,27,19,39,'W',2),(14666,27,20,39,'M',2),(14667,27,23,39,'W',1),(14668,27,23,39,'M',3),(14669,27,23,39,'W',2),(14670,27,25,39,'M',1),(14671,27,25,39,'M',2),(14672,27,25,39,'W',1),(14673,27,25,39,'W',2),(14674,27,25,39,'M',1),(14675,27,25,39,'W',1),(14676,27,NULL,39,'W',1),(14677,27,NULL,39,'W',1),(14678,27,NULL,39,'W',3),(14679,27,NULL,39,'W',2),(14680,27,NULL,39,'M',3),(14681,27,NULL,39,'M',3),(14682,27,NULL,39,'W',2),(14683,27,26,39,'M',3),(14684,27,26,39,'W',2),(14685,27,30,39,'W',1),(14686,27,1,34,'M',3),(14687,27,2,34,'M',2),(14688,27,2,34,'W',2),(14689,27,7,34,'M',3),(14690,27,7,34,'M',2),(14691,27,7,34,'M',3),(14692,27,8,34,'W',3),(14693,27,11,34,'W',3),(14694,27,13,34,'W',1),(14695,27,14,34,'W',3),(14696,27,17,34,'M',3),(14697,27,18,34,'W',3),(14698,27,18,34,'W',2),(14699,27,19,34,'W',3),(14700,27,19,34,'W',3),(14701,27,19,34,'M',3),(14702,27,19,34,'M',3),(14703,27,19,34,'M',2),(14704,27,6,30,'M',3),(14705,27,18,30,'W',2),(14706,27,1,28,'W',3),(14707,27,6,27,'W',3),(14708,27,6,27,'M',2),(14709,27,6,27,'M',3),(14710,27,11,27,'M',2),(14711,27,13,27,'M',1),(14712,27,17,27,'W',1),(14713,27,17,27,'M',3),(14714,27,17,27,'M',3),(14715,27,17,27,'W',3),(14716,27,19,27,'M',2),(14717,27,19,27,'M',3),(14718,27,20,27,'W',3),(14719,27,30,27,'M',3),(14720,27,29,27,'M',2),(14721,27,29,27,'W',3),(14722,27,29,27,'M',2),(14723,27,29,27,'W',1),(14724,27,1,26,'M',2),(14725,27,7,24,'M',2),(14726,27,7,24,'M',2),(14727,27,7,24,'W',3),(14728,27,13,24,'W',2),(14729,27,13,24,'W',3),(14730,27,19,24,'W',2),(14731,27,19,24,'W',2),(14732,27,24,24,'W',1),(14733,27,24,24,'M',1),(14734,27,24,24,'W',3),(14735,27,NULL,24,'M',1),(14736,27,17,18,'W',3),(14737,27,NULL,18,'M',2),(14738,27,30,18,'W',3),(14739,27,1,14,'M',1),(14740,27,6,13,'M',3),(14741,27,6,13,'M',3),(14742,27,14,13,'M',3),(14743,27,18,13,'W',2),(14744,27,18,13,'W',3),(14745,27,18,13,'M',1),(14746,27,18,13,'M',1),(14747,27,18,13,'M',3),(14748,27,18,13,'M',2),(14749,27,18,13,'M',3),(14750,27,1,11,'W',1),(14751,27,1,11,'M',1),(14752,27,1,11,'M',2),(14753,27,2,11,'M',2),(14754,27,2,11,'W',2),(14755,27,2,11,'W',2),(14756,27,2,11,'M',3),(14757,27,2,11,'W',3),(14758,27,5,11,'W',3),(14759,27,7,11,'W',2),(14760,27,7,11,'M',1),(14761,27,8,11,'M',2),(14762,27,8,11,'W',3),(14763,27,8,11,'M',3),(14764,27,8,11,'W',1),(14765,27,8,11,'M',2),(14766,27,8,11,'W',3),(14767,27,16,11,'M',3),(14768,27,19,11,'W',2),(14769,27,19,11,'W',2),(14770,27,19,11,'M',2),(14771,27,19,11,'W',3),(14772,27,19,11,'M',2),(14773,27,19,11,'W',3),(14774,27,19,11,'W',2),(14775,27,19,11,'W',1),(14776,27,19,11,'M',3),(14777,27,19,11,'W',2),(14778,27,19,11,'W',2),(14779,27,19,11,'W',3),(14780,27,28,11,'W',3),(14781,27,30,11,'M',1),(14782,27,30,11,'M',1),(14783,27,30,11,'W',2),(14784,27,30,11,'M',1),(14785,27,18,8,'M',2),(14786,27,18,8,'M',3),(14787,27,16,7,'W',2),(14788,27,23,7,'M',1),(14789,27,24,7,'M',3),(14790,27,30,7,'M',3),(14791,27,1,3,'M',1),(14792,27,23,1,'M',3),(14797,28,27,205,'M',1),(14798,28,6,202,'M',3),(14799,28,6,202,'M',3),(14800,28,6,202,'M',1),(14801,28,6,202,'M',1),(14802,28,6,202,'M',1),(14803,28,14,202,'M',1),(14804,28,17,202,'M',3),(14805,28,18,202,'M',3),(14806,28,1,201,'W',3),(14807,28,1,201,'W',3),(14808,28,1,201,'W',3),(14809,28,1,201,'W',1),(14810,28,1,201,'W',1),(14811,28,1,201,'W',1),(14812,28,1,201,'M',1),(14813,28,1,201,'M',1),(14814,28,1,201,'M',1),(14815,28,1,201,'M',1),(14816,28,1,201,'M',1),(14817,28,1,201,'W',1),(14818,28,1,201,'W',1),(14819,28,1,201,'W',1),(14820,28,1,201,'W',1),(14821,28,1,201,'W',1),(14822,28,1,201,'M',1),(14823,28,1,201,'W',1),(14824,28,1,201,'M',1),(14825,28,1,201,'W',1),(14826,28,1,201,'W',1),(14827,28,1,201,'W',1),(14828,28,1,201,'M',1),(14829,28,1,201,'M',1),(14830,28,1,201,'W',1),(14831,28,1,201,'W',1),(14832,28,1,201,'M',1),(14833,28,1,201,'W',1),(14834,28,1,201,'M',1),(14835,28,1,201,'M',1),(14836,28,1,201,'W',2),(14837,28,1,201,'W',2),(14838,28,1,201,'M',2),(14839,28,2,201,'W',1),(14840,28,2,201,'W',1),(14841,28,2,201,'W',1),(14842,28,2,201,'W',1),(14843,28,2,201,'W',1),(14844,28,2,201,'W',1),(14845,28,2,201,'W',1),(14846,28,2,201,'W',1),(14847,28,2,201,'W',1),(14848,28,5,201,'M',1),(14849,28,5,201,'W',1),(14850,28,5,201,'M',1),(14851,28,5,201,'W',1),(14852,28,5,201,'M',1),(14853,28,5,201,'W',1),(14854,28,5,201,'W',1),(14855,28,5,201,'M',1),(14856,28,5,201,'W',1),(14857,28,5,201,'M',1),(14858,28,5,201,'M',1),(14859,28,5,201,'W',1),(14860,28,5,201,'M',1),(14861,28,5,201,'M',1),(14862,28,5,201,'W',1),(14863,28,5,201,'M',1),(14864,28,5,201,'M',1),(14865,28,5,201,'M',1),(14866,28,5,201,'W',1),(14867,28,5,201,'W',1),(14868,28,5,201,'W',1),(14869,28,5,201,'W',1),(14870,28,5,201,'M',1),(14871,28,5,201,'W',1),(14872,28,6,201,'W',1),(14873,28,8,201,'W',1),(14874,28,8,201,'M',1),(14875,28,8,201,'W',2),(14876,28,9,201,'W',3),(14877,28,10,201,'W',3),(14878,28,10,201,'M',3),(14879,28,10,201,'W',3),(14880,28,10,201,'W',3),(14881,28,13,201,'W',3),(14882,28,13,201,'W',1),(14883,28,13,201,'W',1),(14884,28,13,201,'W',1),(14885,28,13,201,'W',1),(14886,28,13,201,'W',1),(14887,28,13,201,'W',1),(14888,28,13,201,'W',1),(14889,28,13,201,'W',1),(14890,28,17,201,'W',1),(14891,28,18,201,'W',1),(14892,28,18,201,'M',1),(14893,28,19,201,'M',3),(14894,28,19,201,'M',3),(14895,28,19,201,'M',3),(14896,28,19,201,'W',3),(14897,28,19,201,'M',1),(14898,28,19,201,'M',1),(14899,28,19,201,'W',1),(14900,28,19,201,'M',1),(14901,28,19,201,'W',1),(14902,28,19,201,'M',1),(14903,28,19,201,'M',1),(14904,28,19,201,'W',1),(14905,28,19,201,'W',1),(14906,28,19,201,'W',1),(14907,28,19,201,'M',1),(14908,28,19,201,'M',1),(14909,28,19,201,'M',1),(14910,28,19,201,'M',1),(14911,28,19,201,'M',1),(14912,28,19,201,'W',1),(14913,28,19,201,'M',1),(14914,28,19,201,'W',1),(14915,28,19,201,'W',1),(14916,28,19,201,'W',1),(14917,28,19,201,'M',1),(14918,28,19,201,'M',1),(14919,28,19,201,'W',1),(14920,28,19,201,'W',1),(14921,28,19,201,'W',1),(14922,28,19,201,'W',1),(14923,28,19,201,'W',1),(14924,28,19,201,'W',1),(14925,28,19,201,'W',1),(14926,28,19,201,'W',1),(14927,28,19,201,'M',1),(14928,28,19,201,'W',1),(14929,28,19,201,'W',1),(14930,28,19,201,'W',1),(14931,28,19,201,'W',1),(14932,28,19,201,'W',1),(14933,28,19,201,'M',1),(14934,28,19,201,'M',1),(14935,28,19,201,'M',1),(14936,28,19,201,'M',1),(14937,28,19,201,'W',1),(14938,28,19,201,'W',1),(14939,28,19,201,'M',1),(14940,28,19,201,'M',1),(14941,28,19,201,'M',1),(14942,28,19,201,'M',1),(14943,28,19,201,'M',1),(14944,28,19,201,'M',1),(14945,28,19,201,'M',1),(14946,28,19,201,'W',1),(14947,28,19,201,'W',1),(14948,28,19,201,'W',1),(14949,28,19,201,'M',1),(14950,28,19,201,'M',1),(14951,28,19,201,'W',1),(14952,28,19,201,'W',1),(14953,28,19,201,'W',1),(14954,28,19,201,'W',1),(14955,28,19,201,'W',1),(14956,28,19,201,'W',1),(14957,28,19,201,'W',2),(14958,28,19,201,'M',2),(14959,28,24,201,'W',1),(14960,28,24,201,'M',1),(14961,28,27,201,'W',1),(14962,28,28,201,'W',1),(14963,28,29,201,'W',3),(14964,28,29,201,'W',3),(14965,28,29,201,'M',3),(14966,28,29,201,'W',3),(14967,28,29,201,'W',3),(14968,28,29,201,'M',3),(14969,28,29,201,'W',3),(14970,28,1,199,'M',3),(14971,28,7,199,'M',3),(14972,28,7,199,'M',1),(14973,28,13,199,'M',1),(14974,28,18,199,'M',2),(14975,28,17,197,'M',3),(14976,28,18,195,'M',1),(14977,28,23,195,'W',3),(14978,28,10,194,'W',3),(14979,28,18,194,'W',3),(14980,28,1,193,'M',3),(14981,28,14,192,'W',1),(14982,28,26,192,'W',3),(14983,28,1,188,'M',1),(14984,28,14,187,'W',1),(14985,28,14,187,'W',1),(14986,28,23,187,'W',3),(14987,28,8,182,'W',1),(14988,28,11,182,'W',2),(14989,28,19,182,'W',1),(14990,28,1,181,'M',1),(14991,28,7,181,'M',1),(14992,28,7,181,'M',2),(14993,28,2,179,'M',1),(14994,28,2,179,'M',1),(14995,28,2,179,'M',1),(14996,28,2,179,'M',1),(14997,28,8,179,'M',1),(14998,28,8,179,'M',1),(14999,28,13,179,'W',3),(15000,28,24,179,'W',2),(15001,28,5,174,'W',3),(15002,28,5,174,'W',3),(15003,28,5,174,'M',2),(15004,28,5,174,'M',2),(15005,28,18,174,'M',1),(15006,28,19,174,'M',1),(15007,28,19,174,'M',1),(15008,28,19,174,'M',1),(15009,28,19,174,'M',1),(15010,28,19,174,'M',1),(15011,28,19,174,'M',1),(15012,28,19,174,'M',1),(15013,28,19,174,'M',1),(15014,28,19,174,'M',1),(15015,28,19,174,'M',1),(15016,28,19,174,'M',1),(15017,28,23,174,'W',2),(15018,28,29,174,'W',2),(15019,28,29,174,'W',2),(15020,28,29,174,'W',2),(15021,28,17,170,'W',3),(15022,28,17,170,'W',1),(15023,28,19,167,'M',1),(15024,28,6,162,'W',3),(15025,28,6,162,'M',1),(15026,28,7,162,'M',3),(15027,28,10,162,'M',1),(15028,28,10,162,'M',1),(15029,28,10,162,'W',1),(15030,28,10,162,'W',1),(15031,28,10,162,'W',1),(15032,28,10,162,'M',1),(15033,28,10,162,'W',1),(15034,28,10,162,'W',1),(15035,28,10,162,'W',1),(15036,28,13,162,'M',3),(15037,28,13,162,'M',3),(15038,28,13,162,'W',1),(15039,28,13,162,'M',2),(15040,28,13,162,'M',2),(15041,28,13,162,'M',2),(15042,28,15,162,'W',1),(15043,28,15,162,'W',1),(15044,28,15,162,'W',1),(15045,28,15,162,'W',1),(15046,28,15,162,'W',1),(15047,28,15,162,'W',1),(15048,28,15,162,'W',1),(15049,28,15,162,'W',1),(15050,28,15,162,'W',1),(15051,28,15,162,'W',1),(15052,28,15,162,'W',1),(15053,28,15,162,'W',1),(15054,28,15,162,'W',1),(15055,28,15,162,'W',1),(15056,28,15,162,'W',1),(15057,28,17,162,'M',1),(15058,28,17,162,'M',1),(15059,28,18,162,'W',3),(15060,28,18,162,'M',1),(15061,28,18,162,'M',1),(15062,28,18,162,'M',1),(15063,28,18,162,'M',1),(15064,28,19,162,'W',3),(15065,28,19,162,'W',3),(15066,28,19,162,'W',3),(15067,28,19,162,'W',3),(15068,28,19,162,'W',1),(15069,28,19,162,'W',1),(15070,28,19,162,'W',1),(15071,28,19,162,'W',1),(15072,28,19,162,'W',1),(15073,28,19,162,'W',1),(15074,28,19,162,'W',1),(15075,28,19,162,'W',1),(15076,28,19,162,'W',1),(15077,28,19,162,'W',1),(15078,28,20,162,'M',1),(15079,28,13,162,'W',1),(15080,28,13,162,'W',1),(15081,28,13,162,'W',1),(15082,28,13,162,'W',1),(15083,28,13,162,'W',1),(15084,28,13,162,'W',1),(15085,28,24,162,'W',1),(15086,28,24,162,'W',1),(15087,28,27,162,'W',2),(15088,28,1,161,'W',1),(15089,28,1,161,'M',1),(15090,28,2,161,'M',2),(15091,28,21,161,'M',3),(15092,28,21,161,'M',3),(15093,28,2,160,'W',3),(15094,28,2,160,'W',3),(15095,28,2,160,'W',3),(15096,28,10,160,'W',1),(15097,28,10,160,'W',1),(15098,28,10,160,'W',1),(15099,28,10,160,'W',1),(15100,28,1,158,'M',2),(15101,28,24,157,'W',1),(15102,28,13,156,'M',1),(15103,28,14,156,'W',1),(15104,28,14,156,'W',2),(15105,28,1,154,'W',1),(15106,28,2,154,'W',1),(15107,28,2,154,'W',1),(15108,28,1,143,'M',3),(15109,28,1,143,'M',3),(15110,28,1,143,'W',2),(15111,28,2,143,'M',1),(15112,28,2,143,'M',1),(15113,28,2,143,'M',1),(15114,28,2,143,'W',2),(15115,28,7,143,'W',3),(15116,28,7,143,'W',1),(15117,28,21,143,'W',2),(15118,28,21,143,'W',2),(15119,28,21,143,'W',2),(15120,28,30,143,'M',1),(15121,28,30,143,'M',1),(15122,28,30,143,'W',2),(15123,28,2,141,'M',3),(15124,28,2,141,'M',3),(15125,28,2,141,'M',3),(15126,28,2,141,'M',3),(15127,28,15,141,'W',3),(15128,28,15,141,'W',3),(15129,28,18,141,'M',3),(15130,28,23,140,'M',2),(15131,28,11,139,'M',3),(15132,28,2,137,'M',3),(15133,28,2,137,'M',3),(15134,28,2,137,'M',3),(15135,28,2,137,'W',1),(15136,28,2,137,'W',1),(15137,28,2,137,'W',2),(15138,28,2,137,'W',2),(15139,28,2,137,'W',2),(15140,28,8,137,'W',3),(15141,28,8,137,'W',1),(15142,28,8,137,'W',1),(15143,28,8,137,'M',2),(15144,28,13,137,'W',1),(15145,28,16,137,'W',2),(15146,28,17,137,'W',3),(15147,28,19,137,'W',1),(15148,28,19,137,'M',1),(15149,28,30,137,'W',1),(15150,28,30,137,'M',1),(15151,28,29,137,'M',3),(15152,28,3,119,'M',2),(15153,28,8,119,'M',3),(15154,28,19,119,'W',2),(15155,28,2,115,'W',3),(15156,28,2,115,'W',3),(15157,28,17,103,'W',1),(15158,28,10,104,'M',1),(15159,28,12,104,'W',1),(15160,28,14,104,'W',3),(15161,28,17,104,'M',2),(15162,28,23,104,'W',1),(15163,28,23,104,'W',1),(15164,28,26,104,'W',1),(15165,28,26,104,'W',1),(15166,28,26,104,'W',1),(15167,28,26,104,'W',1),(15168,28,26,104,'M',1),(15169,28,26,104,'M',1),(15170,28,26,104,'M',1),(15171,28,26,104,'M',1),(15172,28,27,104,'M',1),(15173,28,1,100,'W',3),(15174,28,1,100,'W',1),(15175,28,1,100,'W',1),(15176,28,1,100,'M',1),(15177,28,1,100,'M',1),(15178,28,1,100,'M',1),(15179,28,1,100,'W',1),(15180,28,1,100,'W',2),(15181,28,6,99,'M',1),(15182,28,14,99,'M',3),(15183,28,14,99,'M',3),(15184,28,14,99,'M',1),(15185,28,18,99,'W',3),(15186,28,19,99,'M',1),(15187,28,1,98,'M',3),(15188,28,1,98,'M',2),(15189,28,3,98,'W',1),(15190,28,3,98,'W',1),(15191,28,13,98,'M',1),(15192,28,13,98,'M',1),(15193,28,13,98,'M',1),(15194,28,13,98,'M',1),(15195,28,13,98,'M',1),(15196,28,13,98,'M',1),(15197,28,17,98,'M',3),(15198,28,17,98,'W',3),(15199,28,17,98,'M',1),(15200,28,17,98,'M',1),(15201,28,17,98,'W',1),(15202,28,18,98,'W',1),(15203,28,18,98,'W',1),(15204,28,18,98,'W',1),(15205,28,18,98,'W',1),(15206,28,19,98,'W',3),(15207,28,19,98,'M',1),(15208,28,19,98,'W',1),(15209,28,23,97,'M',1),(15210,28,1,96,'M',1),(15211,28,1,96,'M',1),(15212,28,1,96,'M',1),(15213,28,1,96,'M',1),(15214,28,1,96,'M',1),(15215,28,1,96,'M',1),(15216,28,1,96,'M',1),(15217,28,1,96,'M',1),(15218,28,1,96,'M',1),(15219,28,1,96,'W',1),(15220,28,1,96,'W',1),(15221,28,1,96,'M',2),(15222,28,1,96,'W',2),(15223,28,2,94,'M',3),(15224,28,2,94,'M',3),(15225,28,2,94,'M',3),(15226,28,8,94,'M',1),(15227,28,10,94,'M',1),(15228,28,17,94,'M',1),(15229,28,18,94,'M',3),(15230,28,19,94,'M',3),(15231,28,19,94,'M',3),(15232,28,19,94,'W',3),(15233,28,19,94,'M',3),(15234,28,19,94,'M',3),(15235,28,19,94,'M',1),(15236,28,19,94,'W',2),(15237,28,19,94,'W',2),(15238,28,19,94,'W',2),(15239,28,19,94,'W',2),(15240,28,27,94,'W',1),(15241,28,27,94,'M',1),(15242,28,27,94,'M',1),(15243,28,27,94,'M',1),(15244,28,27,94,'W',2),(15245,28,29,94,'M',2),(15246,28,29,94,'M',2),(15247,28,29,94,'M',2),(15248,28,14,88,'M',1),(15249,28,14,88,'M',1),(15250,28,18,88,'M',3),(15251,28,18,88,'M',1),(15252,28,23,88,'W',3),(15255,28,3,86,'M',1),(15256,28,3,86,'W',1),(15257,28,14,86,'W',2),(15258,28,7,85,'W',1),(15259,28,7,85,'W',1),(15260,28,7,85,'W',1),(15261,28,7,85,'W',1),(15262,28,7,85,'W',1),(15263,28,7,85,'W',1),(15264,28,7,85,'W',1),(15265,28,10,85,'M',3),(15266,28,10,85,'W',1),(15267,28,10,85,'M',1),(15268,28,19,85,'W',1),(15269,28,19,85,'W',1),(15270,28,19,85,'W',1),(15271,28,1,76,'W',1),(15272,28,13,76,'M',1),(15273,28,27,76,'W',1),(15274,28,1,74,'M',1),(15275,28,1,74,'M',1),(15276,28,2,74,'W',1),(15277,28,2,74,'M',1),(15278,28,2,74,'W',1),(15279,28,2,74,'W',1),(15280,28,2,74,'M',1),(15281,28,2,74,'M',1),(15282,28,2,74,'W',1),(15283,28,2,74,'M',1),(15284,28,7,74,'M',1),(15285,28,7,74,'M',1),(15286,28,7,74,'M',1),(15287,28,7,74,'M',1),(15288,28,7,74,'M',1),(15289,28,7,74,'M',1),(15290,28,7,74,'M',1),(15291,28,7,74,'M',1),(15292,28,7,74,'M',1),(15293,28,8,74,'W',3),(15294,28,8,74,'W',3),(15295,28,8,74,'W',1),(15296,28,9,74,'M',3),(15297,28,9,74,'M',3),(15298,28,9,74,'W',3),(15299,28,9,74,'W',1),(15300,28,9,74,'M',1),(15301,28,9,74,'M',1),(15302,28,9,74,'W',1),(15303,28,9,74,'W',1),(15304,28,9,74,'W',2),(15305,28,11,74,'W',1),(15306,28,11,74,'M',2),(15307,28,13,74,'M',1),(15308,28,15,74,'M',3),(15309,28,15,74,'M',3),(15310,28,15,74,'M',3),(15311,28,15,74,'M',3),(15312,28,16,74,'M',3),(15313,28,16,74,'W',3),(15314,28,16,74,'W',3),(15315,28,16,74,'M',3),(15316,28,16,74,'M',3),(15317,28,16,74,'M',3),(15318,28,16,74,'M',3),(15319,28,17,74,'W',3),(15320,28,25,74,'M',3),(15321,28,25,74,'M',3),(15322,28,27,74,'M',1),(15323,28,27,74,'W',1),(15324,28,27,74,'M',1),(15325,28,29,74,'W',1),(15326,28,29,74,'W',1),(15327,28,14,72,'M',3),(15328,28,14,72,'M',1),(15329,28,18,72,'M',3),(15330,28,18,72,'M',1),(15331,28,1,70,'W',3),(15332,28,1,70,'W',3),(15333,28,1,70,'M',1),(15334,28,1,70,'M',1),(15335,28,2,70,'M',1),(15336,28,2,70,'M',1),(15337,28,2,70,'W',1),(15338,28,2,70,'M',1),(15339,28,2,70,'M',1),(15340,28,2,70,'M',1),(15341,28,2,70,'M',1),(15342,28,2,70,'M',1),(15343,28,2,70,'M',1),(15344,28,2,70,'M',1),(15345,28,2,70,'M',1),(15346,28,2,70,'M',1),(15347,28,2,70,'M',1),(15348,28,2,70,'W',1),(15349,28,2,70,'M',1),(15350,28,2,70,'W',2),(15351,28,2,70,'W',2),(15352,28,6,70,'M',3),(15353,28,6,70,'W',1),(15354,28,7,70,'M',1),(15355,28,7,70,'M',1),(15356,28,8,70,'W',1),(15357,28,8,70,'W',1),(15358,28,8,70,'M',1),(15359,28,8,70,'M',1),(15360,28,8,70,'M',1),(15361,28,8,70,'M',1),(15362,28,8,70,'M',1),(15363,28,8,70,'M',1),(15364,28,8,70,'M',1),(15365,28,8,70,'W',1),(15366,28,8,70,'M',1),(15367,28,8,70,'W',1),(15368,28,8,70,'W',1),(15369,28,8,70,'M',1),(15370,28,8,70,'M',2),(15371,28,9,70,'W',1),(15372,28,9,70,'M',1),(15373,28,9,70,'W',2),(15374,28,12,70,'M',1),(15375,28,13,70,'W',3),(15376,28,13,70,'M',3),(15377,28,13,70,'M',3),(15378,28,13,70,'M',1),(15379,28,13,70,'M',1),(15380,28,16,70,'W',1),(15381,28,16,70,'W',1),(15382,28,16,70,'W',1),(15383,28,16,70,'W',1),(15384,28,16,70,'W',1),(15385,28,16,70,'W',1),(15386,28,16,70,'W',1),(15387,28,16,70,'W',1),(15388,28,16,70,'W',1),(15389,28,16,70,'W',1),(15390,28,16,70,'W',1),(15391,28,16,70,'W',1),(15392,28,16,70,'W',1),(15393,28,16,70,'W',1),(15394,28,16,70,'W',1),(15395,28,19,70,'M',1),(15396,28,19,70,'M',1),(15397,28,19,70,'M',1),(15398,28,19,70,'W',2),(15399,28,19,70,'W',2),(15400,28,21,70,'M',2),(15401,28,21,70,'M',2),(15402,28,21,70,'M',2),(15403,28,23,70,'W',3),(15404,28,23,70,'W',1),(15405,28,24,70,'M',1),(15406,28,28,70,'M',1),(15407,28,28,70,'M',2),(15408,28,30,70,'W',1),(15409,28,30,70,'W',1),(15410,28,30,70,'M',1),(15411,28,1,66,'M',3),(15412,28,2,66,'M',3),(15413,28,2,66,'M',1),(15414,28,2,66,'M',1),(15415,28,6,66,'M',3),(15416,28,6,66,'W',1),(15417,28,6,66,'M',1),(15418,28,7,66,'M',1),(15419,28,7,66,'M',2),(15420,28,8,66,'M',3),(15421,28,9,66,'M',1),(15422,28,9,66,'M',1),(15423,28,9,66,'M',1),(15424,28,9,66,'W',1),(15425,28,9,66,'M',1),(15426,28,9,66,'M',1),(15427,28,9,66,'M',1),(15428,28,9,66,'M',1),(15429,28,10,66,'M',1),(15430,28,10,66,'M',1),(15431,28,10,66,'M',1),(15432,28,10,66,'M',1),(15433,28,10,66,'M',2),(15434,28,15,66,'M',2),(15435,28,15,66,'W',2),(15436,28,15,66,'W',2),(15437,28,17,66,'W',1),(15438,28,17,66,'M',1),(15439,28,17,66,'W',2),(15440,28,30,66,'W',1),(15441,28,21,64,'M',1),(15442,28,21,64,'M',1),(15443,28,21,64,'M',1),(15444,28,21,64,'M',1),(15445,28,21,64,'M',1),(15446,28,21,64,'M',1),(15447,28,21,64,'M',1),(15448,28,21,64,'M',1),(15449,28,21,64,'M',1),(15450,28,21,64,'M',1),(15451,28,21,64,'M',1),(15452,28,21,64,'M',1),(15453,28,1,63,'W',3),(15454,28,1,63,'M',3),(15455,28,1,63,'W',1),(15456,28,2,62,'M',3),(15457,28,1,61,'W',1),(15458,28,3,61,'W',1),(15459,28,5,61,'M',3),(15460,28,5,61,'M',3),(15461,28,7,61,'W',1),(15462,28,7,61,'M',1),(15463,28,7,61,'M',1),(15464,28,7,61,'M',1),(15465,28,14,61,'W',3),(15466,28,19,61,'W',3),(15467,28,19,61,'W',1),(15468,28,13,61,'W',2),(15469,28,23,61,'W',2),(15470,28,24,61,'M',1),(15471,28,24,61,'M',1),(15472,28,2,53,'W',3),(15473,28,2,53,'M',2),(15474,28,3,53,'M',3),(15475,28,15,53,'M',1),(15476,28,15,53,'M',1),(15477,28,15,53,'M',1),(15478,28,15,53,'M',1),(15479,28,15,53,'M',1),(15480,28,15,53,'M',1),(15481,28,15,53,'M',1),(15482,28,15,53,'M',1),(15483,28,15,53,'M',1),(15484,28,15,53,'M',1),(15485,28,15,53,'M',1),(15486,28,15,53,'M',1),(15487,28,19,53,'W',3),(15488,28,19,53,'W',1),(15489,28,2,52,'M',3),(15490,28,7,52,'M',3),(15491,28,7,52,'M',3),(15492,28,17,52,'M',1),(15493,28,24,52,'M',3),(15494,28,24,52,'W',3),(15495,28,1,50,'W',3),(15496,28,6,50,'M',3),(15497,28,6,50,'M',3),(15498,28,6,50,'M',1),(15499,28,6,50,'M',1),(15500,28,6,50,'M',1),(15501,28,18,50,'M',1),(15502,28,18,50,'M',1),(15503,28,1,49,'W',3),(15504,28,1,49,'W',1),(15505,28,1,49,'W',1),(15506,28,2,49,'M',1),(15507,28,19,49,'M',2),(15508,28,19,49,'M',2),(15509,28,19,49,'M',2),(15510,28,19,49,'M',2),(15511,28,27,49,'M',1),(15512,28,30,49,'M',1),(15513,28,30,49,'M',1),(15514,28,1,44,'W',1),(15515,28,6,44,'W',3),(15516,28,8,44,'W',1),(15517,28,14,44,'M',1),(15518,28,17,44,'W',2),(15519,28,23,40,'M',1),(15520,28,1,39,'W',1),(15521,28,1,39,'M',1),(15522,28,1,39,'M',2),(15523,28,3,39,'M',3),(15524,28,3,39,'W',3),(15525,28,3,39,'M',1),(15526,28,3,39,'M',1),(15527,28,3,39,'M',1),(15528,28,8,39,'W',1),(15529,28,8,39,'W',1),(15530,28,10,39,'W',3),(15531,28,13,39,'W',3),(15532,28,13,39,'W',3),(15533,28,13,39,'M',3),(15534,28,13,39,'M',3),(15535,28,14,39,'W',1),(15536,28,14,39,'M',1),(15537,28,14,39,'W',1),(15538,28,14,39,'M',1),(15539,28,14,39,'W',1),(15540,28,17,39,'M',3),(15541,28,17,39,'W',3),(15542,28,18,39,'W',3),(15543,28,18,39,'W',3),(15544,28,19,39,'M',3),(15545,28,19,39,'M',3),(15546,28,19,39,'M',1),(15547,28,19,39,'M',1),(15548,28,19,39,'M',1),(15549,28,19,39,'W',1),(15550,28,19,39,'M',1),(15551,28,19,39,'W',1),(15552,28,19,39,'W',1),(15553,28,19,39,'W',1),(15554,28,19,39,'W',1),(15555,28,19,39,'M',1),(15556,28,19,39,'W',1),(15557,28,23,39,'M',1),(15558,28,23,39,'W',1),(15559,28,25,39,'W',1),(15560,28,25,39,'W',1),(15561,28,25,39,'W',1),(15562,28,25,39,'W',1),(15563,28,25,39,'M',1),(15564,28,25,39,'M',1),(15565,28,25,39,'M',1),(15566,28,25,39,'M',1),(15567,28,27,39,'W',3),(15568,28,27,39,'W',1),(15569,28,30,39,'W',2),(15570,28,29,39,'W',1),(15571,28,29,39,'W',1),(15572,28,29,39,'W',1),(15573,28,29,39,'W',1),(15574,28,29,39,'W',1),(15575,28,29,39,'W',1),(15576,28,29,39,'W',1),(15577,28,29,39,'W',1),(15578,28,29,39,'W',1),(15579,28,29,39,'W',1),(15580,28,29,39,'W',1),(15581,28,1,34,'M',3),(15582,28,1,34,'M',3),(15583,28,1,34,'W',3),(15584,28,1,34,'M',3),(15585,28,1,34,'M',1),(15586,28,8,34,'W',3),(15587,28,8,34,'W',3),(15588,28,11,34,'W',3),(15589,28,13,34,'W',1),(15590,28,18,34,'W',1),(15591,28,19,34,'W',3),(15592,28,19,34,'W',3),(15593,28,19,34,'W',3),(15594,28,19,34,'W',3),(15595,28,19,34,'W',3),(15596,28,19,34,'W',1),(15597,28,21,34,'W',3),(15598,28,21,34,'W',3),(15599,28,21,34,'W',3),(15600,28,21,34,'W',3),(15601,28,18,30,'W',3),(15602,28,13,30,'W',3),(15603,28,1,28,'W',1),(15604,28,1,27,'M',1),(15605,28,6,27,'M',1),(15606,28,11,27,'M',1),(15607,28,17,27,'W',1),(15608,28,30,27,'W',1),(15609,28,30,27,'W',1),(15610,28,29,27,'M',1),(15611,28,29,27,'M',1),(15612,28,29,27,'M',1),(15613,28,29,27,'M',1),(15614,28,29,27,'M',1),(15615,28,29,27,'M',1),(15616,28,29,27,'M',1),(15617,28,29,27,'M',1),(15618,28,29,27,'M',1),(15619,28,29,27,'M',1),(15620,28,29,27,'M',1),(15621,28,29,27,'M',1),(15622,28,29,27,'M',1),(15623,28,29,27,'W',2),(15624,28,29,27,'W',2),(15625,28,7,24,'W',3),(15626,28,13,24,'M',1),(15627,28,1,18,'W',1),(15628,28,8,18,'M',1),(15629,28,16,18,'M',2),(15630,28,16,18,'M',2),(15631,28,16,18,'M',2),(15632,28,16,18,'M',2),(15633,28,17,18,'M',3),(15634,28,1,14,'M',3),(15635,28,1,14,'W',1),(15636,28,23,13,'W',3),(15637,28,23,13,'M',3),(15638,28,23,13,'M',1),(15639,28,30,12,'M',3),(15640,28,1,11,'M',3),(15641,28,2,11,'W',1),(15642,28,2,11,'M',2),(15643,28,2,11,'M',2),(15644,28,7,11,'M',3),(15645,28,7,11,'M',3),(15646,28,8,11,'M',2),(15647,28,9,11,'M',3),(15648,28,9,11,'M',3),(15649,28,19,11,'M',3),(15650,28,19,11,'M',3),(15651,28,19,11,'M',3),(15652,28,19,11,'W',1),(15653,28,19,11,'M',1),(15654,28,19,11,'W',1),(15655,28,19,11,'M',1),(15656,28,19,11,'W',1),(15657,28,19,11,'W',1),(15658,28,19,11,'W',2),(15659,28,19,11,'W',2),(15660,28,19,11,'W',2),(15661,28,20,11,'W',1),(15662,28,21,11,'W',1),(15663,28,21,11,'W',1),(15664,28,21,11,'W',1),(15665,28,21,11,'W',1),(15666,28,21,11,'W',1),(15667,28,21,11,'W',1),(15668,28,21,11,'W',1),(15669,28,21,11,'W',1),(15670,28,21,11,'W',1),(15671,28,21,11,'W',1),(15672,28,21,11,'W',1),(15673,28,21,11,'W',1),(15674,28,26,11,'M',3),(15675,28,26,11,'M',3),(15676,28,27,11,'W',1),(15677,28,30,11,'M',1),(15678,28,30,11,'M',2),(15679,28,18,8,'M',1),(15680,28,18,8,'M',2),(15681,28,16,7,'M',1),(15682,28,16,7,'M',1),(15683,28,16,7,'M',1),(15684,28,16,7,'M',1),(15685,28,16,7,'M',1),(15686,28,16,7,'M',1),(15687,28,16,7,'M',1),(15688,28,16,7,'M',1),(15689,28,16,7,'M',1),(15690,28,16,7,'M',1),(15691,28,16,7,'M',1),(15692,28,16,7,'M',1),(15693,28,16,7,'M',1),(15694,28,16,7,'M',1),(15695,28,16,7,'M',1),(15696,28,16,7,'M',1),(15697,28,17,7,'W',1),(15698,28,30,7,'W',1),(15699,28,30,7,'M',1);
/*!40000 ALTER TABLE `result` ENABLE KEYS */;
UNLOCK TABLES;

--
-- Table structure for table `sport`
--

DROP TABLE IF EXISTS `sport`;
/*!40101 SET @saved_cs_client     = @@character_set_client */;
 SET character_set_client = utf8mb4 ;
CREATE TABLE `sport` (
  `id` int(10) unsigned NOT NULL AUTO_INCREMENT,
  `sport_name` varchar(100) NOT NULL,
  PRIMARY KEY (`id`),
  UNIQUE KEY `sport_sport_name_uindex` (`sport_name`)
) ENGINE=InnoDB AUTO_INCREMENT=43 DEFAULT CHARSET=utf8mb4 COLLATE=utf8mb4_0900_ai_ci;
/*!40101 SET character_set_client = @saved_cs_client */;

--
-- Dumping data for table `sport`
--

LOCK TABLES `sport` WRITE;
/*!40000 ALTER TABLE `sport` DISABLE KEYS */;
INSERT INTO `sport` VALUES (1,'Athlétisme'),(2,'Aviron'),(3,'Badminton'),(4,'Baseball'),(5,'Basket-ball'),(6,'Boxe'),(7,'Canoë-kayak'),(31,'Cricket'),(32,'Croquet'),(36,'Crosse'),(8,'Cyclisme'),(9,'Équitation'),(10,'Escrime'),(11,'Football'),(12,'Golf'),(13,'Gymnastique'),(14,'Haltérophilie'),(15,'Handball'),(16,'Hockey sur gazon'),(33,'Hockey sur glace'),(34,'Jeu de paume'),(35,'Jeu de raquettes'),(17,'Judo'),(18,'Lutte'),(37,'Motonautisme'),(19,'Natation'),(38,'Patinage artistique'),(39,'Pelote basque'),(20,'Pentathlon moderne'),(40,'Polo'),(41,'Roque'),(21,'Rugby'),(22,'Softball'),(23,'Taekwondo'),(24,'Tennis'),(25,'Tennis de table'),(26,'Tir à l\'arc'),(42,'Tir à la corde'),(27,'Tir sportif'),(28,'Triathlon'),(30,'Voile'),(29,'Volley-ball');
/*!40000 ALTER TABLE `sport` ENABLE KEYS */;
UNLOCK TABLES;

--
-- Table structure for table `sport_per_game`
--

DROP TABLE IF EXISTS `sport_per_game`;
/*!40101 SET @saved_cs_client     = @@character_set_client */;
 SET character_set_client = utf8mb4 ;
CREATE TABLE `sport_per_game` (
  `game_id` int(10) unsigned DEFAULT NULL,
  `sport_id` int(10) unsigned DEFAULT NULL,
  KEY `sport_by_game_game_id_fk` (`game_id`),
  KEY `sport_by_game_sport_id_fk` (`sport_id`),
  CONSTRAINT `sport_by_game_game_id_fk` FOREIGN KEY (`game_id`) REFERENCES `game` (`id`),
  CONSTRAINT `sport_by_game_sport_id_fk` FOREIGN KEY (`sport_id`) REFERENCES `sport` (`id`)
) ENGINE=InnoDB DEFAULT CHARSET=utf8mb4 COLLATE=utf8mb4_0900_ai_ci;
/*!40101 SET character_set_client = @saved_cs_client */;

--
-- Dumping data for table `sport_per_game`
--

LOCK TABLES `sport_per_game` WRITE;
/*!40000 ALTER TABLE `sport_per_game` DISABLE KEYS */;
INSERT INTO `sport_per_game` VALUES (1,1),(2,1),(3,1),(4,1),(5,1),(6,1),(7,1),(8,1),(9,1),(10,1),(11,1),(12,1),(13,1),(14,1),(15,1),(16,1),(17,1),(18,1),(19,1),(20,1),(21,1),(22,1),(23,1),(24,1),(25,1),(26,1),(27,1),(28,1),(2,2),(3,2),(4,2),(5,2),(6,2),(7,2),(8,2),(9,2),(10,2),(11,2),(12,2),(13,2),(14,2),(15,2),(16,2),(17,2),(18,2),(19,2),(20,2),(21,2),(22,2),(23,2),(24,2),(25,2),(26,2),(27,2),(28,2),(22,3),(23,3),(24,3),(25,3),(26,3),(27,3),(28,3),(22,4),(23,4),(24,4),(25,4),(26,4),(22,5),(23,5),(24,5),(25,5),(26,5),(3,6),(4,6),(6,6),(7,6),(8,6),(9,6),(10,6),(11,6),(12,6),(13,6),(14,6),(15,6),(16,6),(17,6),(18,6),(19,6),(20,6),(21,6),(22,6),(23,6),(24,6),(25,6),(26,6),(27,6),(28,6),(10,7),(11,7),(12,7),(13,7),(14,7),(15,7),(16,7),(17,7),(18,7),(19,7),(20,7),(21,7),(22,7),(23,7),(24,7),(25,7),(26,7),(27,7),(28,7),(1,8),(2,8),(3,8),(4,8),(5,8),(6,8),(7,8),(8,8),(9,8),(10,8),(11,8),(12,8),(13,8),(14,8),(15,8),(16,8),(17,8),(18,8),(19,8),(20,8),(21,8),(22,8),(23,8),(24,8),(25,8),(26,8),(27,8),(28,8),(2,9),(5,9),(6,9),(7,9),(8,9),(9,9),(10,9),(11,9),(12,9),(13,9),(14,9),(15,9),(16,9),(17,9),(18,9),(19,9),(20,9),(21,9),(22,9),(23,9),(24,9),(25,9),(26,9),(27,9),(28,9),(1,10),(2,10),(3,10),(4,10),(5,10),(6,10),(7,10),(8,10),(9,10),(10,10),(11,10),(12,10),(13,10),(14,10),(15,10),(16,10),(17,10),(18,10),(19,10),(20,10),(21,10),(22,10),(23,10),(24,10),(25,10),(26,10),(27,10),(28,10),(2,11),(3,11),(4,11),(5,11),(6,11),(7,11),(8,11),(10,11),(11,11),(12,11),(13,11),(14,11),(15,11),(16,11),(17,11),(18,11),(19,11),(20,11),(21,11),(22,11),(23,11),(24,11),(25,11),(26,11),(27,11),(28,11),(2,12),(3,12),(28,12),(1,13),(2,13),(3,13),(4,13),(5,13),(6,13),(7,13),(8,13),(9,13),(10,13),(11,13),(12,13),(13,13),(14,13),(15,13),(16,13),(17,13),(18,13),(19,13),(20,13),(21,13),(22,13),(23,13),(24,13),(25,13),(26,13),(27,13),(28,13),(1,14),(3,14),(6,14),(7,14),(8,14),(9,14),(10,14),(11,14),(12,14),(13,14),(14,14),(15,14),(16,14),(17,14),(18,14),(19,14),(20,14),(21,14),(22,14),(23,14),(24,14),(25,14),(26,14),(27,14),(28,14),(10,15),(17,15),(18,15),(19,15),(20,15),(21,15),(22,15),(23,15),(24,15),(25,15),(26,15),(27,15),(28,15),(4,16),(6,16),(8,16),(9,16),(10,16),(11,16),(12,16),(13,16),(14,16),(15,16),(16,16),(17,16),(18,16),(19,16),(20,16),(21,16),(22,16),(23,16),(24,16),(25,16),(26,16),(27,16),(28,16),(15,17),(17,17),(18,17),(19,17),(20,17),(21,17),(22,17),(23,17),(24,17),(25,17),(26,17),(27,17),(28,17),(1,18),(3,18),(4,18),(5,18),(6,18),(7,18),(8,18),(9,18),(10,18),(11,18),(12,18),(13,18),(14,18),(15,18),(16,18),(17,18),(18,18),(19,18),(20,18),(21,18),(22,18),(23,18),(24,18),(25,18),(26,18),(27,18),(28,18),(1,19),(2,19),(3,19),(4,19),(5,19),(6,19),(7,19),(8,19),(9,19),(10,19),(11,19),(12,19),(13,19),(14,19),(15,19),(16,19),(17,19),(18,19),(19,19),(20,19),(21,19),(22,19),(23,19),(24,19),(25,19),(26,19),(27,19),(28,19),(5,20),(6,20),(7,20),(8,20),(9,20),(10,20),(11,20),(12,20),(13,20),(14,20),(15,20),(16,20),(17,20),(18,20),(19,20),(20,20),(21,20),(22,20),(23,20),(24,20),(25,20),(26,20),(27,20),(28,20),(2,21),(4,21),(6,21),(7,21),(28,21),(23,22),(24,22),(25,22),(26,22),(24,23),(25,23),(26,23),(27,23),(28,23),(1,24),(2,24),(3,24),(4,24),(5,24),(6,24),(7,24),(21,24),(22,24),(23,24),(24,24),(25,24),(26,24),(27,24),(28,24),(21,25),(22,25),(23,25),(24,25),(25,25),(26,25),(27,25),(28,25),(2,26),(3,26),(4,26),(6,26),(17,26),(18,26),(19,26),(20,26),(21,26),(22,26),(23,26),(24,26),(25,26),(26,26),(27,26),(28,26),(1,27),(2,27),(4,27),(5,27),(6,27),(7,27),(9,27),(10,27),(11,27),(12,27),(13,27),(14,27),(15,27),(16,27),(17,27),(18,27),(19,27),(20,27),(21,27),(22,27),(23,27),(24,27),(25,27),(26,27),(27,27),(28,27),(24,28),(25,28),(26,28),(27,28),(28,28),(15,29),(16,29),(17,29),(18,29),(19,29),(20,29),(21,29),(22,29),(23,29),(24,29),(25,29),(26,29),(27,29),(28,29),(2,30),(4,30),(5,30),(6,30),(7,30),(8,30),(9,30),(10,30),(11,30),(12,30),(13,30),(14,30),(15,30),(16,30),(17,30),(18,30),(19,30),(20,30),(21,30),(22,30),(23,30),(24,30),(25,30),(26,30),(27,30),(28,30),(2,31),(2,32),(6,33),(4,34),(4,35),(3,36),(4,36),(4,37),(4,38),(6,38),(2,39),(2,40),(4,40),(6,40),(7,40),(3,41),(2,42),(3,42),(4,42),(5,42),(6,42);
/*!40000 ALTER TABLE `sport_per_game` ENABLE KEYS */;
UNLOCK TABLES;
/*!40103 SET TIME_ZONE=@OLD_TIME_ZONE */;

/*!40101 SET SQL_MODE=@OLD_SQL_MODE */;
/*!40014 SET FOREIGN_KEY_CHECKS=@OLD_FOREIGN_KEY_CHECKS */;
/*!40014 SET UNIQUE_CHECKS=@OLD_UNIQUE_CHECKS */;
/*!40101 SET CHARACTER_SET_CLIENT=@OLD_CHARACTER_SET_CLIENT */;
/*!40101 SET CHARACTER_SET_RESULTS=@OLD_CHARACTER_SET_RESULTS */;
/*!40101 SET COLLATION_CONNECTION=@OLD_COLLATION_CONNECTION */;
/*!40111 SET SQL_NOTES=@OLD_SQL_NOTES */;

-- Dump completed on 2019-05-20 13:51:40
